
Loading libraries, please wait...
2026-07-28 15:22:01,171 main WARN Disabling terminal, you're running in an unsupported environment.
[15:22:01 INFO]: Starting minecraft server version 1.12.2
[15:22:01 INFO]: Loading properties
[15:22:01 INFO]: Default game type: SURVIVAL
[15:22:01 INFO]: This server is running Paper version git-Paper-1620 (MC: 1.12.2) (Implementing API version 1.12.2-R0.1-SNAPSHOT)
[15:22:01 INFO]: Debug logging is disabled
[15:22:01 INFO]: Server Ping Player Sample Count: 12
[15:22:01 INFO]: Using 4 threads for Netty based IO
[15:22:01 INFO]: Generating keypair
[15:22:01 INFO]: Starting Minecraft server on *:25565
[15:22:01 INFO]: Using default channel type
[15:22:02 INFO]: Set PluginClassLoader as parallel capable
[15:22:02 INFO]: [Incision-Test-1.0.0] [DEBUG] 当前以调试模式运行。
[15:22:02 INFO]: [Incision-Test-1.0.0] [DEBUG] 基础依赖加载完成，用时 154 毫秒。
[15:22:02 INFO]: [Incision-Test-1.0.0] 正在下载依赖 io.izzel.taboolib:common-env:6.3.0-local-dev
[15:22:02 INFO]: [Incision-Test-1.0.0] [DEBUG] 从 common-env-6.3.0-local-dev-fae78078.jar 中加载 extra.properties 配置
[15:22:02 INFO]: [Incision-Test-1.0.0] 加载依赖 org.jetbrains.kotlin:kotlin-stdlib:2.3.0
[15:22:02 INFO]: [Incision-Test-1.0.0] 加载依赖 org.jetbrains.kotlin:kotlin-stdlib-jdk8:2.3.0
[15:22:02 INFO]: [Incision-Test-1.0.0] 加载依赖 org.jetbrains.kotlinx:kotlinx-coroutines-core-jvm:1.8.1
[15:22:02 INFO]: [Incision-Test-1.0.0] [DEBUG] RuntimeEnv 加载完成，用时 10 毫秒。
[15:22:02 INFO]: [Incision-Test-1.0.0] [DEBUG]  = 调用 top.maplex.incisiontest.taboolib.common.env.RuntimeEnv.init()
[15:22:02 INFO]: [Incision-Test-1.0.0] 正在下载依赖 io.izzel.taboolib:common-util:6.3.0-local-dev
[15:22:02 INFO]: [Incision-Test-1.0.0] [DEBUG] 从 common-util-6.3.0-local-dev-55516d5b.jar 中加载 extra.properties 配置
[15:22:02 INFO]: [Incision-Test-1.0.0] [DEBUG] ClassVisitorHandler 初始化完成。
[15:22:02 INFO]: [Incision-Test-1.0.0] [DEBUG]  = 调用 top.maplex.incisiontest.taboolib.common.inject.ClassVisitorHandler.init()
[15:22:02 INFO]: [Incision-Test-1.0.0] [DEBUG]  = 调用 top.maplex.incisiontest.taboolib.common.io.ProjectScannerKt.init()
[15:22:02 INFO]: [Incision-Test-1.0.0] 正在下载依赖 io.izzel.taboolib:common-legacy-api:6.3.0-local-dev
[15:22:02 INFO]: [Incision-Test-1.0.0] 正在下载依赖 io.izzel.taboolib:common-platform-api:6.3.0-local-dev
[15:22:02 INFO]: [Incision-Test-1.0.0] [DEBUG] 从 common-platform-api-6.3.0-local-dev-4f1aa33f.jar 中加载 extra.properties 配置
[15:22:02 INFO]: [Incision-Test-1.0.0] [DEBUG]  = 调用 top.maplex.incisiontest.taboolib.common.platform.PlatformFactory.init()
[15:22:02 INFO]: [Incision-Test-1.0.0] 正在下载依赖 io.izzel.taboolib:bukkit-xseries:6.3.0-local-dev
[15:22:02 INFO]: [Incision-Test-1.0.0] 正在下载依赖 io.izzel.taboolib:bukkit-nms:6.3.0-local-dev
[15:22:02 INFO]: [Incision-Test-1.0.0] [DEBUG] 从 bukkit-nms-6.3.0-local-dev-3d7d438f.jar 中加载 extra.properties 配置
[15:22:02 INFO]: [Incision-Test-1.0.0] [DEBUG] PaperClassFinder 已生效。
[15:22:02 INFO]: [Incision-Test-1.0.0] [DEBUG]  = 调用 top.maplex.incisiontest.taboolib.module.nms.MeteorReflection.init()
[15:22:02 INFO]: [Incision-Test-1.0.0] 正在下载依赖 io.izzel.taboolib:bukkit-ui:6.3.0-local-dev
[15:22:02 INFO]: [Incision-Test-1.0.0] 正在下载依赖 io.izzel.taboolib:bukkit-nms-stable:6.3.0-local-dev
[15:22:02 INFO]: [Incision-Test-1.0.0] 正在下载依赖 io.izzel.taboolib:minecraft-kether:6.3.0-local-dev
[15:22:02 INFO]: [Incision-Test-1.0.0] 正在下载依赖 io.izzel.taboolib:platform-bukkit-impl:6.3.0-local-dev
[15:22:02 INFO]: [Incision-Test-1.0.0] 正在下载依赖 io.izzel.taboolib:bukkit-hook:6.3.0-local-dev
[15:22:02 INFO]: [Incision-Test-1.0.0] 正在下载依赖 io.izzel.taboolib:bukkit-ui-legacy:6.3.0-local-dev
[15:22:02 INFO]: [Incision-Test-1.0.0] 正在下载依赖 io.izzel.taboolib:database:6.3.0-local-dev
[15:22:03 INFO]: [Incision-Test-1.0.0] 正在下载依赖 io.izzel.taboolib:bukkit-nms-legacy:6.3.0-local-dev
[15:22:03 INFO]: [Incision-Test-1.0.0] 正在下载依赖 io.izzel.taboolib:bukkit-nms-tag:6.3.0-local-dev
[15:22:03 INFO]: [Incision-Test-1.0.0] 正在下载依赖 io.izzel.taboolib:bukkit-ui-12100:6.3.0-local-dev
[15:22:03 INFO]: [Incision-Test-1.0.0] 正在下载依赖 io.izzel.taboolib:platform-bukkit:6.3.0-local-dev
[15:22:03 INFO]: [Incision-Test-1.0.0] 正在下载依赖 io.izzel.taboolib:bukkit-nms-tag-modern:6.3.0-local-dev
[15:22:03 INFO]: [Incision-Test-1.0.0] 正在下载依赖 io.izzel.taboolib:bukkit-nms-tag-legacy:6.3.0-local-dev
[15:22:03 INFO]: [Incision-Test-1.0.0] 正在下载依赖 io.izzel.taboolib:minecraft-command-helper:6.3.0-local-dev
[15:22:03 INFO]: [Incision-Test-1.0.0] 正在下载依赖 io.izzel.taboolib:incision:6.3.0-local-dev
[15:22:03 INFO]: [Incision-Test-1.0.0] 正在下载依赖 io.izzel.taboolib:bukkit-util:6.3.0-local-dev
[15:22:03 INFO]: [Incision-Test-1.0.0] 正在下载依赖 io.izzel.taboolib:minecraft-i18n:6.3.0-local-dev
[15:22:03 INFO]: [Incision-Test-1.0.0] 正在下载依赖 io.izzel.taboolib:basic-configuration:6.3.0-local-dev
[15:22:03 INFO]: [Incision-Test-1.0.0] 正在下载依赖 io.izzel.taboolib:basic-submit-chain:6.3.0-local-dev
[15:22:03 INFO]: [Incision-Test-1.0.0] 正在下载依赖 io.izzel.taboolib:minecraft-chat:6.3.0-local-dev
[15:22:03 INFO]: [Incision-Test-1.0.0] [DEBUG] 所有依赖加载完成，用时 981 毫秒。
[15:22:03 INFO]: [Incision-Test-1.0.0] [DEBUG] ProjectScanner 扫描到 526 个类，用时 25 毫秒。
[15:22:03 INFO]: [Incision-Test-1.0.0] [DEBUG] ClassVisitor 第一阶段过滤: 2,739 -> 1,200 个候选类，用时 10 毫秒。
[15:22:03 INFO]: [Incision-Test-1.0.0] [DEBUG] ClassVisitor 第二阶段过滤: 1,200 -> 201 个有效类，用时 1 毫秒。
[15:22:03 INFO]: [Incision-Test-1.0.0] [DEBUG] ClassVisitor 总用时 46 毫秒。
[15:22:03 INFO]: [Incision-Test-1.0.0] [DEBUG] RunningClasses (All)            : 2,739
[15:22:03 INFO]: [Incision-Test-1.0.0] [DEBUG] RunningClasses (Jar)            : 526
[15:22:03 INFO]: [Incision-Test-1.0.0] [DEBUG] RunningClasses (Included)       : 201
[15:22:03 INFO]: [Incision-Test-1.0.0] 加载依赖 org.openjdk.jmh:jmh-core:1.37
[15:22:03 INFO]: [Incision-Test-1.0.0] 加载依赖 org.apache.commons:commons-math3:3.6.1
[15:22:03 INFO]: [Incision-Test-1.0.0] 加载依赖 net.bytebuddy:byte-buddy-agent:1.14.18
[15:22:03 INFO]: [Incision-Test-1.0.0] 加载依赖 org.apache.commons:commons-jexl3:3.2.1
[15:22:03 INFO]: [Incision-Test-1.0.0] 加载依赖 com.mojang:datafixerupper:4.0.26
[15:22:03 INFO]: [Incision-Test-1.0.0] 加载依赖 org.slf4j:slf4j-api:2.0.8
[15:22:03 INFO]: [Incision-Test-1.0.0] 加载依赖 com.zaxxer:HikariCP:4.0.3
[15:22:03 INFO]: [Incision-Test-1.0.0] 加载依赖 com.mysql:mysql-connector-j:8.4.0
[15:22:03 INFO]: [Incision-Test-1.0.0] 加载依赖 org.yaml:snakeyaml:2.6
[15:22:03 INFO]: [Incision-Test-1.0.0] 加载依赖 com.typesafe:config:1.4.3
[15:22:03 INFO]: [Incision-Test-1.0.0] 加载依赖 com.electronwill.night-config:core:3.6.7
[15:22:03 INFO]: [Incision-Test-1.0.0] 加载依赖 com.electronwill.night-config:toml:3.6.7
[15:22:03 INFO]: [Incision-Test-1.0.0] 加载依赖 com.electronwill.night-config:json:3.6.7
[15:22:03 INFO]: [Incision-Test-1.0.0] 加载依赖 com.electronwill.night-config:hocon:3.6.7
[15:22:03 INFO]: [Incision-Test-1.0.0] [DEBUG] [Incision][DEBUG] asm-tree probe: loader=org.bukkit.plugin.java.PluginClassLoader core=file:/E:/Minecraft-Server/incisionTest/run-1.12.2/cache/taboolib/top.maplex.incisiontest/asm-9.8-bc746a17.jar tree=file:/E:/Minecraft-Server/incisionTest/run-1.12.2/cache/taboolib/top.maplex.incisiontest/asm-tree-9.8-9faf6fa8.jar
[15:22:03 INFO]: [Incision-Test-1.0.0] [DEBUG] [Incision][DEBUG] asm-tree probe OK: name=top/maplex/incisiontest/taboolib/module/incision/IncisionBootstrap methods=8
[15:22:03 INFO]: [Incision-Test-1.0.0] [Incision] TabooLibNmsResolver 已启用: nms=v1_12_R1,unobf=false,uniCB=false,mojang=false,impl=RemapTranslationLegacy
[15:22:03 INFO]: [Incision-Test-1.0.0] [Incision] JvmtiBackend: JVMTI native loaded from C:\Users\ADMINI~1\AppData\Local\Temp\incision-native\incision-jvmti-e6191845.dll
[15:22:03 INFO]: [Incision-Test-1.0.0] [DEBUG] [Incision][DEBUG] JvmtiBackend.defineClass: io.izzel.incision.bridge.IncisionBridge in bootstrap
[15:22:03 INFO]: [Incision-Test-1.0.0] [Incision] IncisionBridge 已注入 bootstrap ClassLoader (JVMTI)
[15:22:03 INFO]: [Incision-Test-1.0.0] [Incision] IncisionBridge dispatcher 已注册 (CL=bootstrap)
[15:22:03 INFO]: [Incision-Test-1.0.0] [Incision] Incision CONST: api=2 resolver=RemapRouter[TabooLibNmsResolver]
[15:22:03 INFO]: [Incision-Test-1.0.0] [Incision] PipelineBackend installed into TabooLib RemapTranslation.extraTransformers
[15:22:03 INFO]: [Incision-Test-1.0.0] [DEBUG] 跨平台服务初始化完成，用时 95 毫秒。
[15:22:03 INFO]: [Incision-Test-1.0.0] [DEBUG]   唤醒: 21
[15:22:03 INFO]: [Incision-Test-1.0.0] [DEBUG]   注入: 20
[15:22:03 INFO]: [Incision-Test-1.0.0] [DEBUG]   服务: 6
[15:22:03 INFO]: [Incision-Test-1.0.0] [DEBUG]  = PlatformOpenContainer (BukkitOpenContainer)
[15:22:03 INFO]: [Incision-Test-1.0.0] [DEBUG]  = PlatformListener (BukkitListener)
[15:22:03 INFO]: [Incision-Test-1.0.0] [DEBUG]  = PlatformAdapter (BukkitAdapter)
[15:22:03 INFO]: [Incision-Test-1.0.0] [DEBUG]  = PlatformIO (BukkitIO)
[15:22:03 INFO]: [Incision-Test-1.0.0] [DEBUG]  = PlatformExecutor (BukkitExecutor)
[15:22:03 INFO]: [Incision-Test-1.0.0] [DEBUG]  = PlatformCommand (BukkitCommand)
[15:22:03 INFO]: [Incision-Test-1.0.0] [DEBUG] ProjectScanner 扫描到 8 个资源文件，用时 0 毫秒。
[15:22:03 INFO]: [Incision-Test-1.0.0] [DEBUG] Paper 映射表已加载，用时 28 毫秒。
[15:22:03 INFO]: [Incision-Test-1.0.0] [DEBUG] Classes: 4,218, Fields: 19,270, Methods: 23,687
[15:22:03 INFO]: [Incision-Test-1.0.0] [DEBUG] [Incision][DEBUG] resolveOwner: net/minecraft/world/item/enchantment/EnchantmentHelper → net/minecraft/server/v1_12_R1/EnchantmentManager
[15:22:03 INFO]: [Incision-Test-1.0.0] [DEBUG] [Incision][DEBUG] resolveOwner: net/minecraft/server/level/ServerLevel → net/minecraft/server/v1_12_R1/WorldServer
[15:22:03 INFO]: [Incision-Test-1.0.0] [DEBUG] [Incision][DEBUG] resolveOwner: net/minecraft/world/item/ItemStack → net/minecraft/server/v1_12_R1/ItemStack
[15:22:03 INFO]: [Incision-Test-1.0.0] [DEBUG] [Incision][DEBUG] resolveOwner: net/minecraft/world/entity/Entity → net/minecraft/server/v1_12_R1/Entity
[15:22:03 INFO]: [Incision-Test-1.0.0] [DEBUG] [Incision][DEBUG] resolveOwner: net/minecraft/world/damagesource/DamageSource → net/minecraft/server/v1_12_R1/DamageSource
[15:22:03 INFO]: [Incision-Test-1.0.0] [DEBUG] [Incision][DEBUG] resolveOwner: net/minecraft/world/item/enchantment/EnchantmentHelper → net/minecraft/server/v1_12_R1/EnchantmentManager
[15:22:03 INFO]: [Incision-Test-1.0.0] [DEBUG] [Incision][DEBUG] resolveOwner: net/minecraft/server/level/ServerLevel → net/minecraft/server/v1_12_R1/WorldServer
[15:22:03 INFO]: [Incision-Test-1.0.0] [DEBUG] [Incision][DEBUG] resolveOwner: net/minecraft/world/item/ItemStack → net/minecraft/server/v1_12_R1/ItemStack
[15:22:03 INFO]: [Incision-Test-1.0.0] [DEBUG] [Incision][DEBUG] resolveOwner: net/minecraft/world/entity/Entity → net/minecraft/server/v1_12_R1/Entity
[15:22:03 INFO]: [Incision-Test-1.0.0] [DEBUG] [Incision][DEBUG] resolveOwner: net/minecraft/world/damagesource/DamageSource → net/minecraft/server/v1_12_R1/DamageSource
[15:22:03 INFO]: [Incision-Test-1.0.0] [DEBUG] [Incision][DEBUG] register id=top.maplex.incisiontest.cases.SharpnessModifier#sharpness-modifier@2 targets=[net/minecraft/server/v1_12_R1/EnchantmentManager.modifyDamage(Lnet/minecraft/server/v1_12_R1/WorldServer;Lnet/minecraft/server/v1_12_R1/ItemStack;Lnet/minecraft/server/v1_12_R1/Entity;Lnet/minecraft/server/v1_12_R1/DamageSource;F)F]
[15:22:03 INFO]: [Incision-Test-1.0.0] [DEBUG] [Incision][DEBUG] installWeaver status=PENDING_LOAD owner=net/minecraft/server/v1_12_R1/EnchantmentManager resolved=net/minecraft/server/v1_12_R1/EnchantmentManager advices=1 total=1 backend=Instrumentation
[15:22:03 INFO]: [Incision-Test-1.0.0] [DEBUG] [Incision][DEBUG] Surgeon 扫描: top.maplex.incisiontest.cases.SharpnessModifier → 1 suture / 1 advice
[15:22:03 INFO]: [Incision-Test-1.0.0] [DEBUG] [Incision][DEBUG] register id=top.maplex.incisiontest.cases.SurgeonAnchorMatrixPriorityDefault#defaultPriority@4 targets=[top/maplex/incisiontest/fixture/AnchorMatrixFixture_Priority.prioritySurgeonTarget()Ljava/lang/String;]
[15:22:03 INFO]: [Incision-Test-1.0.0] [DEBUG] [Incision][DEBUG] installWeaver status=PENDING_LOAD owner=top/maplex/incisiontest/fixture/AnchorMatrixFixture_Priority resolved=top/maplex/incisiontest/fixture/AnchorMatrixFixture_Priority advices=1 total=1 backend=Instrumentation
[15:22:03 INFO]: [Incision-Test-1.0.0] [DEBUG] [Incision][DEBUG] Surgeon 扫描: top.maplex.incisiontest.cases.SurgeonAnchorMatrixPriorityDefault → 1 suture / 1 advice
[15:22:03 INFO]: [Incision-Test-1.0.0] [DEBUG] [Incision][DEBUG] Site selector: anchor=INVOKE mode=EXACT target=top/maplex/incisiontest/fixture/OffsetFixture.helper(I)I ordinal=0 matches=1..1
[15:22:03 INFO]: [Incision-Test-1.0.0] [DEBUG] [Incision][DEBUG] register id=top.maplex.incisiontest.cases.SurgeonOffsetCases#onFirstHelperBefore@37 targets=[top/maplex/incisiontest/fixture/OffsetFixture.chain()I]
[15:22:03 INFO]: [Incision-Test-1.0.0] [DEBUG] [Incision][DEBUG] Site selector: anchor=INVOKE mode=EXACT target=top/maplex/incisiontest/fixture/OffsetFixture.helper(I)I ordinal=1 matches=1..1
[15:22:03 INFO]: [Incision-Test-1.0.0] [DEBUG] [Incision][DEBUG] register id=top.maplex.incisiontest.cases.SurgeonOffsetCases#onSecondHelperBefore@38 targets=[top/maplex/incisiontest/fixture/OffsetFixture.chain()I]
[15:22:03 INFO]: [Incision-Test-1.0.0] [DEBUG] [Incision][DEBUG] Site selector: anchor=INVOKE mode=EXACT target=top/maplex/incisiontest/fixture/OffsetFixture.helper(I)I ordinal=2 matches=1..1
[15:22:03 INFO]: [Incision-Test-1.0.0] [DEBUG] [Incision][DEBUG] register id=top.maplex.incisiontest.cases.SurgeonOffsetCases#onThirdHelperBefore@39 targets=[top/maplex/incisiontest/fixture/OffsetFixture.chain()I]
[15:22:03 INFO]: [Incision-Test-1.0.0] [DEBUG] [Incision][DEBUG] Site selector: anchor=INVOKE mode=EXACT target=top/maplex/incisiontest/fixture/OffsetFixture.helper(I)I ordinal=0 matches=1..1
[15:22:03 INFO]: [Incision-Test-1.0.0] [DEBUG] [Incision][DEBUG] register id=top.maplex.incisiontest.cases.SurgeonOffsetCases#onFirstHelperAfterOffset1@40 targets=[top/maplex/incisiontest/fixture/OffsetFixture.chain()I]
[15:22:03 INFO]: [Incision-Test-1.0.0] [DEBUG] [Incision][DEBUG] Site selector: anchor=INVOKE mode=EXACT target=top/maplex/incisiontest/fixture/OffsetFixture.helper(I)I ordinal=0 matches=1..1
[15:22:03 INFO]: [Incision-Test-1.0.0] [DEBUG] [Incision][DEBUG] register id=top.maplex.incisiontest.cases.SurgeonOffsetCases#onFirstHelperBeforeOffsetZero@41 targets=[top/maplex/incisiontest/fixture/OffsetFixture.chain()I]
[15:22:03 INFO]: [Incision-Test-1.0.0] [DEBUG] [Incision][DEBUG] Site selector: anchor=INVOKE mode=EXACT target=top/maplex/incisiontest/fixture/OffsetFixture.helper(I)I ordinal=-1 matches=1..-1
[15:22:03 INFO]: [Incision-Test-1.0.0] [DEBUG] [Incision][DEBUG] register id=top.maplex.incisiontest.cases.SurgeonOffsetCases#onAfterOffset1All@42 targets=[top/maplex/incisiontest/fixture/OffsetFixture.chainWithGap()I]
[15:22:03 INFO]: [Incision-Test-1.0.0] [DEBUG] [Incision][DEBUG] Site selector: anchor=INVOKE mode=EXACT target=top/maplex/incisiontest/fixture/OffsetFixture.helper(I)I ordinal=-1 matches=1..-1
[15:22:03 INFO]: [Incision-Test-1.0.0] [DEBUG] [Incision][DEBUG] register id=top.maplex.incisiontest.cases.SurgeonOffsetCases#onAfterOffset2All@43 targets=[top/maplex/incisiontest/fixture/OffsetFixture.chainWithGap()I]
[15:22:03 INFO]: [Incision-Test-1.0.0] [DEBUG] [Incision][DEBUG] Site selector: anchor=INVOKE mode=EXACT target=top/maplex/incisiontest/fixture/OffsetFixture.helper(I)I ordinal=-1 matches=1..-1
[15:22:03 INFO]: [Incision-Test-1.0.0] [DEBUG] [Incision][DEBUG] register id=top.maplex.incisiontest.cases.SurgeonOffsetCases#onBeforeNegOffset@44 targets=[top/maplex/incisiontest/fixture/OffsetFixture.chainWithGap()I]
[15:22:03 INFO]: [Incision-Test-1.0.0] [DEBUG] [Incision][DEBUG] Site selector: anchor=INVOKE mode=EXACT target=top/maplex/incisiontest/fixture/OffsetFixture.helper(I)I ordinal=0 matches=1..1
[15:22:03 INFO]: [Incision-Test-1.0.0] [DEBUG] [Incision][DEBUG] register id=top.maplex.incisiontest.cases.SurgeonOffsetCases#onOrdinal0AfterOffset1@45 targets=[top/maplex/incisiontest/fixture/OffsetFixture.chainWithGap()I]
[15:22:03 INFO]: [Incision-Test-1.0.0] [DEBUG] [Incision][DEBUG] Site selector: anchor=INVOKE mode=EXACT target=top/maplex/incisiontest/fixture/OffsetFixture.helper(I)I ordinal=2 matches=1..1
[15:22:03 INFO]: [Incision-Test-1.0.0] [DEBUG] [Incision][DEBUG] register id=top.maplex.incisiontest.cases.SurgeonOffsetCases#onOrdinal2AfterOffset2@46 targets=[top/maplex/incisiontest/fixture/OffsetFixture.chainWithGap()I]
[15:22:03 INFO]: [Incision-Test-1.0.0] [DEBUG] [Incision][DEBUG] Site selector: anchor=INVOKE mode=EXACT target=top/maplex/incisiontest/fixture/OffsetFixture.helper(I)I ordinal=-1 matches=1..-1
[15:22:03 INFO]: [Incision-Test-1.0.0] [DEBUG] [Incision][DEBUG] register id=top.maplex.incisiontest.cases.SurgeonOffsetCases#onAnyOrdinal@47 targets=[top/maplex/incisiontest/fixture/OffsetFixture.chain()I]
[15:22:03 INFO]: [Incision-Test-1.0.0] [DEBUG] [Incision][DEBUG] Site selector: anchor=INVOKE mode=EXACT target=top/maplex/incisiontest/fixture/OffsetFixture.helper(I)I ordinal=0 matches=1..1
[15:22:03 INFO]: [Incision-Test-1.0.0] [DEBUG] [Incision][DEBUG] register id=top.maplex.incisiontest.cases.SurgeonOffsetCases#onOffsetPlus5@48 targets=[top/maplex/incisiontest/fixture/OffsetFixture.chainWithGap()I]
[15:22:03 INFO]: [Incision-Test-1.0.0] [DEBUG] [Incision][DEBUG] Site selector: anchor=INVOKE mode=EXACT target=top/maplex/incisiontest/fixture/OffsetFixture.helper(I)I ordinal=1 matches=1..1
[15:22:03 INFO]: [Incision-Test-1.0.0] [DEBUG] [Incision][DEBUG] register id=top.maplex.incisiontest.cases.SurgeonOffsetCases#onOffsetMinus2@49 targets=[top/maplex/incisiontest/fixture/OffsetFixture.chainWithGap()I]
[15:22:03 INFO]: [Incision-Test-1.0.0] [DEBUG] [Incision][DEBUG] Site selector: anchor=INVOKE mode=EXACT target=top/maplex/incisiontest/fixture/OffsetFixture.helper(I)I ordinal=-1 matches=1..-1
[15:22:03 INFO]: [Incision-Test-1.0.0] [DEBUG] [Incision][DEBUG] register id=top.maplex.incisiontest.cases.SurgeonOffsetCases#onBeforeOffset2@50 targets=[top/maplex/incisiontest/fixture/OffsetFixture.chainWithGap()I]
[15:22:03 INFO]: [Incision-Test-1.0.0] [DEBUG] [Incision][DEBUG] Site selector: anchor=INVOKE mode=EXACT target=top/maplex/incisiontest/fixture/OffsetFixture.helper(I)I ordinal=-1 matches=1..-1
[15:22:03 INFO]: [Incision-Test-1.0.0] [DEBUG] [Incision][DEBUG] register id=top.maplex.incisiontest.cases.SurgeonOffsetCases#onAfterOffset0@51 targets=[top/maplex/incisiontest/fixture/OffsetFixture.chain()I]
[15:22:03 INFO]: [Incision-Test-1.0.0] [DEBUG] [Incision][DEBUG] Site selector: anchor=INVOKE mode=EXACT target=top/maplex/incisiontest/fixture/OffsetFixture.helper(I)I ordinal=1 matches=1..1
[15:22:03 INFO]: [Incision-Test-1.0.0] [DEBUG] [Incision][DEBUG] register id=top.maplex.incisiontest.cases.SurgeonOffsetCases#onOrdinal1AfterOffset1@52 targets=[top/maplex/incisiontest/fixture/OffsetFixture.chainWithGap()I]
[15:22:03 INFO]: [Incision-Test-1.0.0] [DEBUG] [Incision][DEBUG] Site selector: anchor=FIELD_GET mode=EXACT target=top/maplex/incisiontest/fixture/OffsetFixture.counterI ordinal=0 matches=1..1
[15:22:03 INFO]: [Incision-Test-1.0.0] [DEBUG] [Incision][DEBUG] register id=top.maplex.incisiontest.cases.SurgeonOffsetCases#onFieldGetOffset@53 targets=[top/maplex/incisiontest/fixture/OffsetFixture.chainWithGap()I]
[15:22:03 INFO]: [Incision-Test-1.0.0] [DEBUG] [Incision][DEBUG] Site selector: anchor=FIELD_PUT mode=EXACT target=top/maplex/incisiontest/fixture/OffsetFixture.counterI ordinal=0 matches=1..1
[15:22:03 INFO]: [Incision-Test-1.0.0] [DEBUG] [Incision][DEBUG] register id=top.maplex.incisiontest.cases.SurgeonOffsetCases#onFieldPutOffset@54 targets=[top/maplex/incisiontest/fixture/OffsetFixture.chainWithGap()I]
[15:22:03 INFO]: [Incision-Test-1.0.0] [DEBUG] [Incision][DEBUG] installWeaver status=PENDING_LOAD owner=top/maplex/incisiontest/fixture/OffsetFixture resolved=top/maplex/incisiontest/fixture/OffsetFixture advices=18 total=18 backend=Instrumentation
[15:22:03 INFO]: [Incision-Test-1.0.0] [DEBUG] [Incision][DEBUG] Surgeon 扫描: top.maplex.incisiontest.cases.SurgeonOffsetCases → 18 suture / 18 advice
[15:22:03 INFO]: [Incision-Test-1.0.0] [DEBUG] [Incision][DEBUG] register id=top.maplex.incisiontest.cases.Pri0Surgeon#pri0@0 targets=[top/maplex/incisiontest/fixture/SurgeonPriorityExtremeFixture.threeSurgeonTarget()Ljava/util/List;]
[15:22:03 INFO]: [Incision-Test-1.0.0] [DEBUG] [Incision][DEBUG] installWeaver status=PENDING_LOAD owner=top/maplex/incisiontest/fixture/SurgeonPriorityExtremeFixture resolved=top/maplex/incisiontest/fixture/SurgeonPriorityExtremeFixture advices=1 total=1 backend=Instrumentation
[15:22:03 INFO]: [Incision-Test-1.0.0] [DEBUG] [Incision][DEBUG] Surgeon 扫描: top.maplex.incisiontest.cases.Pri0Surgeon → 1 suture / 1 advice
[15:22:03 INFO]: [Incision-Test-1.0.0] [DEBUG] [Incision][DEBUG] register id=top.maplex.incisiontest.cases.SurgeonAnchorMatrixPriorityOperation#opPriority200@10 targets=[top/maplex/incisiontest/fixture/AnchorMatrixFixture_Priority.priorityOperationTarget()Ljava/lang/String;]
[15:22:03 INFO]: [Incision-Test-1.0.0] [DEBUG] [Incision][DEBUG] register id=top.maplex.incisiontest.cases.SurgeonAnchorMatrixPriorityOperation#opPriority50@11 targets=[top/maplex/incisiontest/fixture/AnchorMatrixFixture_Priority.priorityOperationTarget()Ljava/lang/String;]
[15:22:03 INFO]: [Incision-Test-1.0.0] [DEBUG] [Incision][DEBUG] register id=top.maplex.incisiontest.cases.SurgeonAnchorMatrixPriorityOperation#opPriorityNeg10@12 targets=[top/maplex/incisiontest/fixture/AnchorMatrixFixture_Priority.priorityOperationTarget()Ljava/lang/String;]
[15:22:03 INFO]: [Incision-Test-1.0.0] [DEBUG] [Incision][DEBUG] register id=top.maplex.incisiontest.cases.SurgeonAnchorMatrixPriorityOperation#opPriorityDefault@13 targets=[top/maplex/incisiontest/fixture/AnchorMatrixFixture_Priority.priorityOperationTarget()Ljava/lang/String;]
[15:22:03 INFO]: [Incision-Test-1.0.0] [DEBUG] [Incision][DEBUG] installWeaver status=PENDING_LOAD owner=top/maplex/incisiontest/fixture/AnchorMatrixFixture_Priority resolved=top/maplex/incisiontest/fixture/AnchorMatrixFixture_Priority advices=4 total=5 backend=Instrumentation
[15:22:03 INFO]: [Incision-Test-1.0.0] [DEBUG] [Incision][DEBUG] Surgeon 扫描: top.maplex.incisiontest.cases.SurgeonAnchorMatrixPriorityOperation → 4 suture / 4 advice
[15:22:03 INFO]: [Incision-Test-1.0.0] [DEBUG] [Incision][DEBUG] register id=top.maplex.incisiontest.cases.SurgeonPriorityNegativeCases#adviceNegative@0 targets=[top/maplex/incisiontest/fixture/SurgeonPriorityFixture.pSharedTarget()Ljava/util/List;]
[15:22:03 INFO]: [Incision-Test-1.0.0] [DEBUG] [Incision][DEBUG] installWeaver status=PENDING_LOAD owner=top/maplex/incisiontest/fixture/SurgeonPriorityFixture resolved=top/maplex/incisiontest/fixture/SurgeonPriorityFixture advices=1 total=1 backend=Instrumentation
[15:22:03 INFO]: [Incision-Test-1.0.0] [DEBUG] [Incision][DEBUG] Surgeon 扫描: top.maplex.incisiontest.cases.SurgeonPriorityNegativeCases → 1 suture / 1 advice
[15:22:03 INFO]: [Incision-Test-1.0.0] [DEBUG] [Incision][DEBUG] register id=top.maplex.incisiontest.cases.SurgeonAnchorMatrixPriorityHigh#highPriority@2 targets=[top/maplex/incisiontest/fixture/AnchorMatrixFixture_Priority.prioritySurgeonTarget()Ljava/lang/String;]
[15:22:03 INFO]: [Incision-Test-1.0.0] [DEBUG] [Incision][DEBUG] installWeaver status=PENDING_LOAD owner=top/maplex/incisiontest/fixture/AnchorMatrixFixture_Priority resolved=top/maplex/incisiontest/fixture/AnchorMatrixFixture_Priority advices=1 total=6 backend=Instrumentation
[15:22:03 INFO]: [Incision-Test-1.0.0] [DEBUG] [Incision][DEBUG] Surgeon 扫描: top.maplex.incisiontest.cases.SurgeonAnchorMatrixPriorityHigh → 1 suture / 1 advice
[15:22:03 INFO]: [Incision-Test-1.0.0] [DEBUG] [Incision][DEBUG] register id=top.maplex.incisiontest.cases.SurgeonKotlinTargetCases#onCompanionOnly@8 targets=[top/maplex/incisiontest/fixture/SurgeonKotlinTargetFixture$Companion.companionOnlyEcho(Ljava/lang/String;)Ljava/lang/String;]
[15:22:03 INFO]: [Incision-Test-1.0.0] [DEBUG] [Incision][DEBUG] register id=top.maplex.incisiontest.cases.SurgeonKotlinTargetCases#onStaticOnly@9 targets=[top/maplex/incisiontest/fixture/SurgeonKotlinTargetFixture.staticOnlyEcho(Ljava/lang/String;)Ljava/lang/String;]
[15:22:03 INFO]: [Incision-Test-1.0.0] [DEBUG] [Incision][DEBUG] register id=top.maplex.incisiontest.cases.SurgeonKotlinTargetCases#both-static-path@10 targets=[top/maplex/incisiontest/fixture/SurgeonKotlinTargetFixture.bothEcho(Ljava/lang/String;)Ljava/lang/String;]
[15:22:03 INFO]: [Incision-Test-1.0.0] [DEBUG] [Incision][DEBUG] register id=top.maplex.incisiontest.cases.SurgeonKotlinTargetCases#both-companion-path@11 targets=[top/maplex/incisiontest/fixture/SurgeonKotlinTargetFixture$Companion.bothEcho(Ljava/lang/String;)Ljava/lang/String;]
[15:22:03 INFO]: [Incision-Test-1.0.0] [DEBUG] [Incision][DEBUG] installWeaver status=PENDING_LOAD owner=top/maplex/incisiontest/fixture/SurgeonKotlinTargetFixture$Companion resolved=top/maplex/incisiontest/fixture/SurgeonKotlinTargetFixture$Companion advices=2 total=2 backend=Instrumentation
[15:22:03 INFO]: [Incision-Test-1.0.0] [DEBUG] [Incision][DEBUG] installWeaver status=PENDING_LOAD owner=top/maplex/incisiontest/fixture/SurgeonKotlinTargetFixture resolved=top/maplex/incisiontest/fixture/SurgeonKotlinTargetFixture advices=2 total=2 backend=Instrumentation
[15:22:03 INFO]: [Incision-Test-1.0.0] [DEBUG] [Incision][DEBUG] Surgeon 扫描: top.maplex.incisiontest.cases.SurgeonKotlinTargetCases → 4 suture / 4 advice
[15:22:03 INFO]: [Incision-Test-1.0.0] [DEBUG] [Incision][DEBUG] register id=top.maplex.incisiontest.cases.Pri100Surgeon#pri100@0 targets=[top/maplex/incisiontest/fixture/SurgeonPriorityExtremeFixture.threeSurgeonTarget()Ljava/util/List;]
[15:22:03 INFO]: [Incision-Test-1.0.0] [DEBUG] [Incision][DEBUG] installWeaver status=PENDING_LOAD owner=top/maplex/incisiontest/fixture/SurgeonPriorityExtremeFixture resolved=top/maplex/incisiontest/fixture/SurgeonPriorityExtremeFixture advices=1 total=2 backend=Instrumentation
[15:22:03 INFO]: [Incision-Test-1.0.0] [DEBUG] [Incision][DEBUG] Surgeon 扫描: top.maplex.incisiontest.cases.Pri100Surgeon → 1 suture / 1 advice
[15:22:03 INFO]: [Incision-Test-1.0.0] [DEBUG] [Incision][DEBUG] register id=top.maplex.incisiontest.cases.SurgeonPriorityMaxCases#adviceMax@2 targets=[top/maplex/incisiontest/fixture/SurgeonPriorityExtremeFixture.extremeMaxTarget()I]
[15:22:03 INFO]: [Incision-Test-1.0.0] [DEBUG] [Incision][DEBUG] installWeaver status=PENDING_LOAD owner=top/maplex/incisiontest/fixture/SurgeonPriorityExtremeFixture resolved=top/maplex/incisiontest/fixture/SurgeonPriorityExtremeFixture advices=1 total=3 backend=Instrumentation
[15:22:03 INFO]: [Incision-Test-1.0.0] [DEBUG] [Incision][DEBUG] Surgeon 扫描: top.maplex.incisiontest.cases.SurgeonPriorityMaxCases → 1 suture / 1 advice
[15:22:03 INFO]: [Incision-Test-1.0.0] [DEBUG] [Incision][DEBUG] register id=top.maplex.incisiontest.cases.AdyeshachIntegrationCases#apiLead@12 targets=[ink/ptms/adyeshach/impl/DefaultAdyeshachAPI.getMinecraftAPI()Link/ptms/adyeshach/core/AdyeshachMinecraftAPI;]
[15:22:03 INFO]: [Incision-Test-1.0.0] [DEBUG] [Incision][DEBUG] register id=top.maplex.incisiontest.cases.AdyeshachIntegrationCases#apiTrail@13 targets=[ink/ptms/adyeshach/impl/DefaultAdyeshachAPI.getMinecraftAPI()Link/ptms/adyeshach/core/AdyeshachMinecraftAPI;]
[15:22:03 INFO]: [Incision-Test-1.0.0] [DEBUG] [Incision][DEBUG] register id=top.maplex.incisiontest.cases.AdyeshachIntegrationCases#literalLead@14 targets=[ink/ptms/adyeshach/impl/nms/DefaultMinecraftHelper.literalChatBaseComponent(Ljava/lang/String;)Ljava/lang/Object;]
[15:22:03 INFO]: [Incision-Test-1.0.0] [DEBUG] [Incision][DEBUG] register id=top.maplex.incisiontest.cases.AdyeshachIntegrationCases#literalTrail@15 targets=[ink/ptms/adyeshach/impl/nms/DefaultMinecraftHelper.literalChatBaseComponent(Ljava/lang/String;)Ljava/lang/Object;]
[15:22:03 INFO]: [Incision-Test-1.0.0] [DEBUG] [Incision][DEBUG] register id=top.maplex.incisiontest.cases.AdyeshachIntegrationCases#literalSplice@16 targets=[ink/ptms/adyeshach/impl/nms/DefaultMinecraftHelper.literalChatBaseComponent(Ljava/lang/String;)Ljava/lang/Object;]
[15:22:03 INFO]: [Incision-Test-1.0.0] [DEBUG] [Incision][DEBUG] Site selector: anchor=INVOKE mode=EXACT target=org/bukkit/craftbukkit/v1_16_R3/util/CraftChatMessage.fromString(Ljava/lang/String;)[Lnet/minecraft/server/v1_16_R3/IChatBaseComponent; ordinal=0 matches=1..1
[15:22:03 INFO]: [Incision-Test-1.0.0] [DEBUG] [Incision][DEBUG] register id=top.maplex.incisiontest.cases.AdyeshachIntegrationCases#craftChatInvoke@17 targets=[ink/ptms/adyeshach/impl/nms/DefaultMinecraftHelper.literalChatBaseComponent(Ljava/lang/String;)Ljava/lang/Object;]
[15:22:03 INFO]: [Incision-Test-1.0.0] [DEBUG] [Incision][DEBUG] installWeaver status=PENDING_LOAD owner=ink/ptms/adyeshach/impl/DefaultAdyeshachAPI resolved=ink/ptms/adyeshach/impl/DefaultAdyeshachAPI advices=2 total=2 backend=Instrumentation
[15:22:03 INFO]: [Incision-Test-1.0.0] [DEBUG] [Incision][DEBUG] resolveOwner: org/bukkit/craftbukkit/v1_16_R3/util/CraftChatMessage → org/bukkit/craftbukkit/v1_12_R1/util/CraftChatMessage
[15:22:03 INFO]: [Incision-Test-1.0.0] [DEBUG] [Incision][DEBUG] resolveOwner: net/minecraft/server/v1_16_R3/IChatBaseComponent → net/minecraft/server/v1_12_R1/IChatBaseComponent
[15:22:03 INFO]: [Incision-Test-1.0.0] [DEBUG] [Incision][DEBUG] installWeaver status=PENDING_LOAD owner=ink/ptms/adyeshach/impl/nms/DefaultMinecraftHelper resolved=ink/ptms/adyeshach/impl/nms/DefaultMinecraftHelper advices=4 total=4 backend=Instrumentation
[15:22:03 INFO]: [Incision-Test-1.0.0] [DEBUG] [Incision][DEBUG] Surgeon 扫描: top.maplex.incisiontest.cases.AdyeshachIntegrationCases → 6 suture / 6 advice
[15:22:03 INFO]: [Incision-Test-1.0.0] [DEBUG] [Incision][DEBUG] register id=top.maplex.incisiontest.cases.OperationEnabledPriorityCases#aTNeg10@19 targets=[top/maplex/incisiontest/fixture/OperationEnabledPriorityFixture.cellTPriNeg10()I]
[15:22:03 INFO]: [Incision-Test-1.0.0] [DEBUG] [Incision][DEBUG] register id=top.maplex.incisiontest.cases.OperationEnabledPriorityCases#aT0@20 targets=[top/maplex/incisiontest/fixture/OperationEnabledPriorityFixture.cellTPri0()I]
[15:22:03 INFO]: [Incision-Test-1.0.0] [DEBUG] [Incision][DEBUG] register id=top.maplex.incisiontest.cases.OperationEnabledPriorityCases#aT5@21 targets=[top/maplex/incisiontest/fixture/OperationEnabledPriorityFixture.cellTPri5()I]
[15:22:03 INFO]: [Incision-Test-1.0.0] [DEBUG] [Incision][DEBUG] register id=top.maplex.incisiontest.cases.OperationEnabledPriorityCases#aT100@22 targets=[top/maplex/incisiontest/fixture/OperationEnabledPriorityFixture.cellTPri100()I]
[15:22:03 INFO]: [Incision-Test-1.0.0] [DEBUG] [Incision][DEBUG] register id=top.maplex.incisiontest.cases.OperationEnabledPriorityCases#aFNeg10@23 targets=[top/maplex/incisiontest/fixture/OperationEnabledPriorityFixture.cellFPriNeg10()I]
[15:22:03 INFO]: [Incision-Test-1.0.0] [DEBUG] [Incision][DEBUG] register id=top.maplex.incisiontest.cases.OperationEnabledPriorityCases#aF0@24 targets=[top/maplex/incisiontest/fixture/OperationEnabledPriorityFixture.cellFPri0()I]
[15:22:03 INFO]: [Incision-Test-1.0.0] [DEBUG] [Incision][DEBUG] register id=top.maplex.incisiontest.cases.OperationEnabledPriorityCases#aF5@25 targets=[top/maplex/incisiontest/fixture/OperationEnabledPriorityFixture.cellFPri5()I]
[15:22:03 INFO]: [Incision-Test-1.0.0] [DEBUG] [Incision][DEBUG] register id=top.maplex.incisiontest.cases.OperationEnabledPriorityCases#aF100@26 targets=[top/maplex/incisiontest/fixture/OperationEnabledPriorityFixture.cellFPri100()I]
[15:22:03 INFO]: [Incision-Test-1.0.0] [DEBUG] [Incision][DEBUG] register id=top.maplex.incisiontest.cases.OperationEnabledPriorityCases#same-pri-first@27 targets=[top/maplex/incisiontest/fixture/OperationEnabledPriorityFixture.samePriorityTarget()Ljava/util/List;]
[15:22:03 INFO]: [Incision-Test-1.0.0] [DEBUG] [Incision][DEBUG] register id=top.maplex.incisiontest.cases.OperationEnabledPriorityCases#same-pri-second@28 targets=[top/maplex/incisiontest/fixture/OperationEnabledPriorityFixture.samePriorityTarget()Ljava/util/List;]
[15:22:03 INFO]: [Incision-Test-1.0.0] [DEBUG] [Incision][DEBUG] register id=top.maplex.incisiontest.cases.OperationEnabledPriorityCases#cycle-advice@29 targets=[top/maplex/incisiontest/fixture/OperationEnabledPriorityFixture.cycleTarget()I]
[15:22:03 INFO]: [Incision-Test-1.0.0] [DEBUG] [Incision][DEBUG] installWeaver status=PENDING_LOAD owner=top/maplex/incisiontest/fixture/OperationEnabledPriorityFixture resolved=top/maplex/incisiontest/fixture/OperationEnabledPriorityFixture advices=11 total=11 backend=Instrumentation
[15:22:03 INFO]: [Incision-Test-1.0.0] [DEBUG] [Incision][DEBUG] Surgeon 扫描: top.maplex.incisiontest.cases.OperationEnabledPriorityCases → 11 suture / 11 advice
[15:22:03 INFO]: [Incision-Test-1.0.0] [DEBUG] [Incision][DEBUG] resolveOwner: net/minecraft/server/MinecraftServer → net/minecraft/server/v1_12_R1/MinecraftServer
[15:22:03 INFO]: [Incision-Test-1.0.0] [DEBUG] [Incision][DEBUG] resolveOwner: net/minecraft/server/dedicated/DedicatedServer → net/minecraft/server/v1_12_R1/DedicatedServer
[15:22:03 INFO]: [Incision-Test-1.0.0] [DEBUG] [Incision][DEBUG] resolveOwner: net/minecraft/server/MinecraftServer → net/minecraft/server/v1_12_R1/MinecraftServer
[15:22:03 INFO]: [Incision-Test-1.0.0] [DEBUG] [Incision][DEBUG] resolveOwner: net/minecraft/server/dedicated/DedicatedServer → net/minecraft/server/v1_12_R1/DedicatedServer
[15:22:03 INFO]: [Incision-Test-1.0.0] [DEBUG] [Incision][DEBUG] register id=top.maplex.incisiontest.cases.SurgeonCrossClCases#onIsHardcore@4 targets=[net/minecraft/server/v1_12_R1/DedicatedServer.isHardcore()Z]
[15:22:03 INFO]: [Incision-Test-1.0.0] [DEBUG] [Incision][DEBUG] resolveOwner: net/minecraft/server/MinecraftServer → net/minecraft/server/v1_12_R1/MinecraftServer
[15:22:03 INFO]: [Incision-Test-1.0.0] [DEBUG] [Incision][DEBUG] resolveOwner: net/minecraft/server/MinecraftServer → net/minecraft/server/v1_12_R1/MinecraftServer
[15:22:03 INFO]: [Incision-Test-1.0.0] [DEBUG] [Incision][DEBUG] register id=top.maplex.incisiontest.cases.SurgeonCrossClCases#onGetPlayerCount@5 targets=[net/minecraft/server/v1_12_R1/MinecraftServer.getPlayerCount()I]
[15:22:03 INFO]: [Incision-Test-1.0.0] [DEBUG] [Incision][DEBUG] register id=top.maplex.incisiontest.cases.SurgeonCrossClCases#onGetMaxPlayers@8 targets=[org/bukkit/Bukkit.getMaxPlayers()I]
[15:22:03 INFO]: [Incision-Test-1.0.0] [DEBUG] [Incision][DEBUG] weave inject net/minecraft/server/v1_12_R1/DedicatedServer.isHardcore()Z kinds=[LEAD] static=false
[15:22:03 INFO]: [Incision-Test-1.0.0] [DEBUG] [Incision][DEBUG] installWeaver status=INSTALLED owner=net/minecraft/server/v1_12_R1/DedicatedServer resolved=net/minecraft/server/v1_12_R1/DedicatedServer advices=1 total=1 backend=Instrumentation
[15:22:03 INFO]: [Incision-Test-1.0.0] [DEBUG] [Incision][DEBUG] weave inject net/minecraft/server/v1_12_R1/MinecraftServer.getPlayerCount()I kinds=[LEAD] static=false
[15:22:03 INFO]: [Incision-Test-1.0.0] [DEBUG] [Incision][DEBUG] installWeaver status=INSTALLED owner=net/minecraft/server/v1_12_R1/MinecraftServer resolved=net/minecraft/server/v1_12_R1/MinecraftServer advices=1 total=1 backend=Instrumentation
[15:22:03 INFO]: [Incision-Test-1.0.0] [DEBUG] [Incision][DEBUG] weave inject org/bukkit/Bukkit.getMaxPlayers()I kinds=[LEAD] static=true
[15:22:03 INFO]: [Incision-Test-1.0.0] [DEBUG] [Incision][DEBUG] installWeaver status=INSTALLED owner=org/bukkit/Bukkit resolved=org/bukkit/Bukkit advices=1 total=1 backend=Instrumentation
[15:22:03 INFO]: [Incision-Test-1.0.0] [DEBUG] [Incision][DEBUG] Surgeon 扫描: top.maplex.incisiontest.cases.SurgeonCrossClCases → 3 suture / 3 advice
[15:22:03 INFO]: [Incision-Test-1.0.0] [DEBUG] [Incision][DEBUG] register id=top.maplex.incisiontest.cases.SurgeonAdvancedCases#onReturnsBoolExcise@4 targets=[top/maplex/incisiontest/fixture/SurgeonAdvancedTargetFixture.returnsBoolean(Z)Z]
[15:22:03 INFO]: [Incision-Test-1.0.0] [DEBUG] [Incision][DEBUG] register id=top.maplex.incisiontest.cases.SurgeonAdvancedCases#onLongCalcBypass@5 targets=[top/maplex/incisiontest/fixture/SurgeonAdvancedTargetFixture.longCalc(JJ)J]
[15:22:03 INFO]: [Incision-Test-1.0.0] [DEBUG] [Incision][DEBUG] installWeaver status=PENDING_LOAD owner=top/maplex/incisiontest/fixture/SurgeonAdvancedTargetFixture resolved=top/maplex/incisiontest/fixture/SurgeonAdvancedTargetFixture advices=2 total=2 backend=Instrumentation
[15:22:03 INFO]: [Incision-Test-1.0.0] [DEBUG] [Incision][DEBUG] Surgeon 扫描: top.maplex.incisiontest.cases.SurgeonAdvancedCases → 2 suture / 2 advice
[15:22:03 INFO]: [Incision-Test-1.0.0] [DEBUG] [Incision][DEBUG] register id=top.maplex.incisiontest.cases.AccessorTheatreDslCases#onDescribe@6 targets=[top/maplex/incisiontest/fixture/AccessorChildFixture.describe()Ljava/lang/String;]
[15:22:03 INFO]: [Incision-Test-1.0.0] [DEBUG] [Incision][DEBUG] installWeaver status=PENDING_LOAD owner=top/maplex/incisiontest/fixture/AccessorChildFixture resolved=top/maplex/incisiontest/fixture/AccessorChildFixture advices=1 total=1 backend=Instrumentation
[15:22:03 INFO]: [Incision-Test-1.0.0] [DEBUG] [Incision][DEBUG] Surgeon 扫描: top.maplex.incisiontest.cases.AccessorTheatreDslCases → 1 suture / 1 advice
[15:22:03 INFO]: [Incision-Test-1.0.0] [DEBUG] [Incision][DEBUG] register id=top.maplex.incisiontest.cases.SurgeonAnchorMatrixScopeCases#leadFullDescriptor@20 targets=[top/maplex/incisiontest/fixture/AnchorMatrixFixture_Scope.scopeMethodFull(Ljava/lang/String;)Ljava/lang/String;]
[15:22:03 INFO]: [Incision-Test-1.0.0] [DEBUG] [Incision][DEBUG] register id=top.maplex.incisiontest.cases.SurgeonAnchorMatrixScopeCases#leadWildArgs@21 targets=[top/maplex/incisiontest/fixture/AnchorMatrixFixture_Scope.scopeMethodWild(*)*]
[15:22:03 INFO]: [Incision-Test-1.0.0] [DEBUG] [Incision][DEBUG] register id=top.maplex.incisiontest.cases.SurgeonAnchorMatrixScopeCases#leadExactTarget@22 targets=[top/maplex/incisiontest/fixture/AnchorMatrixFixture_Scope.scopeStarTarget()Ljava/lang/String;]
[15:22:03 INFO]: [Incision-Test-1.0.0] [DEBUG] [Incision][DEBUG] register id=top.maplex.incisiontest.cases.SurgeonAnchorMatrixScopeCases#trailClassAndMethodA@23 targets=[top/maplex/incisiontest/fixture/AnchorMatrixFixture_Scope.scopeClassA()I]
[15:22:03 INFO]: [Incision-Test-1.0.0] [DEBUG] [Incision][DEBUG] register id=top.maplex.incisiontest.cases.SurgeonAnchorMatrixScopeCases#trailClassAndMethodB@24 targets=[top/maplex/incisiontest/fixture/AnchorMatrixFixture_Scope.scopeClassB()I]
[15:22:03 INFO]: [Incision-Test-1.0.0] [DEBUG] [Incision][DEBUG] register id=top.maplex.incisiontest.cases.SurgeonAnchorMatrixScopeCases#spliceFull@25 targets=[top/maplex/incisiontest/fixture/AnchorMatrixFixture_Scope.scopeShorthandArgs(Ljava/lang/String;I)Ljava/lang/String;]
[15:22:03 INFO]: [Incision-Test-1.0.0] [DEBUG] [Incision][DEBUG] Site selector: anchor=INVOKE mode=EXACT target=top/maplex/incisiontest/fixture/AnchorMatrixFixture_Scope.inner1()I ordinal=0 matches=1..1
[15:22:03 INFO]: [Incision-Test-1.0.0] [DEBUG] [Incision][DEBUG] register id=top.maplex.incisiontest.cases.SurgeonAnchorMatrixScopeCases#bypassFullDescriptor@26 targets=[top/maplex/incisiontest/fixture/AnchorMatrixFixture_Scope.scopeInvokeHelper()I]
[15:22:03 INFO]: [Incision-Test-1.0.0] [DEBUG] [Incision][DEBUG] Site selector: anchor=INVOKE mode=EXACT target=top/maplex/incisiontest/fixture/AnchorMatrixFixture_Scope.inner2()I ordinal=0 matches=1..1
[15:22:03 INFO]: [Incision-Test-1.0.0] [DEBUG] [Incision][DEBUG] register id=top.maplex.incisiontest.cases.SurgeonAnchorMatrixScopeCases#graftFullDescriptor@27 targets=[top/maplex/incisiontest/fixture/AnchorMatrixFixture_Scope.scopeInvokeHelper()I]
[15:22:03 INFO]: [Incision-Test-1.0.0] [DEBUG] [Incision][DEBUG] Site selector: anchor=HEAD mode=EXACT target=. ordinal=0 matches=1..1
[15:22:03 INFO]: [Incision-Test-1.0.0] [DEBUG] [Incision][DEBUG] register id=top.maplex.incisiontest.cases.SurgeonAnchorMatrixScopeCases#trimFullDescriptor@28 targets=[top/maplex/incisiontest/fixture/AnchorMatrixFixture_Scope.scopeTrimArgs(Ljava/lang/String;I)Ljava/lang/String;]
[15:22:03 INFO]: [Incision-Test-1.0.0] [DEBUG] [Incision][DEBUG] installWeaver status=PENDING_LOAD owner=top/maplex/incisiontest/fixture/AnchorMatrixFixture_Scope resolved=top/maplex/incisiontest/fixture/AnchorMatrixFixture_Scope advices=9 total=9 backend=Instrumentation
[15:22:03 INFO]: [Incision-Test-1.0.0] [DEBUG] [Incision][DEBUG] Surgeon 扫描: top.maplex.incisiontest.cases.SurgeonAnchorMatrixScopeCases → 9 suture / 9 advice
[15:22:03 INFO]: [Incision-Test-1.0.0] [DEBUG] [Incision][DEBUG] register id=top.maplex.incisiontest.cases.SurgeonAnchorMatrixCases#headLead@42 targets=[top/maplex/incisiontest/fixture/AnchorMatrixFixture.matrixSimpleReturn()Ljava/lang/String;]
[15:22:03 INFO]: [Incision-Test-1.0.0] [DEBUG] [Incision][DEBUG] register id=top.maplex.incisiontest.cases.SurgeonAnchorMatrixCases#tailTrailNormal@43 targets=[top/maplex/incisiontest/fixture/AnchorMatrixFixture.matrixSimpleReturn()Ljava/lang/String;]
[15:22:03 INFO]: [Incision-Test-1.0.0] [DEBUG] [Incision][DEBUG] register id=top.maplex.incisiontest.cases.SurgeonAnchorMatrixCases#trailMultiReturn@44 targets=[top/maplex/incisiontest/fixture/AnchorMatrixFixture.matrixMultiReturn(Z)I]
[15:22:03 INFO]: [Incision-Test-1.0.0] [DEBUG] [Incision][DEBUG] register id=top.maplex.incisiontest.cases.SurgeonAnchorMatrixCases#trailOnThrow@45 targets=[top/maplex/incisiontest/fixture/AnchorMatrixFixture.matrixThrowUncaught(Z)Ljava/lang/String;]
[15:22:03 INFO]: [Incision-Test-1.0.0] [DEBUG] [Incision][DEBUG] Site selector: anchor=INVOKE mode=EXACT target=top/maplex/incisiontest/fixture/AnchorMatrixFixture.helperA(I)I ordinal=0 matches=1..1
[15:22:03 INFO]: [Incision-Test-1.0.0] [DEBUG] [Incision][DEBUG] register id=top.maplex.incisiontest.cases.SurgeonAnchorMatrixCases#graftInvokeBefore0@46 targets=[top/maplex/incisiontest/fixture/AnchorMatrixFixture.matrixInvokeChain(I)I]
[15:22:03 INFO]: [Incision-Test-1.0.0] [DEBUG] [Incision][DEBUG] Site selector: anchor=INVOKE mode=EXACT target=top/maplex/incisiontest/fixture/AnchorMatrixFixture.helperA(I)I ordinal=1 matches=1..1
[15:22:03 INFO]: [Incision-Test-1.0.0] [DEBUG] [Incision][DEBUG] register id=top.maplex.incisiontest.cases.SurgeonAnchorMatrixCases#graftInvokeBefore1@47 targets=[top/maplex/incisiontest/fixture/AnchorMatrixFixture.matrixInvokeChain(I)I]
[15:22:03 INFO]: [Incision-Test-1.0.0] [DEBUG] [Incision][DEBUG] Site selector: anchor=INVOKE mode=EXACT target=top/maplex/incisiontest/fixture/AnchorMatrixFixture.helperA(I)I ordinal=-1 matches=1..-1
[15:22:03 INFO]: [Incision-Test-1.0.0] [DEBUG] [Incision][DEBUG] register id=top.maplex.incisiontest.cases.SurgeonAnchorMatrixCases#graftInvokeBeforeAll@48 targets=[top/maplex/incisiontest/fixture/AnchorMatrixFixture.matrixInvokeChain(I)I]
[15:22:03 INFO]: [Incision-Test-1.0.0] [DEBUG] [Incision][DEBUG] Site selector: anchor=INVOKE mode=EXACT target=top/maplex/incisiontest/fixture/AnchorMatrixFixture.helperA(I)I ordinal=0 matches=1..1
[15:22:03 INFO]: [Incision-Test-1.0.0] [DEBUG] [Incision][DEBUG] register id=top.maplex.incisiontest.cases.SurgeonAnchorMatrixCases#graftInvokeAfter0@49 targets=[top/maplex/incisiontest/fixture/AnchorMatrixFixture.matrixInvokeChain(I)I]
[15:22:03 INFO]: [Incision-Test-1.0.0] [DEBUG] [Incision][DEBUG] Site selector: anchor=FIELD_GET mode=EXACT target=top/maplex/incisiontest/fixture/AnchorMatrixFixture.counterI ordinal=0 matches=1..1
[15:22:03 INFO]: [Incision-Test-1.0.0] [DEBUG] [Incision][DEBUG] register id=top.maplex.incisiontest.cases.SurgeonAnchorMatrixCases#graftFieldGet@50 targets=[top/maplex/incisiontest/fixture/AnchorMatrixFixture.matrixFieldRead()I]
[15:22:03 INFO]: [Incision-Test-1.0.0] [DEBUG] [Incision][DEBUG] Site selector: anchor=FIELD_PUT mode=EXACT target=top/maplex/incisiontest/fixture/AnchorMatrixFixture.lastWrittenI ordinal=0 matches=1..1
[15:22:03 INFO]: [Incision-Test-1.0.0] [DEBUG] [Incision][DEBUG] register id=top.maplex.incisiontest.cases.SurgeonAnchorMatrixCases#graftFieldPut@51 targets=[top/maplex/incisiontest/fixture/AnchorMatrixFixture.matrixFieldWrite(I)V]
[15:22:03 INFO]: [Incision-Test-1.0.0] [DEBUG] [Incision][DEBUG] Site selector: anchor=NEW mode=EXACT target=java/util/ArrayList. ordinal=0 matches=1..1
[15:22:03 INFO]: [Incision-Test-1.0.0] [DEBUG] [Incision][DEBUG] register id=top.maplex.incisiontest.cases.SurgeonAnchorMatrixCases#graftNew@52 targets=[top/maplex/incisiontest/fixture/AnchorMatrixFixture.matrixAllocate()Ljava/util/ArrayList;]
[15:22:03 INFO]: [Incision-Test-1.0.0] [DEBUG] [Incision][DEBUG] Site selector: anchor=THROW mode=EXACT target=. ordinal=0 matches=1..1
[15:22:03 INFO]: [Incision-Test-1.0.0] [DEBUG] [Incision][DEBUG] register id=top.maplex.incisiontest.cases.SurgeonAnchorMatrixCases#graftThrow@53 targets=[top/maplex/incisiontest/fixture/AnchorMatrixFixture.matrixThrowUncaught(Z)Ljava/lang/String;]
[15:22:03 INFO]: [Incision-Test-1.0.0] [DEBUG] [Incision][DEBUG] Site selector: anchor=INVOKE mode=EXACT target=top/maplex/incisiontest/fixture/AnchorMatrixFixture.helperA(I)I ordinal=0 matches=1..1
[15:22:03 INFO]: [Incision-Test-1.0.0] [DEBUG] [Incision][DEBUG] register id=top.maplex.incisiontest.cases.SurgeonAnchorMatrixCases#bypassReplace@54 targets=[top/maplex/incisiontest/fixture/AnchorMatrixFixture.matrixInvokeMixed(I)I]
[15:22:03 INFO]: [Incision-Test-1.0.0] [DEBUG] [Incision][DEBUG] Site selector: anchor=RETURN mode=EXACT target=. ordinal=0 matches=1..1
[15:22:03 INFO]: [Incision-Test-1.0.0] [DEBUG] [Incision][DEBUG] register id=top.maplex.incisiontest.cases.SurgeonAnchorMatrixCases#trimReturnPlain@55 targets=[top/maplex/incisiontest/fixture/AnchorMatrixFixture.matrixPlainReturn()I]
[15:22:03 INFO]: [Incision-Test-1.0.0] [DEBUG] [Incision][DEBUG] Site selector: anchor=HEAD mode=EXACT target=. ordinal=0 matches=1..1
[15:22:03 INFO]: [Incision-Test-1.0.0] [DEBUG] [Incision][DEBUG] register id=top.maplex.incisiontest.cases.SurgeonAnchorMatrixCases#trimArg0@56 targets=[top/maplex/incisiontest/fixture/AnchorMatrixFixture.matrixEcho(Ljava/lang/String;)Ljava/lang/String;]
[15:22:03 INFO]: [Incision-Test-1.0.0] [DEBUG] [Incision][DEBUG] Site selector: anchor=HEAD mode=EXACT target=. ordinal=0 matches=1..1
[15:22:03 INFO]: [Incision-Test-1.0.0] [DEBUG] [Incision][DEBUG] register id=top.maplex.incisiontest.cases.SurgeonAnchorMatrixCases#trimArg1@57 targets=[top/maplex/incisiontest/fixture/AnchorMatrixFixture.matrixCombine(Ljava/lang/String;Ljava/lang/String;)Ljava/lang/String;]
[15:22:03 INFO]: [Incision-Test-1.0.0] [DEBUG] [Incision][DEBUG] register id=top.maplex.incisiontest.cases.SurgeonAnchorMatrixCases#exciseFullReplace@58 targets=[top/maplex/incisiontest/fixture/AnchorMatrixFixture.matrixExciseTarget()Ljava/lang/String;]
[15:22:03 INFO]: [Incision-Test-1.0.0] [DEBUG] [Incision][DEBUG] register id=top.maplex.incisiontest.cases.SurgeonAnchorMatrixCases#spliceProceedAndKeep@59 targets=[top/maplex/incisiontest/fixture/AnchorMatrixFixture.matrixSpliceTarget(I)I]
[15:22:03 INFO]: [Incision-Test-1.0.0] [DEBUG] [Incision][DEBUG] installWeaver status=PENDING_LOAD owner=top/maplex/incisiontest/fixture/AnchorMatrixFixture resolved=top/maplex/incisiontest/fixture/AnchorMatrixFixture advices=18 total=18 backend=Instrumentation
[15:22:03 INFO]: [Incision-Test-1.0.0] [DEBUG] [Incision][DEBUG] Surgeon 扫描: top.maplex.incisiontest.cases.SurgeonAnchorMatrixCases → 18 suture / 18 advice
[15:22:03 INFO]: [Incision-Test-1.0.0] [DEBUG] [Incision][DEBUG] Site selector: anchor=HEAD mode=EXACT target=. ordinal=0 matches=1..1
[15:22:03 INFO]: [Incision-Test-1.0.0] [DEBUG] [Incision][DEBUG] register id=top.maplex.incisiontest.cases.SurgeonAnchorMatrixTrimCases#trimArgSingle@18 targets=[top/maplex/incisiontest/fixture/AnchorMatrixFixture_Trim.trimSingleArg(Ljava/lang/String;)Ljava/lang/String;]
[15:22:03 INFO]: [Incision-Test-1.0.0] [DEBUG] [Incision][DEBUG] Site selector: anchor=HEAD mode=EXACT target=. ordinal=0 matches=1..1
[15:22:03 INFO]: [Incision-Test-1.0.0] [DEBUG] [Incision][DEBUG] register id=top.maplex.incisiontest.cases.SurgeonAnchorMatrixTrimCases#trimArgDouble0@19 targets=[top/maplex/incisiontest/fixture/AnchorMatrixFixture_Trim.trimDoubleArg(Ljava/lang/String;Ljava/lang/String;)Ljava/lang/String;]
[15:22:03 INFO]: [Incision-Test-1.0.0] [DEBUG] [Incision][DEBUG] Site selector: anchor=HEAD mode=EXACT target=. ordinal=0 matches=1..1
[15:22:03 INFO]: [Incision-Test-1.0.0] [DEBUG] [Incision][DEBUG] register id=top.maplex.incisiontest.cases.SurgeonAnchorMatrixTrimCases#trimArgDouble1@20 targets=[top/maplex/incisiontest/fixture/AnchorMatrixFixture_Trim.trimDoubleArg(Ljava/lang/String;Ljava/lang/String;)Ljava/lang/String;]
[15:22:03 INFO]: [Incision-Test-1.0.0] [DEBUG] [Incision][DEBUG] Site selector: anchor=HEAD mode=EXACT target=. ordinal=0 matches=1..1
[15:22:03 INFO]: [Incision-Test-1.0.0] [DEBUG] [Incision][DEBUG] register id=top.maplex.incisiontest.cases.SurgeonAnchorMatrixTrimCases#trimArgTriple2@21 targets=[top/maplex/incisiontest/fixture/AnchorMatrixFixture_Trim.trimTripleArg(Ljava/lang/String;Ljava/lang/String;Ljava/lang/String;)Ljava/lang/String;]
[15:22:03 INFO]: [Incision-Test-1.0.0] [DEBUG] [Incision][DEBUG] Site selector: anchor=HEAD mode=EXACT target=. ordinal=0 matches=1..1
[15:22:03 INFO]: [Incision-Test-1.0.0] [DEBUG] [Incision][DEBUG] register id=top.maplex.incisiontest.cases.SurgeonAnchorMatrixTrimCases#trimArgQuad3@22 targets=[top/maplex/incisiontest/fixture/AnchorMatrixFixture_Trim.trimQuadArg(Ljava/lang/String;Ljava/lang/String;Ljava/lang/String;Ljava/lang/String;)Ljava/lang/String;]
[15:22:03 INFO]: [Incision-Test-1.0.0] [DEBUG] [Incision][DEBUG] Site selector: anchor=RETURN mode=EXACT target=. ordinal=0 matches=1..1
[15:22:03 INFO]: [Incision-Test-1.0.0] [DEBUG] [Incision][DEBUG] register id=top.maplex.incisiontest.cases.SurgeonAnchorMatrixTrimCases#trimReturnInt@23 targets=[top/maplex/incisiontest/fixture/AnchorMatrixFixture_Trim.trimReturnInt()I]
[15:22:03 INFO]: [Incision-Test-1.0.0] [DEBUG] [Incision][DEBUG] Site selector: anchor=RETURN mode=EXACT target=. ordinal=0 matches=1..1
[15:22:03 INFO]: [Incision-Test-1.0.0] [DEBUG] [Incision][DEBUG] register id=top.maplex.incisiontest.cases.SurgeonAnchorMatrixTrimCases#trimReturnLong@24 targets=[top/maplex/incisiontest/fixture/AnchorMatrixFixture_Trim.trimReturnLong()J]
[15:22:03 INFO]: [Incision-Test-1.0.0] [DEBUG] [Incision][DEBUG] Site selector: anchor=RETURN mode=EXACT target=. ordinal=0 matches=1..1
[15:22:03 INFO]: [Incision-Test-1.0.0] [DEBUG] [Incision][DEBUG] register id=top.maplex.incisiontest.cases.SurgeonAnchorMatrixTrimCases#trimReturnString@25 targets=[top/maplex/incisiontest/fixture/AnchorMatrixFixture_Trim.trimReturnString()Ljava/lang/String;]
[15:22:03 INFO]: [Incision-Test-1.0.0] [DEBUG] [Incision][DEBUG] Site selector: anchor=RETURN mode=EXACT target=. ordinal=0 matches=1..1
[15:22:03 INFO]: [Incision-Test-1.0.0] [DEBUG] [Incision][DEBUG] register id=top.maplex.incisiontest.cases.SurgeonAnchorMatrixTrimCases#trimReturnBool@26 targets=[top/maplex/incisiontest/fixture/AnchorMatrixFixture_Trim.trimReturnBoolean()Z]
[15:22:03 INFO]: [Incision-Test-1.0.0] [DEBUG] [Incision][DEBUG] installWeaver status=PENDING_LOAD owner=top/maplex/incisiontest/fixture/AnchorMatrixFixture_Trim resolved=top/maplex/incisiontest/fixture/AnchorMatrixFixture_Trim advices=9 total=9 backend=Instrumentation
[15:22:03 INFO]: [Incision-Test-1.0.0] [DEBUG] [Incision][DEBUG] Surgeon 扫描: top.maplex.incisiontest.cases.SurgeonAnchorMatrixTrimCases → 9 suture / 9 advice
[15:22:03 INFO]: [Incision-Test-1.0.0] [DEBUG] [Incision][DEBUG] register id=top.maplex.incisiontest.cases.OperationMatrixCases#adviceM1@19 targets=[top/maplex/incisiontest/fixture/OperationMatrixFixture.m1Default()I]
[15:22:03 INFO]: [Incision-Test-1.0.0] [DEBUG] [Incision][DEBUG] register id=top.maplex.incisiontest.cases.OperationMatrixCases#m2-cust@20 targets=[top/maplex/incisiontest/fixture/OperationMatrixFixture.m2CustomId()I]
[15:22:03 INFO]: [Incision-Test-1.0.0] [DEBUG] [Incision][DEBUG] register id=top.maplex.incisiontest.cases.OperationMatrixCases#adviceM3@21 targets=[top/maplex/incisiontest/fixture/OperationMatrixFixture.m3DisabledNoId()I]
[15:22:03 INFO]: [Incision-Test-1.0.0] [DEBUG] [Incision][DEBUG] register id=top.maplex.incisiontest.cases.OperationMatrixCases#adviceM4@22 targets=[top/maplex/incisiontest/fixture/OperationMatrixFixture.m4PriorityPositive()I]
[15:22:03 INFO]: [Incision-Test-1.0.0] [DEBUG] [Incision][DEBUG] register id=top.maplex.incisiontest.cases.OperationMatrixCases#adviceM5@23 targets=[top/maplex/incisiontest/fixture/OperationMatrixFixture.m5PriorityNegative()I]
[15:22:03 INFO]: [Incision-Test-1.0.0] [DEBUG] [Incision][DEBUG] register id=top.maplex.incisiontest.cases.OperationMatrixCases#m6-cust@24 targets=[top/maplex/incisiontest/fixture/OperationMatrixFixture.m6IdAndPriority()I]
[15:22:03 INFO]: [Incision-Test-1.0.0] [DEBUG] [Incision][DEBUG] register id=top.maplex.incisiontest.cases.OperationMatrixCases#m7-cust@25 targets=[top/maplex/incisiontest/fixture/OperationMatrixFixture.m7IdAndDisabled()I]
[15:22:03 INFO]: [Incision-Test-1.0.0] [DEBUG] [Incision][DEBUG] register id=top.maplex.incisiontest.cases.OperationMatrixCases#m8-cust@26 targets=[top/maplex/incisiontest/fixture/OperationMatrixFixture.m8AllThree()I]
[15:22:03 INFO]: [Incision-Test-1.0.0] [DEBUG] [Incision][DEBUG] register id=top.maplex.incisiontest.cases.OperationMatrixCases#adviceM9@27 targets=[top/maplex/incisiontest/fixture/OperationMatrixFixture.m9PriorityZeroExplicit()I]
[15:22:03 INFO]: [Incision-Test-1.0.0] [DEBUG] [Incision][DEBUG] register id=top.maplex.incisiontest.cases.OperationMatrixCases#orderHigh@28 targets=[top/maplex/incisiontest/fixture/OperationMatrixFixture.mOrderTarget()Ljava/util/List;]
[15:22:03 INFO]: [Incision-Test-1.0.0] [DEBUG] [Incision][DEBUG] register id=top.maplex.incisiontest.cases.OperationMatrixCases#orderMid@29 targets=[top/maplex/incisiontest/fixture/OperationMatrixFixture.mOrderTarget()Ljava/util/List;]
[15:22:03 INFO]: [Incision-Test-1.0.0] [DEBUG] [Incision][DEBUG] register id=top.maplex.incisiontest.cases.OperationMatrixCases#orderZero@30 targets=[top/maplex/incisiontest/fixture/OperationMatrixFixture.mOrderTarget()Ljava/util/List;]
[15:22:03 INFO]: [Incision-Test-1.0.0] [DEBUG] [Incision][DEBUG] register id=top.maplex.incisiontest.cases.OperationMatrixCases#orderLow@31 targets=[top/maplex/incisiontest/fixture/OperationMatrixFixture.mOrderTarget()Ljava/util/List;]
[15:22:03 INFO]: [Incision-Test-1.0.0] [DEBUG] [Incision][DEBUG] installWeaver status=PENDING_LOAD owner=top/maplex/incisiontest/fixture/OperationMatrixFixture resolved=top/maplex/incisiontest/fixture/OperationMatrixFixture advices=13 total=13 backend=Instrumentation
[15:22:03 INFO]: [Incision-Test-1.0.0] [DEBUG] [Incision][DEBUG] Surgeon 扫描: top.maplex.incisiontest.cases.OperationMatrixCases → 13 suture / 13 advice
[15:22:03 INFO]: [Incision-Test-1.0.0] [DEBUG] [Incision][DEBUG] register id=top.maplex.incisiontest.cases.SurgeonVersionCases#onLegacy@29 targets=[top/maplex/incisiontest/fixture/SurgeonVersionTargetFixture.versionedTarget()Ljava/lang/String;]
[15:22:03 INFO]: [Incision-Test-1.0.0] [DEBUG] [Incision][DEBUG] @Surgeon top.maplex.incisiontest.cases.SurgeonVersionCases#onModern 因 @Version([1.17, 26.1]) 跳过 (current=1.12.2)
[15:22:03 INFO]: [Incision-Test-1.0.0] [DEBUG] [Incision][DEBUG] @Surgeon top.maplex.incisiontest.cases.SurgeonVersionCases#onFuture 因 @Version([26.1, ]) 跳过 (current=1.12.2)
[15:22:03 INFO]: [Incision-Test-1.0.0] [DEBUG] [Incision][DEBUG] register id=top.maplex.incisiontest.cases.SurgeonVersionCases#onNoop@32 targets=[top/maplex/incisiontest/fixture/SurgeonVersionTargetFixture.noopMatcherTarget()Ljava/lang/String;]
[15:22:03 INFO]: [Incision-Test-1.0.0] [DEBUG] [Incision][DEBUG] resolveOwner: net/minecraft/server/MinecraftServer → net/minecraft/server/v1_12_R1/MinecraftServer
[15:22:03 INFO]: [Incision-Test-1.0.0] [DEBUG] [Incision][DEBUG] resolveOwner: net/minecraft/server/MinecraftServer → net/minecraft/server/v1_12_R1/MinecraftServer
[15:22:03 INFO]: [Incision-Test-1.0.0] [DEBUG] [Incision][DEBUG] register id=top.maplex.incisiontest.cases.SurgeonVersionCases#onNmsGetPlayerCount@33 targets=[net/minecraft/server/v1_12_R1/MinecraftServer.getPlayerCount()I]
[15:22:03 INFO]: [Incision-Test-1.0.0] [DEBUG] [Incision][DEBUG] register id=top.maplex.incisiontest.cases.SurgeonVersionCases#onFakeInRange@34 targets=[top/maplex/incisiontest/fixture/SurgeonVersionTargetFixture.fakeMatcherInRange()Ljava/lang/String;]
[15:22:03 INFO]: [Incision-Test-1.0.0] [DEBUG] [Incision][DEBUG] @Surgeon top.maplex.incisiontest.cases.SurgeonVersionCases#onFakeBelowStart 因 @Version([3.0, 4.0]) 跳过 (current=2.5)
[15:22:03 INFO]: [Incision-Test-1.0.0] [DEBUG] [Incision][DEBUG] @Surgeon top.maplex.incisiontest.cases.SurgeonVersionCases#onFakeAboveEnd 因 @Version([0.1, 1.0]) 跳过 (current=2.5)
[15:22:03 INFO]: [Incision-Test-1.0.0] [DEBUG] [Incision][DEBUG] register id=top.maplex.incisiontest.cases.SurgeonVersionCases#onFakeBoundaryEnd@37 targets=[top/maplex/incisiontest/fixture/SurgeonVersionTargetFixture.fakeMatcherBoundaryEnd()Ljava/lang/String;]
[15:22:03 INFO]: [Incision-Test-1.0.0] [DEBUG] [Incision][DEBUG] register id=top.maplex.incisiontest.cases.SurgeonVersionCases#onFakeBoundaryStart@38 targets=[top/maplex/incisiontest/fixture/SurgeonVersionTargetFixture.fakeMatcherBoundaryStart()Ljava/lang/String;]
[15:22:03 WARN]: [Incision-Test-1.0.0] [Incision][WARN] VersionMatcher 解析失败: top.maplex.incisiontest.api.FailingVersionMatcher — java.lang.reflect.InvocationTargetException: null; fail-closed
[15:22:03 INFO]: [Incision-Test-1.0.0] [DEBUG] [Incision][DEBUG] register id=top.maplex.incisiontest.cases.SurgeonVersionCases#onMissingMatcherFallback@39 targets=[top/maplex/incisiontest/fixture/SurgeonVersionTargetFixture.missingMatcherFallback()Ljava/lang/String;]
[15:22:03 INFO]: [Incision-Test-1.0.0] [DEBUG] [Incision][DEBUG] @Surgeon top.maplex.incisiontest.cases.SurgeonVersionCases#onMultiRange0 因 @Version([0, 1]) 跳过 (current=2.5)
[15:22:03 INFO]: [Incision-Test-1.0.0] [DEBUG] [Incision][DEBUG] register id=top.maplex.incisiontest.cases.SurgeonVersionCases#onMultiRange1@41 targets=[top/maplex/incisiontest/fixture/SurgeonVersionTargetFixture.multiRangeByIndex()Ljava/lang/String;]
[15:22:03 INFO]: [Incision-Test-1.0.0] [DEBUG] [Incision][DEBUG] @Surgeon top.maplex.incisiontest.cases.SurgeonVersionCases#onMultiRange2 因 @Version([4, 5]) 跳过 (current=2.5)
[15:22:03 INFO]: [Incision-Test-1.0.0] [DEBUG] [Incision][DEBUG] installWeaver status=PENDING_LOAD owner=top/maplex/incisiontest/fixture/SurgeonVersionTargetFixture resolved=top/maplex/incisiontest/fixture/SurgeonVersionTargetFixture advices=7 total=7 backend=Instrumentation
[15:22:03 INFO]: [Incision-Test-1.0.0] [DEBUG] [Incision][DEBUG] weave inject net/minecraft/server/v1_12_R1/MinecraftServer.getPlayerCount()I kinds=[LEAD] static=false
[15:22:03 INFO]: [Incision-Test-1.0.0] [DEBUG] [Incision][DEBUG] installWeaver status=INSTALLED owner=net/minecraft/server/v1_12_R1/MinecraftServer resolved=net/minecraft/server/v1_12_R1/MinecraftServer advices=1 total=2 backend=Instrumentation
[15:22:03 INFO]: [Incision-Test-1.0.0] [DEBUG] [Incision][DEBUG] Surgeon 扫描: top.maplex.incisiontest.cases.SurgeonVersionCases → 8 suture / 8 advice
[15:22:03 INFO]: [Incision-Test-1.0.0] [DEBUG] [Incision][DEBUG] register id=top.maplex.incisiontest.cases.AccessorUtilCases#onProcess@26 targets=[top/maplex/incisiontest/fixture/UtilFixture.process(Ljava/lang/String;ILjava/lang/Object;)Ljava/lang/String;]
[15:22:03 INFO]: [Incision-Test-1.0.0] [DEBUG] [Incision][DEBUG] installWeaver status=PENDING_LOAD owner=top/maplex/incisiontest/fixture/UtilFixture resolved=top/maplex/incisiontest/fixture/UtilFixture advices=1 total=1 backend=Instrumentation
[15:22:03 INFO]: [Incision-Test-1.0.0] [DEBUG] [Incision][DEBUG] Surgeon 扫描: top.maplex.incisiontest.cases.AccessorUtilCases → 1 suture / 1 advice
[15:22:03 INFO]: [Incision-Test-1.0.0] [DEBUG] [Incision][DEBUG] resolveOwner: net/minecraft/world/item/enchantment/EnchantmentHelper → net/minecraft/server/v1_12_R1/EnchantmentManager
[15:22:03 INFO]: [Incision-Test-1.0.0] [DEBUG] [Incision][DEBUG] resolveOwner: net/minecraft/server/level/ServerLevel → net/minecraft/server/v1_12_R1/WorldServer
[15:22:03 INFO]: [Incision-Test-1.0.0] [DEBUG] [Incision][DEBUG] resolveOwner: net/minecraft/world/item/ItemStack → net/minecraft/server/v1_12_R1/ItemStack
[15:22:03 INFO]: [Incision-Test-1.0.0] [DEBUG] [Incision][DEBUG] resolveOwner: net/minecraft/world/entity/Entity → net/minecraft/server/v1_12_R1/Entity
[15:22:03 INFO]: [Incision-Test-1.0.0] [DEBUG] [Incision][DEBUG] resolveOwner: net/minecraft/world/damagesource/DamageSource → net/minecraft/server/v1_12_R1/DamageSource
[15:22:03 INFO]: [Incision-Test-1.0.0] [DEBUG] [Incision][DEBUG] resolveOwner: net/minecraft/world/item/enchantment/EnchantmentHelper → net/minecraft/server/v1_12_R1/EnchantmentManager
[15:22:03 INFO]: [Incision-Test-1.0.0] [DEBUG] [Incision][DEBUG] resolveOwner: net/minecraft/server/level/ServerLevel → net/minecraft/server/v1_12_R1/WorldServer
[15:22:03 INFO]: [Incision-Test-1.0.0] [DEBUG] [Incision][DEBUG] resolveOwner: net/minecraft/world/item/ItemStack → net/minecraft/server/v1_12_R1/ItemStack
[15:22:03 INFO]: [Incision-Test-1.0.0] [DEBUG] [Incision][DEBUG] resolveOwner: net/minecraft/world/entity/Entity → net/minecraft/server/v1_12_R1/Entity
[15:22:03 INFO]: [Incision-Test-1.0.0] [DEBUG] [Incision][DEBUG] resolveOwner: net/minecraft/world/damagesource/DamageSource → net/minecraft/server/v1_12_R1/DamageSource
[15:22:03 INFO]: [Incision-Test-1.0.0] [DEBUG] [Incision][DEBUG] register id=top.maplex.incisiontest.cases.SharpnessObserver#observeSharpness@0 targets=[net/minecraft/server/v1_12_R1/EnchantmentManager.modifyDamage(Lnet/minecraft/server/v1_12_R1/WorldServer;Lnet/minecraft/server/v1_12_R1/ItemStack;Lnet/minecraft/server/v1_12_R1/Entity;Lnet/minecraft/server/v1_12_R1/DamageSource;F)F]
[15:22:03 INFO]: [Incision-Test-1.0.0] [DEBUG] [Incision][DEBUG] installWeaver status=PENDING_LOAD owner=net/minecraft/server/v1_12_R1/EnchantmentManager resolved=net/minecraft/server/v1_12_R1/EnchantmentManager advices=1 total=2 backend=Instrumentation
[15:22:03 INFO]: [Incision-Test-1.0.0] [DEBUG] [Incision][DEBUG] Surgeon 扫描: top.maplex.incisiontest.cases.SharpnessObserver → 1 suture / 1 advice
[15:22:03 INFO]: [Incision-Test-1.0.0] [DEBUG] [Incision][DEBUG] register id=top.maplex.incisiontest.cases.SurgeonAnchorMatrixPriorityLow#lowPriority@2 targets=[top/maplex/incisiontest/fixture/AnchorMatrixFixture_Priority.prioritySurgeonTarget()Ljava/lang/String;]
[15:22:03 INFO]: [Incision-Test-1.0.0] [DEBUG] [Incision][DEBUG] installWeaver status=PENDING_LOAD owner=top/maplex/incisiontest/fixture/AnchorMatrixFixture_Priority resolved=top/maplex/incisiontest/fixture/AnchorMatrixFixture_Priority advices=1 total=7 backend=Instrumentation
[15:22:03 INFO]: [Incision-Test-1.0.0] [DEBUG] [Incision][DEBUG] Surgeon 扫描: top.maplex.incisiontest.cases.SurgeonAnchorMatrixPriorityLow → 1 suture / 1 advice
[15:22:03 INFO]: [Incision-Test-1.0.0] [DEBUG] [Incision][DEBUG] register id=top.maplex.incisiontest.cases.KotlinTargetMatrixCases#onFF@20 targets=[top/maplex/incisiontest/fixture/KotlinTargetMatrixFixture.ffEcho(Ljava/lang/String;)Ljava/lang/String;]
[15:22:03 INFO]: [Incision-Test-1.0.0] [DEBUG] [Incision][DEBUG] register id=top.maplex.incisiontest.cases.KotlinTargetMatrixCases#onFFAlt@21 targets=[top/maplex/incisiontest/fixture/KotlinTargetMatrixFixture.ffAltMethod(I)I]
[15:22:03 INFO]: [Incision-Test-1.0.0] [DEBUG] [Incision][DEBUG] register id=top.maplex.incisiontest.cases.KotlinTargetMatrixCases#onFT@22 targets=[top/maplex/incisiontest/fixture/KotlinTargetMatrixFixture.ftStaticEcho(Ljava/lang/String;)Ljava/lang/String;]
[15:22:03 INFO]: [Incision-Test-1.0.0] [DEBUG] [Incision][DEBUG] register id=top.maplex.incisiontest.cases.KotlinTargetMatrixCases#onFTAlt@23 targets=[top/maplex/incisiontest/fixture/KotlinTargetMatrixFixture.ftStaticAlt(I)I]
[15:22:03 INFO]: [Incision-Test-1.0.0] [DEBUG] [Incision][DEBUG] register id=top.maplex.incisiontest.cases.KotlinTargetMatrixCases#onTF@24 targets=[top/maplex/incisiontest/fixture/KotlinTargetMatrixFixture$Companion.tfCompanionEcho(Ljava/lang/String;)Ljava/lang/String;]
[15:22:03 INFO]: [Incision-Test-1.0.0] [DEBUG] [Incision][DEBUG] register id=top.maplex.incisiontest.cases.KotlinTargetMatrixCases#onTFAlt@25 targets=[top/maplex/incisiontest/fixture/KotlinTargetMatrixFixture$Companion.tfCompanionAlt(I)I]
[15:22:03 INFO]: [Incision-Test-1.0.0] [DEBUG] [Incision][DEBUG] register id=top.maplex.incisiontest.cases.KotlinTargetMatrixCases#onTTStatic@26 targets=[top/maplex/incisiontest/fixture/KotlinTargetMatrixFixture.ttBothEcho(Ljava/lang/String;)Ljava/lang/String;]
[15:22:03 INFO]: [Incision-Test-1.0.0] [DEBUG] [Incision][DEBUG] register id=top.maplex.incisiontest.cases.KotlinTargetMatrixCases#onTTCompanion@27 targets=[top/maplex/incisiontest/fixture/KotlinTargetMatrixFixture$Companion.ttBothEcho(Ljava/lang/String;)Ljava/lang/String;]
[15:22:03 INFO]: [Incision-Test-1.0.0] [DEBUG] [Incision][DEBUG] register id=top.maplex.incisiontest.cases.KotlinTargetMatrixCases#onTTAltStatic@28 targets=[top/maplex/incisiontest/fixture/KotlinTargetMatrixFixture.ttBothAlt(I)I]
[15:22:03 INFO]: [Incision-Test-1.0.0] [DEBUG] [Incision][DEBUG] register id=top.maplex.incisiontest.cases.KotlinTargetMatrixCases#onTTAltCompanion@29 targets=[top/maplex/incisiontest/fixture/KotlinTargetMatrixFixture$Companion.ttBothAlt(I)I]
[15:22:03 INFO]: [Incision-Test-1.0.0] [DEBUG] [Incision][DEBUG] installWeaver status=PENDING_LOAD owner=top/maplex/incisiontest/fixture/KotlinTargetMatrixFixture resolved=top/maplex/incisiontest/fixture/KotlinTargetMatrixFixture advices=6 total=6 backend=Instrumentation
[15:22:03 INFO]: [Incision-Test-1.0.0] [DEBUG] [Incision][DEBUG] installWeaver status=PENDING_LOAD owner=top/maplex/incisiontest/fixture/KotlinTargetMatrixFixture$Companion resolved=top/maplex/incisiontest/fixture/KotlinTargetMatrixFixture$Companion advices=4 total=4 backend=Instrumentation
[15:22:03 INFO]: [Incision-Test-1.0.0] [DEBUG] [Incision][DEBUG] Surgeon 扫描: top.maplex.incisiontest.cases.KotlinTargetMatrixCases → 10 suture / 10 advice
[15:22:03 INFO]: [Incision-Test-1.0.0] [DEBUG] [Incision][DEBUG] register id=top.maplex.incisiontest.cases.AccessorCases#onPublicDouble@18 targets=[top/maplex/incisiontest/fixture/AccessorFixture.publicDouble(I)I]
[15:22:03 INFO]: [Incision-Test-1.0.0] [DEBUG] [Incision][DEBUG] weave inject top/maplex/incisiontest/fixture/AccessorFixture.publicDouble(I)I kinds=[LEAD] static=false
[15:22:03 INFO]: [Incision-Test-1.0.0] [DEBUG] [Incision][DEBUG] installWeaver status=INSTALLED owner=top/maplex/incisiontest/fixture/AccessorFixture resolved=top/maplex/incisiontest/fixture/AccessorFixture advices=1 total=1 backend=Instrumentation
[15:22:03 INFO]: [Incision-Test-1.0.0] [DEBUG] [Incision][DEBUG] Surgeon 扫描: top.maplex.incisiontest.cases.AccessorCases → 1 suture / 1 advice
[15:22:03 INFO]: [Incision-Test-1.0.0] [DEBUG] [Incision][DEBUG] register id=top.maplex.incisiontest.cases.SurgeonInsnPatternCases#onAccumulatePattern@73 targets=[top/maplex/incisiontest/fixture/InsnPatternFixture.accumulate(I)I]
[15:22:03 INFO]: [Incision-Test-1.0.0] [DEBUG] [Incision][DEBUG] register id=top.maplex.incisiontest.cases.SurgeonInsnPatternCases#onArithmeticIconst5@74 targets=[top/maplex/incisiontest/fixture/ComplexOpcodeFixture.arithmetic(I)I]
[15:22:03 INFO]: [Incision-Test-1.0.0] [DEBUG] [Incision][DEBUG] register id=top.maplex.incisiontest.cases.SurgeonInsnPatternCases#onArithmeticSeq2@75 targets=[top/maplex/incisiontest/fixture/ComplexOpcodeFixture.arithmetic(I)I]
[15:22:03 INFO]: [Incision-Test-1.0.0] [DEBUG] [Incision][DEBUG] register id=top.maplex.incisiontest.cases.SurgeonInsnPatternCases#onArithmeticSeq4@76 targets=[top/maplex/incisiontest/fixture/ComplexOpcodeFixture.arithmetic(I)I]
[15:22:03 INFO]: [Incision-Test-1.0.0] [DEBUG] [Incision][DEBUG] register id=top.maplex.incisiontest.cases.SurgeonInsnPatternCases#onArithmeticAny@77 targets=[top/maplex/incisiontest/fixture/ComplexOpcodeFixture.arithmetic(I)I]
[15:22:03 INFO]: [Incision-Test-1.0.0] [DEBUG] [Incision][DEBUG] register id=top.maplex.incisiontest.cases.SurgeonInsnPatternCases#onIconstFamilyRepeat@78 targets=[top/maplex/incisiontest/fixture/ComplexOpcodeFixture.arithmetic(I)I]
[15:22:03 INFO]: [Incision-Test-1.0.0] [DEBUG] [Incision][DEBUG] register id=top.maplex.incisiontest.cases.SurgeonInsnPatternCases#onLdcString@79 targets=[top/maplex/incisiontest/fixture/ComplexOpcodeFixture.loadStrings()Ljava/lang/String;]
[15:22:03 INFO]: [Incision-Test-1.0.0] [DEBUG] [Incision][DEBUG] register id=top.maplex.incisiontest.cases.SurgeonInsnPatternCases#onLdcCstFiltered@80 targets=[top/maplex/incisiontest/fixture/ComplexOpcodeFixture.loadStrings()Ljava/lang/String;]
[15:22:03 INFO]: [Incision-Test-1.0.0] [DEBUG] [Incision][DEBUG] register id=top.maplex.incisiontest.cases.SurgeonInsnPatternCases#onFieldGet@81 targets=[top/maplex/incisiontest/fixture/ComplexOpcodeFixture.touchFields()I]
[15:22:03 INFO]: [Incision-Test-1.0.0] [DEBUG] [Incision][DEBUG] register id=top.maplex.incisiontest.cases.SurgeonInsnPatternCases#onFieldPut@82 targets=[top/maplex/incisiontest/fixture/ComplexOpcodeFixture.touchFields()I]
[15:22:03 INFO]: [Incision-Test-1.0.0] [DEBUG] [Incision][DEBUG] register id=top.maplex.incisiontest.cases.SurgeonInsnPatternCases#onNewStringBuilder@83 targets=[top/maplex/incisiontest/fixture/ComplexOpcodeFixture.buildBuffer()Ljava/lang/String;]
[15:22:03 INFO]: [Incision-Test-1.0.0] [DEBUG] [Incision][DEBUG] register id=top.maplex.incisiontest.cases.SurgeonInsnPatternCases#onInvokeVirtualGlob@84 targets=[top/maplex/incisiontest/fixture/ComplexOpcodeFixture.buildBuffer()Ljava/lang/String;]
[15:22:03 INFO]: [Incision-Test-1.0.0] [DEBUG] [Incision][DEBUG] register id=top.maplex.incisiontest.cases.SurgeonInsnPatternCases#onInvokeStaticMath@85 targets=[top/maplex/incisiontest/fixture/ComplexOpcodeFixture.staticCalls()I]
[15:22:03 INFO]: [Incision-Test-1.0.0] [DEBUG] [Incision][DEBUG] register id=top.maplex.incisiontest.cases.SurgeonInsnPatternCases#onNewArray@86 targets=[top/maplex/incisiontest/fixture/ComplexOpcodeFixture.arrays()I]
[15:22:03 INFO]: [Incision-Test-1.0.0] [DEBUG] [Incision][DEBUG] register id=top.maplex.incisiontest.cases.SurgeonInsnPatternCases#onANewArray@87 targets=[top/maplex/incisiontest/fixture/ComplexOpcodeFixture.arrays()I]
[15:22:03 INFO]: [Incision-Test-1.0.0] [DEBUG] [Incision][DEBUG] register id=top.maplex.incisiontest.cases.SurgeonInsnPatternCases#onInstanceOf@88 targets=[top/maplex/incisiontest/fixture/ComplexOpcodeFixture.typeCheck(Ljava/lang/Object;)I]
[15:22:03 INFO]: [Incision-Test-1.0.0] [DEBUG] [Incision][DEBUG] register id=top.maplex.incisiontest.cases.SurgeonInsnPatternCases#onCheckCast@89 targets=[top/maplex/incisiontest/fixture/ComplexOpcodeFixture.typeCheck(Ljava/lang/Object;)I]
[15:22:03 INFO]: [Incision-Test-1.0.0] [DEBUG] [Incision][DEBUG] register id=top.maplex.incisiontest.cases.SurgeonInsnPatternCases#onIfeq@90 targets=[top/maplex/incisiontest/fixture/ComplexOpcodeFixture.branch(Z)I]
[15:22:03 INFO]: [Incision-Test-1.0.0] [DEBUG] [Incision][DEBUG] @Surgeon pattern 未命中，跳过 advice: top.maplex.incisiontest.cases.SurgeonInsnPatternCases#onGoto
[15:22:03 INFO]: [Incision-Test-1.0.0] [DEBUG] [Incision][DEBUG] register id=top.maplex.incisiontest.cases.SurgeonInsnPatternCases#onAthrow@92 targets=[top/maplex/incisiontest/fixture/ComplexOpcodeFixture.throwIt()Ljava/lang/String;]
[15:22:03 INFO]: [Incision-Test-1.0.0] [DEBUG] [Incision][DEBUG] register id=top.maplex.incisiontest.cases.SurgeonInsnPatternCases#onReturn@93 targets=[top/maplex/incisiontest/fixture/ComplexOpcodeFixture.arithmetic(I)I]
[15:22:03 INFO]: [Incision-Test-1.0.0] [DEBUG] [Incision][DEBUG] register id=top.maplex.incisiontest.cases.SurgeonInsnPatternCases#onSeq3@94 targets=[top/maplex/incisiontest/fixture/ComplexOpcodeFixture.loadStrings()Ljava/lang/String;]
[15:22:03 INFO]: [Incision-Test-1.0.0] [DEBUG] [Incision][DEBUG] register id=top.maplex.incisiontest.cases.SurgeonInsnPatternCases#onEmptyPattern@95 targets=[top/maplex/incisiontest/fixture/ComplexOpcodeFixture.emptyBody()V]
[15:22:03 INFO]: [Incision-Test-1.0.0] [DEBUG] [Incision][DEBUG] register id=top.maplex.incisiontest.cases.SurgeonInsnPatternCases#onSeq5@96 targets=[top/maplex/incisiontest/fixture/ComplexOpcodeFixture.densePattern()I]
[15:22:03 INFO]: [Incision-Test-1.0.0] [DEBUG] [Incision][DEBUG] register id=top.maplex.incisiontest.cases.SurgeonInsnPatternCases#onRepeat2@97 targets=[top/maplex/incisiontest/fixture/ComplexOpcodeFixture.multiFieldPut()I]
[15:22:03 INFO]: [Incision-Test-1.0.0] [DEBUG] [Incision][DEBUG] register id=top.maplex.incisiontest.cases.SurgeonInsnPatternCases#onRepeat5@98 targets=[top/maplex/incisiontest/fixture/ComplexOpcodeFixture.multiFieldPut()I]
[15:22:03 INFO]: [Incision-Test-1.0.0] [DEBUG] [Incision][DEBUG] register id=top.maplex.incisiontest.cases.SurgeonInsnPatternCases#onCstNumeric@99 targets=[top/maplex/incisiontest/fixture/ComplexOpcodeFixture.numberLdc()J]
[15:22:03 INFO]: [Incision-Test-1.0.0] [DEBUG] [Incision][DEBUG] register id=top.maplex.incisiontest.cases.SurgeonInsnPatternCases#onGlobOwnerJavaLang@100 targets=[top/maplex/incisiontest/fixture/ComplexOpcodeFixture.staticCalls()I]
[15:22:03 INFO]: [Incision-Test-1.0.0] [DEBUG] [Incision][DEBUG] register id=top.maplex.incisiontest.cases.SurgeonInsnPatternCases#onGlobNameSuffix@101 targets=[top/maplex/incisiontest/fixture/ComplexOpcodeFixture.staticCalls()I]
[15:22:03 INFO]: [Incision-Test-1.0.0] [DEBUG] [Incision][DEBUG] @Surgeon pattern 未命中，跳过 advice: top.maplex.incisiontest.cases.SurgeonInsnPatternCases#onGlobDesc
[15:22:03 INFO]: [Incision-Test-1.0.0] [DEBUG] [Incision][DEBUG] register id=top.maplex.incisiontest.cases.SurgeonInsnPatternCases#onDescExact@103 targets=[top/maplex/incisiontest/fixture/ComplexOpcodeFixture.staticCalls()I]
[15:22:03 INFO]: [Incision-Test-1.0.0] [DEBUG] [Incision][DEBUG] register id=top.maplex.incisiontest.cases.SurgeonInsnPatternCases#onInvokeInterface@104 targets=[top/maplex/incisiontest/fixture/ComplexOpcodeFixture.interfaceCall(Ljava/util/List;)I]
[15:22:03 INFO]: [Incision-Test-1.0.0] [DEBUG] [Incision][DEBUG] register id=top.maplex.incisiontest.cases.SurgeonInsnPatternCases#onInvokeSpecial@105 targets=[top/maplex/incisiontest/fixture/ComplexOpcodeFixture.buildBuffer()Ljava/lang/String;]
[15:22:03 INFO]: [Incision-Test-1.0.0] [DEBUG] [Incision][DEBUG] register id=top.maplex.incisiontest.cases.SurgeonInsnPatternCases#onArrayLength@106 targets=[top/maplex/incisiontest/fixture/ComplexOpcodeFixture.arrays()I]
[15:22:03 INFO]: [Incision-Test-1.0.0] [DEBUG] [Incision][DEBUG] @Surgeon pattern 未命中，跳过 advice: top.maplex.incisiontest.cases.SurgeonInsnPatternCases#onNop
[15:22:03 INFO]: [Incision-Test-1.0.0] [DEBUG] [Incision][DEBUG] register id=top.maplex.incisiontest.cases.SurgeonInsnPatternCases#onDup@108 targets=[top/maplex/incisiontest/fixture/ComplexOpcodeFixture.buildBuffer()Ljava/lang/String;]
[15:22:03 INFO]: [Incision-Test-1.0.0] [DEBUG] [Incision][DEBUG] weave inject top/maplex/incisiontest/fixture/InsnPatternFixture.accumulate(I)I kinds=[LEAD] static=false
[15:22:03 INFO]: [Incision-Test-1.0.0] [DEBUG] [Incision][DEBUG] installWeaver status=INSTALLED owner=top/maplex/incisiontest/fixture/InsnPatternFixture resolved=top/maplex/incisiontest/fixture/InsnPatternFixture advices=1 total=1 backend=Instrumentation
[15:22:03 INFO]: [Incision-Test-1.0.0] [DEBUG] [Incision][DEBUG] weave inject top/maplex/incisiontest/fixture/ComplexOpcodeFixture.typeCheck(Ljava/lang/Object;)I kinds=[LEAD] static=false
[15:22:03 INFO]: [Incision-Test-1.0.0] [DEBUG] [Incision][DEBUG] weave inject top/maplex/incisiontest/fixture/ComplexOpcodeFixture.arrays()I kinds=[LEAD] static=false
[15:22:03 INFO]: [Incision-Test-1.0.0] [DEBUG] [Incision][DEBUG] weave inject top/maplex/incisiontest/fixture/ComplexOpcodeFixture.arithmetic(I)I kinds=[LEAD] static=false
[15:22:03 INFO]: [Incision-Test-1.0.0] [DEBUG] [Incision][DEBUG] weave inject top/maplex/incisiontest/fixture/ComplexOpcodeFixture.loadStrings()Ljava/lang/String; kinds=[LEAD] static=false
[15:22:03 INFO]: [Incision-Test-1.0.0] [DEBUG] [Incision][DEBUG] weave inject top/maplex/incisiontest/fixture/ComplexOpcodeFixture.interfaceCall(Ljava/util/List;)I kinds=[LEAD] static=false
[15:22:03 INFO]: [Incision-Test-1.0.0] [DEBUG] [Incision][DEBUG] weave inject top/maplex/incisiontest/fixture/ComplexOpcodeFixture.densePattern()I kinds=[LEAD] static=false
[15:22:03 INFO]: [Incision-Test-1.0.0] [DEBUG] [Incision][DEBUG] weave inject top/maplex/incisiontest/fixture/ComplexOpcodeFixture.throwIt()Ljava/lang/String; kinds=[LEAD] static=false
[15:22:03 INFO]: [Incision-Test-1.0.0] [DEBUG] [Incision][DEBUG] weave inject top/maplex/incisiontest/fixture/ComplexOpcodeFixture.branch(Z)I kinds=[LEAD] static=false
[15:22:03 INFO]: [Incision-Test-1.0.0] [DEBUG] [Incision][DEBUG] weave inject top/maplex/incisiontest/fixture/ComplexOpcodeFixture.staticCalls()I kinds=[LEAD] static=false
[15:22:03 INFO]: [Incision-Test-1.0.0] [DEBUG] [Incision][DEBUG] weave inject top/maplex/incisiontest/fixture/ComplexOpcodeFixture.touchFields()I kinds=[LEAD] static=false
[15:22:03 INFO]: [Incision-Test-1.0.0] [DEBUG] [Incision][DEBUG] weave inject top/maplex/incisiontest/fixture/ComplexOpcodeFixture.multiFieldPut()I kinds=[LEAD] static=false
[15:22:03 INFO]: [Incision-Test-1.0.0] [DEBUG] [Incision][DEBUG] weave inject top/maplex/incisiontest/fixture/ComplexOpcodeFixture.emptyBody()V kinds=[LEAD] static=false
[15:22:03 INFO]: [Incision-Test-1.0.0] [DEBUG] [Incision][DEBUG] weave inject top/maplex/incisiontest/fixture/ComplexOpcodeFixture.numberLdc()J kinds=[LEAD] static=false
[15:22:03 INFO]: [Incision-Test-1.0.0] [DEBUG] [Incision][DEBUG] weave inject top/maplex/incisiontest/fixture/ComplexOpcodeFixture.buildBuffer()Ljava/lang/String; kinds=[LEAD] static=false
[15:22:03 INFO]: [Incision-Test-1.0.0] [DEBUG] [Incision][DEBUG] installWeaver status=INSTALLED owner=top/maplex/incisiontest/fixture/ComplexOpcodeFixture resolved=top/maplex/incisiontest/fixture/ComplexOpcodeFixture advices=32 total=32 backend=Instrumentation
[15:22:03 INFO]: [Incision-Test-1.0.0] [DEBUG] [Incision][DEBUG] Surgeon 扫描: top.maplex.incisiontest.cases.SurgeonInsnPatternCases → 33 suture / 33 advice
[15:22:03 INFO]: [Incision-Test-1.0.0] [DEBUG] [Incision][DEBUG] register id=top.maplex.incisiontest.cases.SurgeonVersionMatrixCases#onBothEmpty@39 targets=[top/maplex/incisiontest/fixture/SurgeonVersionMatrixFixture.bothEmpty()Ljava/lang/String;]
[15:22:03 INFO]: [Incision-Test-1.0.0] [DEBUG] [Incision][DEBUG] register id=top.maplex.incisiontest.cases.SurgeonVersionMatrixCases#onOnlyEndGiven@40 targets=[top/maplex/incisiontest/fixture/SurgeonVersionMatrixFixture.onlyEndGiven()Ljava/lang/String;]
[15:22:03 INFO]: [Incision-Test-1.0.0] [DEBUG] [Incision][DEBUG] register id=top.maplex.incisiontest.cases.SurgeonVersionMatrixCases#onOnlyStartGiven@41 targets=[top/maplex/incisiontest/fixture/SurgeonVersionMatrixFixture.onlyStartGiven()Ljava/lang/String;]
[15:22:03 INFO]: [Incision-Test-1.0.0] [DEBUG] [Incision][DEBUG] register id=top.maplex.incisiontest.cases.SurgeonVersionMatrixCases#onSinglePoint@42 targets=[top/maplex/incisiontest/fixture/SurgeonVersionMatrixFixture.singlePoint()Ljava/lang/String;]
[15:22:03 INFO]: [Incision-Test-1.0.0] [DEBUG] [Incision][DEBUG] @Surgeon top.maplex.incisiontest.cases.SurgeonVersionMatrixCases#onInvertedRange 因 @Version([9.0, 1.0]) 跳过 (current=2.5)
[15:22:03 INFO]: [Incision-Test-1.0.0] [DEBUG] [Incision][DEBUG] register id=top.maplex.incisiontest.cases.SurgeonVersionMatrixCases#onLeadVersioned@44 targets=[top/maplex/incisiontest/fixture/SurgeonVersionMatrixFixture.leadTarget()Ljava/lang/String;]
[15:22:03 INFO]: [Incision-Test-1.0.0] [DEBUG] [Incision][DEBUG] register id=top.maplex.incisiontest.cases.SurgeonVersionMatrixCases#onTrailVersioned@45 targets=[top/maplex/incisiontest/fixture/SurgeonVersionMatrixFixture.trailTarget()Ljava/lang/String;]
[15:22:03 INFO]: [Incision-Test-1.0.0] [DEBUG] [Incision][DEBUG] register id=top.maplex.incisiontest.cases.SurgeonVersionMatrixCases#onSpliceVersioned@46 targets=[top/maplex/incisiontest/fixture/SurgeonVersionMatrixFixture.spliceTarget()Ljava/lang/String;]
[15:22:03 INFO]: [Incision-Test-1.0.0] [DEBUG] [Incision][DEBUG] register id=top.maplex.incisiontest.cases.SurgeonVersionMatrixCases#onExciseVersioned@47 targets=[top/maplex/incisiontest/fixture/SurgeonVersionMatrixFixture.exciseTarget()Ljava/lang/String;]
[15:22:03 INFO]: [Incision-Test-1.0.0] [DEBUG] [Incision][DEBUG] Site selector: anchor=INVOKE mode=EXACT target=top/maplex/incisiontest/fixture/SurgeonVersionMatrixFixture.helperForBypass()I ordinal=0 matches=1..1
[15:22:03 INFO]: [Incision-Test-1.0.0] [DEBUG] [Incision][DEBUG] register id=top.maplex.incisiontest.cases.SurgeonVersionMatrixCases#onBypassVersioned@48 targets=[top/maplex/incisiontest/fixture/SurgeonVersionMatrixFixture.bypassCallerTarget()I]
[15:22:03 INFO]: [Incision-Test-1.0.0] [DEBUG] [Incision][DEBUG] Site selector: anchor=NEW mode=EXACT target=java/lang/StringBuilder. ordinal=0 matches=1..1
[15:22:03 INFO]: [Incision-Test-1.0.0] [DEBUG] [Incision][DEBUG] register id=top.maplex.incisiontest.cases.SurgeonVersionMatrixCases#onGraftVersioned@49 targets=[top/maplex/incisiontest/fixture/SurgeonVersionMatrixFixture.graftCallerTarget()I]
[15:22:03 INFO]: [Incision-Test-1.0.0] [DEBUG] [Incision][DEBUG] Site selector: anchor=RETURN mode=EXACT target=. ordinal=0 matches=1..1
[15:22:03 INFO]: [Incision-Test-1.0.0] [DEBUG] [Incision][DEBUG] register id=top.maplex.incisiontest.cases.SurgeonVersionMatrixCases#onTrimReturnVersioned@50 targets=[top/maplex/incisiontest/fixture/SurgeonVersionMatrixFixture.trimReturnTarget()I]
[15:22:03 INFO]: [Incision-Test-1.0.0] [DEBUG] [Incision][DEBUG] @Surgeon top.maplex.incisiontest.cases.SurgeonVersionMatrixCases#onDefaultMatcher 因 @Version([2.0, 3.0]) 跳过 (current=1.12.2)
[15:22:03 INFO]: [Incision-Test-1.0.0] [DEBUG] [Incision][DEBUG] register id=top.maplex.incisiontest.cases.SurgeonVersionMatrixCases#onExplicitNoop@52 targets=[top/maplex/incisiontest/fixture/SurgeonVersionMatrixFixture.explicitNoopMatcherTarget()Ljava/lang/String;]
[15:22:03 INFO]: [Incision-Test-1.0.0] [DEBUG] [Incision][DEBUG] register id=top.maplex.incisiontest.cases.SurgeonVersionMatrixCases#onFakeNoBounds@53 targets=[top/maplex/incisiontest/fixture/SurgeonVersionMatrixFixture.fakeMatcherNoBoundsTarget()Ljava/lang/String;]
[15:22:03 INFO]: [Incision-Test-1.0.0] [DEBUG] [Incision][DEBUG] register id=top.maplex.incisiontest.cases.SurgeonVersionMatrixCases#onSegLongerStart@54 targets=[top/maplex/incisiontest/fixture/SurgeonVersionMatrixFixture.segmentLongerStart()Ljava/lang/String;]
[15:22:03 INFO]: [Incision-Test-1.0.0] [DEBUG] [Incision][DEBUG] register id=top.maplex.incisiontest.cases.SurgeonVersionMatrixCases#onSegLongerEnd@55 targets=[top/maplex/incisiontest/fixture/SurgeonVersionMatrixFixture.segmentLongerEnd()Ljava/lang/String;]
[15:22:03 INFO]: [Incision-Test-1.0.0] [DEBUG] [Incision][DEBUG] @Surgeon top.maplex.incisiontest.cases.SurgeonVersionMatrixCases#onMicroStepBelow 因 @Version([2.6, 3.0]) 跳过 (current=2.5)
[15:22:03 INFO]: [Incision-Test-1.0.0] [DEBUG] [Incision][DEBUG] @Surgeon top.maplex.incisiontest.cases.SurgeonVersionMatrixCases#onMicroStepAbove 因 @Version([2.0, 2.4]) 跳过 (current=2.5)
[15:22:03 INFO]: [Incision-Test-1.0.0] [DEBUG] [Incision][DEBUG] installWeaver status=PENDING_LOAD owner=top/maplex/incisiontest/fixture/SurgeonVersionMatrixFixture resolved=top/maplex/incisiontest/fixture/SurgeonVersionMatrixFixture advices=15 total=15 backend=Instrumentation
[15:22:03 INFO]: [Incision-Test-1.0.0] [DEBUG] [Incision][DEBUG] Surgeon 扫描: top.maplex.incisiontest.cases.SurgeonVersionMatrixCases → 15 suture / 15 advice
[15:22:03 INFO]: [Incision-Test-1.0.0] [DEBUG] [Incision][DEBUG] register id=top.maplex.incisiontest.cases.SurgeonAnchorMatrixSiteCases#anchorHead@30 targets=[top/maplex/incisiontest/fixture/AnchorMatrixFixture_Site.siteHeadMethod()Ljava/lang/String;]
[15:22:03 INFO]: [Incision-Test-1.0.0] [DEBUG] [Incision][DEBUG] register id=top.maplex.incisiontest.cases.SurgeonAnchorMatrixSiteCases#anchorTail@31 targets=[top/maplex/incisiontest/fixture/AnchorMatrixFixture_Site.siteTailMethod()Ljava/lang/String;]
[15:22:03 INFO]: [Incision-Test-1.0.0] [DEBUG] [Incision][DEBUG] Site selector: anchor=RETURN mode=EXACT target=. ordinal=0 matches=1..1
[15:22:03 INFO]: [Incision-Test-1.0.0] [DEBUG] [Incision][DEBUG] register id=top.maplex.incisiontest.cases.SurgeonAnchorMatrixSiteCases#anchorReturn@32 targets=[top/maplex/incisiontest/fixture/AnchorMatrixFixture_Site.siteReturnMethod()I]
[15:22:03 INFO]: [Incision-Test-1.0.0] [DEBUG] [Incision][DEBUG] Site selector: anchor=THROW mode=EXACT target=. ordinal=0 matches=1..1
[15:22:03 INFO]: [Incision-Test-1.0.0] [DEBUG] [Incision][DEBUG] register id=top.maplex.incisiontest.cases.SurgeonAnchorMatrixSiteCases#anchorThrow@33 targets=[top/maplex/incisiontest/fixture/AnchorMatrixFixture_Site.siteThrowMethod()Ljava/lang/String;]
[15:22:03 INFO]: [Incision-Test-1.0.0] [DEBUG] [Incision][DEBUG] Site selector: anchor=INVOKE mode=EXACT target=top/maplex/incisiontest/fixture/AnchorMatrixFixture_Site.helperSite(I)I ordinal=0 matches=1..1
[15:22:03 INFO]: [Incision-Test-1.0.0] [DEBUG] [Incision][DEBUG] register id=top.maplex.incisiontest.cases.SurgeonAnchorMatrixSiteCases#siteInvokeOrd0@34 targets=[top/maplex/incisiontest/fixture/AnchorMatrixFixture_Site.siteInvokeChain(I)I]
[15:22:03 INFO]: [Incision-Test-1.0.0] [DEBUG] [Incision][DEBUG] Site selector: anchor=INVOKE mode=EXACT target=top/maplex/incisiontest/fixture/AnchorMatrixFixture_Site.helperSite(I)I ordinal=1 matches=1..1
[15:22:03 INFO]: [Incision-Test-1.0.0] [DEBUG] [Incision][DEBUG] register id=top.maplex.incisiontest.cases.SurgeonAnchorMatrixSiteCases#siteInvokeOrd1@35 targets=[top/maplex/incisiontest/fixture/AnchorMatrixFixture_Site.siteInvokeChain(I)I]
[15:22:03 INFO]: [Incision-Test-1.0.0] [DEBUG] [Incision][DEBUG] Site selector: anchor=INVOKE mode=EXACT target=top/maplex/incisiontest/fixture/AnchorMatrixFixture_Site.helperSite(I)I ordinal=2 matches=1..1
[15:22:03 INFO]: [Incision-Test-1.0.0] [DEBUG] [Incision][DEBUG] register id=top.maplex.incisiontest.cases.SurgeonAnchorMatrixSiteCases#siteInvokeOrd2@36 targets=[top/maplex/incisiontest/fixture/AnchorMatrixFixture_Site.siteInvokeChain(I)I]
[15:22:03 INFO]: [Incision-Test-1.0.0] [DEBUG] [Incision][DEBUG] Site selector: anchor=INVOKE mode=EXACT target=top/maplex/incisiontest/fixture/AnchorMatrixFixture_Site.helperSite(I)I ordinal=-1 matches=1..-1
[15:22:03 INFO]: [Incision-Test-1.0.0] [DEBUG] [Incision][DEBUG] register id=top.maplex.incisiontest.cases.SurgeonAnchorMatrixSiteCases#siteInvokeOrdAll@37 targets=[top/maplex/incisiontest/fixture/AnchorMatrixFixture_Site.siteInvokeChain(I)I]
[15:22:03 INFO]: [Incision-Test-1.0.0] [DEBUG] [Incision][DEBUG] Site selector: anchor=INVOKE mode=EXACT target=top/maplex/incisiontest/fixture/AnchorMatrixFixture_Site.helperSite(I)I ordinal=0 matches=1..1
[15:22:03 INFO]: [Incision-Test-1.0.0] [DEBUG] [Incision][DEBUG] register id=top.maplex.incisiontest.cases.SurgeonAnchorMatrixSiteCases#siteShiftBefore@38 targets=[top/maplex/incisiontest/fixture/AnchorMatrixFixture_Site.siteOffsetBaseline(I)I]
[15:22:03 INFO]: [Incision-Test-1.0.0] [DEBUG] [Incision][DEBUG] Site selector: anchor=INVOKE mode=EXACT target=top/maplex/incisiontest/fixture/AnchorMatrixFixture_Site.helperSite(I)I ordinal=0 matches=1..1
[15:22:03 INFO]: [Incision-Test-1.0.0] [DEBUG] [Incision][DEBUG] register id=top.maplex.incisiontest.cases.SurgeonAnchorMatrixSiteCases#siteShiftAfter@39 targets=[top/maplex/incisiontest/fixture/AnchorMatrixFixture_Site.siteOffsetBaseline(I)I]
[15:22:03 INFO]: [Incision-Test-1.0.0] [DEBUG] [Incision][DEBUG] Site selector: anchor=FIELD_GET mode=EXACT target=top/maplex/incisiontest/fixture/AnchorMatrixFixture_Site.counterI ordinal=0 matches=1..1
[15:22:03 INFO]: [Incision-Test-1.0.0] [DEBUG] [Incision][DEBUG] register id=top.maplex.incisiontest.cases.SurgeonAnchorMatrixSiteCases#siteFieldGetGraft@40 targets=[top/maplex/incisiontest/fixture/AnchorMatrixFixture_Site.siteFieldGet()I]
[15:22:03 INFO]: [Incision-Test-1.0.0] [DEBUG] [Incision][DEBUG] Site selector: anchor=FIELD_PUT mode=EXACT target=top/maplex/incisiontest/fixture/AnchorMatrixFixture_Site.lastWrittenI ordinal=0 matches=1..1
[15:22:03 INFO]: [Incision-Test-1.0.0] [DEBUG] [Incision][DEBUG] register id=top.maplex.incisiontest.cases.SurgeonAnchorMatrixSiteCases#siteFieldPutGraft@41 targets=[top/maplex/incisiontest/fixture/AnchorMatrixFixture_Site.siteFieldPut(I)V]
[15:22:03 INFO]: [Incision-Test-1.0.0] [DEBUG] [Incision][DEBUG] Site selector: anchor=NEW mode=EXACT target=java/lang/StringBuilder. ordinal=0 matches=1..1
[15:22:03 INFO]: [Incision-Test-1.0.0] [DEBUG] [Incision][DEBUG] register id=top.maplex.incisiontest.cases.SurgeonAnchorMatrixSiteCases#siteNewWithTarget@42 targets=[top/maplex/incisiontest/fixture/AnchorMatrixFixture_Site.siteNewObject()Ljava/lang/StringBuilder;]
[15:22:03 INFO]: [Incision-Test-1.0.0] [DEBUG] [Incision][DEBUG] Site selector: anchor=NEW mode=EXACT target=. ordinal=0 matches=1..1
[15:22:03 INFO]: [Incision-Test-1.0.0] [DEBUG] [Incision][DEBUG] register id=top.maplex.incisiontest.cases.SurgeonAnchorMatrixSiteCases#siteNewEmptyTarget@43 targets=[top/maplex/incisiontest/fixture/AnchorMatrixFixture_Site.siteTargetEmpty()Ljava/lang/Object;]
[15:22:03 INFO]: [Incision-Test-1.0.0] [DEBUG] [Incision][DEBUG] Site selector: anchor=INVOKE mode=EXACT target=top/maplex/incisiontest/fixture/AnchorMatrixFixture_Site.helperSite(I)I ordinal=0 matches=1..1
[15:22:03 INFO]: [Incision-Test-1.0.0] [DEBUG] [Incision][DEBUG] register id=top.maplex.incisiontest.cases.SurgeonAnchorMatrixSiteCases#siteOffsetZero@44 targets=[top/maplex/incisiontest/fixture/AnchorMatrixFixture_Site.siteOffsetBaseline(I)I]
[15:22:03 INFO]: [Incision-Test-1.0.0] [DEBUG] [Incision][DEBUG] installWeaver status=PENDING_LOAD owner=top/maplex/incisiontest/fixture/AnchorMatrixFixture_Site resolved=top/maplex/incisiontest/fixture/AnchorMatrixFixture_Site advices=15 total=15 backend=Instrumentation
[15:22:03 INFO]: [Incision-Test-1.0.0] [DEBUG] [Incision][DEBUG] Surgeon 扫描: top.maplex.incisiontest.cases.SurgeonAnchorMatrixSiteCases → 15 suture / 15 advice
[15:22:03 INFO]: [Incision-Test-1.0.0] [DEBUG] [Incision][DEBUG] Site selector: anchor=FIELD_GET mode=EXACT target=top/maplex/incisiontest/fixture/AnchorMatrixFixture_Extras.counterShiftI ordinal=0 matches=1..1
[15:22:03 INFO]: [Incision-Test-1.0.0] [DEBUG] [Incision][DEBUG] register id=top.maplex.incisiontest.cases.SurgeonAnchorMatrixExtrasCases#fieldGetBefore@24 targets=[top/maplex/incisiontest/fixture/AnchorMatrixFixture_Extras.readCounterShift()I]
[15:22:03 INFO]: [Incision-Test-1.0.0] [DEBUG] [Incision][DEBUG] Site selector: anchor=FIELD_GET mode=EXACT target=top/maplex/incisiontest/fixture/AnchorMatrixFixture_Extras.counterShiftI ordinal=0 matches=1..1
[15:22:03 INFO]: [Incision-Test-1.0.0] [DEBUG] [Incision][DEBUG] register id=top.maplex.incisiontest.cases.SurgeonAnchorMatrixExtrasCases#fieldGetAfter@25 targets=[top/maplex/incisiontest/fixture/AnchorMatrixFixture_Extras.readCounterShift()I]
[15:22:03 INFO]: [Incision-Test-1.0.0] [DEBUG] [Incision][DEBUG] Site selector: anchor=FIELD_PUT mode=EXACT target=top/maplex/incisiontest/fixture/AnchorMatrixFixture_Extras.counterShiftI ordinal=0 matches=1..1
[15:22:03 INFO]: [Incision-Test-1.0.0] [DEBUG] [Incision][DEBUG] register id=top.maplex.incisiontest.cases.SurgeonAnchorMatrixExtrasCases#fieldPutBefore@26 targets=[top/maplex/incisiontest/fixture/AnchorMatrixFixture_Extras.writeCounterShift(I)V]
[15:22:03 INFO]: [Incision-Test-1.0.0] [DEBUG] [Incision][DEBUG] Site selector: anchor=FIELD_PUT mode=EXACT target=top/maplex/incisiontest/fixture/AnchorMatrixFixture_Extras.counterShiftI ordinal=0 matches=1..1
[15:22:03 INFO]: [Incision-Test-1.0.0] [DEBUG] [Incision][DEBUG] register id=top.maplex.incisiontest.cases.SurgeonAnchorMatrixExtrasCases#fieldPutAfter@27 targets=[top/maplex/incisiontest/fixture/AnchorMatrixFixture_Extras.writeCounterShift(I)V]
[15:22:03 INFO]: [Incision-Test-1.0.0] [DEBUG] [Incision][DEBUG] Site selector: anchor=NEW mode=EXACT target=java/lang/StringBuilder. ordinal=0 matches=1..1
[15:22:03 INFO]: [Incision-Test-1.0.0] [DEBUG] [Incision][DEBUG] register id=top.maplex.incisiontest.cases.SurgeonAnchorMatrixExtrasCases#newBefore@28 targets=[top/maplex/incisiontest/fixture/AnchorMatrixFixture_Extras.allocateBuilder()Ljava/lang/StringBuilder;]
[15:22:03 INFO]: [Incision-Test-1.0.0] [DEBUG] [Incision][DEBUG] Site selector: anchor=NEW mode=EXACT target=java/lang/StringBuilder. ordinal=0 matches=1..1
[15:22:03 INFO]: [Incision-Test-1.0.0] [DEBUG] [Incision][DEBUG] register id=top.maplex.incisiontest.cases.SurgeonAnchorMatrixExtrasCases#newAfter@29 targets=[top/maplex/incisiontest/fixture/AnchorMatrixFixture_Extras.allocateBuilder()Ljava/lang/StringBuilder;]
[15:22:03 INFO]: [Incision-Test-1.0.0] [DEBUG] [Incision][DEBUG] Site selector: anchor=HEAD mode=EXACT target=. ordinal=0 matches=1..1
[15:22:03 INFO]: [Incision-Test-1.0.0] [DEBUG] [Incision][DEBUG] register id=top.maplex.incisiontest.cases.SurgeonAnchorMatrixExtrasCases#tripleArg0@30 targets=[top/maplex/incisiontest/fixture/AnchorMatrixFixture_Extras.tripleArgEcho(Ljava/lang/String;Ljava/lang/String;Ljava/lang/String;)Ljava/lang/String;]
[15:22:03 INFO]: [Incision-Test-1.0.0] [DEBUG] [Incision][DEBUG] Site selector: anchor=HEAD mode=EXACT target=. ordinal=0 matches=1..1
[15:22:03 INFO]: [Incision-Test-1.0.0] [DEBUG] [Incision][DEBUG] register id=top.maplex.incisiontest.cases.SurgeonAnchorMatrixExtrasCases#tripleArg1@31 targets=[top/maplex/incisiontest/fixture/AnchorMatrixFixture_Extras.tripleArgEcho(Ljava/lang/String;Ljava/lang/String;Ljava/lang/String;)Ljava/lang/String;]
[15:22:03 INFO]: [Incision-Test-1.0.0] [DEBUG] [Incision][DEBUG] Site selector: anchor=HEAD mode=EXACT target=. ordinal=0 matches=1..1
[15:22:03 INFO]: [Incision-Test-1.0.0] [DEBUG] [Incision][DEBUG] register id=top.maplex.incisiontest.cases.SurgeonAnchorMatrixExtrasCases#tripleArg2@32 targets=[top/maplex/incisiontest/fixture/AnchorMatrixFixture_Extras.tripleArgEcho(Ljava/lang/String;Ljava/lang/String;Ljava/lang/String;)Ljava/lang/String;]
[15:22:03 INFO]: [Incision-Test-1.0.0] [DEBUG] [Incision][DEBUG] register id=top.maplex.incisiontest.cases.SurgeonAnchorMatrixExtrasCases#spliceShortCircuit@33 targets=[top/maplex/incisiontest/fixture/AnchorMatrixFixture_Extras.spliceSkipTarget(I)I]
[15:22:03 INFO]: [Incision-Test-1.0.0] [DEBUG] [Incision][DEBUG] register id=top.maplex.incisiontest.cases.SurgeonAnchorMatrixExtrasCases#exciseFullBody@34 targets=[top/maplex/incisiontest/fixture/AnchorMatrixFixture_Extras.exciseRawTarget()Ljava/lang/String;]
[15:22:03 INFO]: [Incision-Test-1.0.0] [DEBUG] [Incision][DEBUG] register id=top.maplex.incisiontest.cases.SurgeonAnchorMatrixExtrasCases#noParenLead@35 targets=[top/maplex/incisiontest/fixture/AnchorMatrixFixture_Extras.noParenMethod()Ljava/lang/String;]
[15:22:03 INFO]: [Incision-Test-1.0.0] [DEBUG] [Incision][DEBUG] installWeaver status=PENDING_LOAD owner=top/maplex/incisiontest/fixture/AnchorMatrixFixture_Extras resolved=top/maplex/incisiontest/fixture/AnchorMatrixFixture_Extras advices=12 total=12 backend=Instrumentation
[15:22:03 INFO]: [Incision-Test-1.0.0] [DEBUG] [Incision][DEBUG] Surgeon 扫描: top.maplex.incisiontest.cases.SurgeonAnchorMatrixExtrasCases → 12 suture / 12 advice
[15:22:03 INFO]: [Incision-Test-1.0.0] [DEBUG] [Incision][DEBUG] register id=top.maplex.incisiontest.cases.OperationIdVariantsCases#id-variant-normal@8 targets=[top/maplex/incisiontest/fixture/OperationIdVariantsFixture.idNormalTarget()I]
[15:22:03 INFO]: [Incision-Test-1.0.0] [DEBUG] [Incision][DEBUG] register id=top.maplex.incisiontest.cases.OperationIdVariantsCases#id::with/special.chars-001@9 targets=[top/maplex/incisiontest/fixture/OperationIdVariantsFixture.idSpecialCharsTarget()I]
[15:22:03 INFO]: [Incision-Test-1.0.0] [DEBUG] [Incision][DEBUG] register id=top.maplex.incisiontest.cases.OperationIdVariantsCases#adviceEmptyFallback@10 targets=[top/maplex/incisiontest/fixture/OperationIdVariantsFixture.idEmptyFallbackTarget()I]
[15:22:03 INFO]: [Incision-Test-1.0.0] [DEBUG] [Incision][DEBUG] register id=top.maplex.incisiontest.cases.OperationIdVariantsCases#veryLong-abcdefghijabcdefghijabcdefghijabcdefghijabcdefghijabcdefghijabcdefghijabcdefghijabcdefghijabcdefghijabcdefghijabcdefghijabcdefghijabcdefghijabcdefghijabcdefghijabcdefghijabcdefghijabcdefghijabcdefghijabcdefghijabcdefghijabcdefghijabcdefghijabcdefghijabcdefghij@11 targets=[top/maplex/incisiontest/fixture/OperationIdVariantsFixture.idVeryLongTarget()I]
[15:22:03 INFO]: [Incision-Test-1.0.0] [DEBUG] [Incision][DEBUG] installWeaver status=PENDING_LOAD owner=top/maplex/incisiontest/fixture/OperationIdVariantsFixture resolved=top/maplex/incisiontest/fixture/OperationIdVariantsFixture advices=4 total=4 backend=Instrumentation
[15:22:03 INFO]: [Incision-Test-1.0.0] [DEBUG] [Incision][DEBUG] Surgeon 扫描: top.maplex.incisiontest.cases.OperationIdVariantsCases → 4 suture / 4 advice
[15:22:03 INFO]: [Incision-Test-1.0.0] [DEBUG] [Incision][DEBUG] register id=top.maplex.incisiontest.cases.SurgeonPriorityPositiveCases#advicePositive@0 targets=[top/maplex/incisiontest/fixture/SurgeonPriorityFixture.pSharedTarget()Ljava/util/List;]
[15:22:03 INFO]: [Incision-Test-1.0.0] [DEBUG] [Incision][DEBUG] installWeaver status=PENDING_LOAD owner=top/maplex/incisiontest/fixture/SurgeonPriorityFixture resolved=top/maplex/incisiontest/fixture/SurgeonPriorityFixture advices=1 total=2 backend=Instrumentation
[15:22:03 INFO]: [Incision-Test-1.0.0] [DEBUG] [Incision][DEBUG] Surgeon 扫描: top.maplex.incisiontest.cases.SurgeonPriorityPositiveCases → 1 suture / 1 advice
[15:22:03 INFO]: [Incision-Test-1.0.0] [DEBUG] [Incision][DEBUG] register id=top.maplex.incisiontest.cases.SurgeonPriorityDefaultCases#adviceDefault@0 targets=[top/maplex/incisiontest/fixture/SurgeonPriorityFixture.pSharedTarget()Ljava/util/List;]
[15:22:03 INFO]: [Incision-Test-1.0.0] [DEBUG] [Incision][DEBUG] installWeaver status=PENDING_LOAD owner=top/maplex/incisiontest/fixture/SurgeonPriorityFixture resolved=top/maplex/incisiontest/fixture/SurgeonPriorityFixture advices=1 total=3 backend=Instrumentation
[15:22:03 INFO]: [Incision-Test-1.0.0] [DEBUG] [Incision][DEBUG] Surgeon 扫描: top.maplex.incisiontest.cases.SurgeonPriorityDefaultCases → 1 suture / 1 advice
[15:22:03 INFO]: [Incision-Test-1.0.0] [DEBUG] [Incision][DEBUG] register id=top.maplex.incisiontest.cases.PerformanceCases#probe@2 targets=[top/maplex/incisiontest/fixture/PerformanceFixture.probe(I)I]
[15:22:03 INFO]: [Incision-Test-1.0.0] [DEBUG] [Incision][DEBUG] register id=top.maplex.incisiontest.cases.PerformanceCases#lead@3 targets=[top/maplex/incisiontest/fixture/PerformanceFixture.lead(I)I]
[15:22:03 INFO]: [Incision-Test-1.0.0] [DEBUG] [Incision][DEBUG] register id=top.maplex.incisiontest.cases.PerformanceCases#leadOfPair@4 targets=[top/maplex/incisiontest/fixture/PerformanceFixture.leadTrail(I)I]
[15:22:03 INFO]: [Incision-Test-1.0.0] [DEBUG] [Incision][DEBUG] register id=top.maplex.incisiontest.cases.PerformanceCases#trailOfPair@5 targets=[top/maplex/incisiontest/fixture/PerformanceFixture.leadTrail(I)I]
[15:22:03 INFO]: [Incision-Test-1.0.0] [DEBUG] [Incision][DEBUG] register id=top.maplex.incisiontest.cases.PerformanceCases#predicate@6 targets=[top/maplex/incisiontest/fixture/PerformanceFixture.predicate(I)I]
[15:22:03 INFO]: [Incision-Test-1.0.0] [DEBUG] [Incision][DEBUG] register id=top.maplex.incisiontest.cases.PerformanceCases#splice@7 targets=[top/maplex/incisiontest/fixture/PerformanceFixture.splice(I)I]
[15:22:03 INFO]: [Incision-Test-1.0.0] [DEBUG] [Incision][DEBUG] Site selector: anchor=INVOKE mode=EXACT target=top/maplex/incisiontest/fixture/PerformanceFixture.helper(I)I ordinal=0 matches=1..1
[15:22:03 INFO]: [Incision-Test-1.0.0] [DEBUG] [Incision][DEBUG] register id=top.maplex.incisiontest.cases.PerformanceCases#siteInvoke@8 targets=[top/maplex/incisiontest/fixture/PerformanceFixture.siteInvoke(I)I]
[15:22:03 INFO]: [Incision-Test-1.0.0] [DEBUG] [Incision][DEBUG] installWeaver status=PENDING_LOAD owner=top/maplex/incisiontest/fixture/PerformanceFixture resolved=top/maplex/incisiontest/fixture/PerformanceFixture advices=7 total=7 backend=Instrumentation
[15:22:03 INFO]: [Incision-Test-1.0.0] [DEBUG] [Incision][DEBUG] Surgeon 扫描: top.maplex.incisiontest.cases.PerformanceCases → 7 suture / 7 advice
[15:22:03 INFO]: [Incision-Test-1.0.0] [DEBUG] [Incision][DEBUG] Site selector: anchor=INVOKE mode=EXACT target=top/maplex/incisiontest/fixture/SurgeonSiteTargetFixture.helper(I)I ordinal=-1 matches=1..-1
[15:22:03 INFO]: [Incision-Test-1.0.0] [DEBUG] [Incision][DEBUG] register id=top.maplex.incisiontest.cases.SurgeonSiteCases#graftBeforeHelperInvoke@18 targets=[top/maplex/incisiontest/fixture/SurgeonSiteTargetFixture.invokeHelper(I)I]
[15:22:03 INFO]: [Incision-Test-1.0.0] [DEBUG] [Incision][DEBUG] Site selector: anchor=INVOKE mode=EXACT target=top/maplex/incisiontest/fixture/SurgeonSiteTargetFixture.helper(I)I ordinal=-1 matches=1..-1
[15:22:03 INFO]: [Incision-Test-1.0.0] [DEBUG] [Incision][DEBUG] register id=top.maplex.incisiontest.cases.SurgeonSiteCases#graftAfterHelperInvoke@19 targets=[top/maplex/incisiontest/fixture/SurgeonSiteTargetFixture.invokeHelper(I)I]
[15:22:03 INFO]: [Incision-Test-1.0.0] [DEBUG] [Incision][DEBUG] Site selector: anchor=FIELD_GET mode=EXACT target=top/maplex/incisiontest/fixture/SurgeonSiteTargetFixture.counterI ordinal=0 matches=1..1
[15:22:03 INFO]: [Incision-Test-1.0.0] [DEBUG] [Incision][DEBUG] register id=top.maplex.incisiontest.cases.SurgeonSiteCases#graftOnFieldGet@20 targets=[top/maplex/incisiontest/fixture/SurgeonSiteTargetFixture.readCounter()I]
[15:22:03 INFO]: [Incision-Test-1.0.0] [DEBUG] [Incision][DEBUG] Site selector: anchor=FIELD_PUT mode=EXACT target=top/maplex/incisiontest/fixture/SurgeonSiteTargetFixture.counterI ordinal=0 matches=1..1
[15:22:03 INFO]: [Incision-Test-1.0.0] [DEBUG] [Incision][DEBUG] register id=top.maplex.incisiontest.cases.SurgeonSiteCases#graftOnFieldPut@21 targets=[top/maplex/incisiontest/fixture/SurgeonSiteTargetFixture.writeCounter(I)V]
[15:22:03 INFO]: [Incision-Test-1.0.0] [DEBUG] [Incision][DEBUG] Site selector: anchor=NEW mode=EXACT target=java/lang/StringBuilder. ordinal=0 matches=1..1
[15:22:03 INFO]: [Incision-Test-1.0.0] [DEBUG] [Incision][DEBUG] register id=top.maplex.incisiontest.cases.SurgeonSiteCases#graftOnNew@22 targets=[top/maplex/incisiontest/fixture/SurgeonSiteTargetFixture.allocate()Ljava/lang/StringBuilder;]
[15:22:03 INFO]: [Incision-Test-1.0.0] [DEBUG] [Incision][DEBUG] Site selector: anchor=THROW mode=EXACT target=. ordinal=0 matches=1..1
[15:22:03 INFO]: [Incision-Test-1.0.0] [DEBUG] [Incision][DEBUG] register id=top.maplex.incisiontest.cases.SurgeonSiteCases#graftOnThrow@23 targets=[top/maplex/incisiontest/fixture/SurgeonSiteTargetFixture.throwIt()Ljava/lang/String;]
[15:22:03 INFO]: [Incision-Test-1.0.0] [DEBUG] [Incision][DEBUG] Site selector: anchor=INVOKE mode=EXACT target=top/maplex/incisiontest/fixture/SurgeonSiteTargetFixture.helper(I)I ordinal=-1 matches=1..-1
[15:22:03 INFO]: [Incision-Test-1.0.0] [DEBUG] [Incision][DEBUG] register id=top.maplex.incisiontest.cases.SurgeonSiteCases#bypassHelperInvoke@24 targets=[top/maplex/incisiontest/fixture/SurgeonSiteTargetFixture.invokeHelper(I)I]
[15:22:03 INFO]: [Incision-Test-1.0.0] [DEBUG] [Incision][DEBUG] Site selector: anchor=RETURN mode=EXACT target=. ordinal=0 matches=1..1
[15:22:03 INFO]: [Incision-Test-1.0.0] [DEBUG] [Incision][DEBUG] register id=top.maplex.incisiontest.cases.SurgeonSiteCases#trimReturnPlain@25 targets=[top/maplex/incisiontest/fixture/SurgeonSiteTargetFixture.plainReturn()I]
[15:22:03 INFO]: [Incision-Test-1.0.0] [DEBUG] [Incision][DEBUG] Site selector: anchor=HEAD mode=EXACT target=. ordinal=0 matches=1..1
[15:22:03 INFO]: [Incision-Test-1.0.0] [DEBUG] [Incision][DEBUG] register id=top.maplex.incisiontest.cases.SurgeonSiteCases#trimEchoArg@26 targets=[top/maplex/incisiontest/fixture/SurgeonSiteTargetFixture.echo(Ljava/lang/String;)Ljava/lang/String;]
[15:22:03 INFO]: [Incision-Test-1.0.0] [DEBUG] [Incision][DEBUG] installWeaver status=PENDING_LOAD owner=top/maplex/incisiontest/fixture/SurgeonSiteTargetFixture resolved=top/maplex/incisiontest/fixture/SurgeonSiteTargetFixture advices=9 total=9 backend=Instrumentation
[15:22:03 INFO]: [Incision-Test-1.0.0] [DEBUG] [Incision][DEBUG] Surgeon 扫描: top.maplex.incisiontest.cases.SurgeonSiteCases → 9 suture / 9 advice
[15:22:03 INFO]: [Incision-Test-1.0.0] [DEBUG] [Incision][DEBUG] register id=top.maplex.incisiontest.cases.SurgeonBasicCases#onGreetLead@8 targets=[top/maplex/incisiontest/fixture/SurgeonBasicTargetFixture.greet(Ljava/lang/String;)Ljava/lang/String;]
[15:22:03 INFO]: [Incision-Test-1.0.0] [DEBUG] [Incision][DEBUG] register id=top.maplex.incisiontest.cases.SurgeonBasicCases#onVoidTrail@9 targets=[top/maplex/incisiontest/fixture/SurgeonBasicTargetFixture.voidNoArg()V]
[15:22:03 INFO]: [Incision-Test-1.0.0] [DEBUG] [Incision][DEBUG] register id=top.maplex.incisiontest.cases.SurgeonBasicCases#onAddSplice@10 targets=[top/maplex/incisiontest/fixture/SurgeonBasicTargetFixture.add(II)I]
[15:22:03 INFO]: [Incision-Test-1.0.0] [DEBUG] [Incision][DEBUG] installWeaver status=PENDING_LOAD owner=top/maplex/incisiontest/fixture/SurgeonBasicTargetFixture resolved=top/maplex/incisiontest/fixture/SurgeonBasicTargetFixture advices=3 total=3 backend=Instrumentation
[15:22:03 INFO]: [Incision-Test-1.0.0] [DEBUG] [Incision][DEBUG] Surgeon 扫描: top.maplex.incisiontest.cases.SurgeonBasicCases → 3 suture / 3 advice
[15:22:03 INFO]: [Incision-Test-1.0.0] [DEBUG] [Incision][DEBUG] register id=top.maplex.incisiontest.cases.SurgeonPriorityMinCases#adviceMin@2 targets=[top/maplex/incisiontest/fixture/SurgeonPriorityExtremeFixture.extremeMinTarget()I]
[15:22:03 INFO]: [Incision-Test-1.0.0] [DEBUG] [Incision][DEBUG] installWeaver status=PENDING_LOAD owner=top/maplex/incisiontest/fixture/SurgeonPriorityExtremeFixture resolved=top/maplex/incisiontest/fixture/SurgeonPriorityExtremeFixture advices=1 total=4 backend=Instrumentation
[15:22:03 INFO]: [Incision-Test-1.0.0] [DEBUG] [Incision][DEBUG] Surgeon 扫描: top.maplex.incisiontest.cases.SurgeonPriorityMinCases → 1 suture / 1 advice
[15:22:03 INFO]: [Incision-Test-1.0.0] [DEBUG] [Incision][DEBUG] register id=top.maplex.incisiontest.cases.SurgeonOpcodeSeqAnchorCases#onHeadWithPattern@11 targets=[top/maplex/incisiontest/fixture/ComplexOpcodeFixture.arithmetic(I)I]
[15:22:03 INFO]: [Incision-Test-1.0.0] [DEBUG] [Incision][DEBUG] register id=top.maplex.incisiontest.cases.SurgeonOpcodeSeqAnchorCases#onHeadPatternIfeq@12 targets=[top/maplex/incisiontest/fixture/ComplexOpcodeFixture.branch(Z)I]
[15:22:03 INFO]: [Incision-Test-1.0.0] [DEBUG] [Incision][DEBUG] Site selector: anchor=INVOKE mode=EXACT target=top/maplex/incisiontest/fixture/ComplexOpcodeFixture.helper(I)I ordinal=-1 matches=1..-1
[15:22:03 INFO]: [Incision-Test-1.0.0] [DEBUG] [Incision][DEBUG] register id=top.maplex.incisiontest.cases.SurgeonOpcodeSeqAnchorCases#onInvokeWithPattern@13 targets=[top/maplex/incisiontest/fixture/ComplexOpcodeFixture.chainInvoke()I]
[15:22:03 INFO]: [Incision-Test-1.0.0] [DEBUG] [Incision][DEBUG] Site selector: anchor=INVOKE mode=GLOB target=*ComplexOpcodeFixture*.helper(*)* ordinal=-1 matches=1..-1
[15:22:03 INFO]: [Incision-Test-1.0.0] [DEBUG] [Incision][DEBUG] register id=top.maplex.incisiontest.cases.SurgeonOpcodeSeqAnchorCases#onInvokeWithGlob@14 targets=[top/maplex/incisiontest/fixture/ComplexOpcodeFixture.chainInvoke()I]
[15:22:03 INFO]: [Incision-Test-1.0.0] [DEBUG] [Incision][DEBUG] Site selector: anchor=INVOKE mode=EXACT target=top/maplex/incisiontest/fixture/ComplexOpcodeFixture.helper(I)I ordinal=0 matches=1..1
[15:22:03 INFO]: [Incision-Test-1.0.0] [DEBUG] [Incision][DEBUG] register id=top.maplex.incisiontest.cases.SurgeonOpcodeSeqAnchorCases#onInvokeAfterPattern@15 targets=[top/maplex/incisiontest/fixture/ComplexOpcodeFixture.chainInvoke()I]
[15:22:03 INFO]: [Incision-Test-1.0.0] [DEBUG] [Incision][DEBUG] weave inject top/maplex/incisiontest/fixture/ComplexOpcodeFixture.typeCheck(Ljava/lang/Object;)I kinds=[LEAD] static=false
[15:22:03 INFO]: [Incision-Test-1.0.0] [DEBUG] [Incision][DEBUG] weave inject top/maplex/incisiontest/fixture/ComplexOpcodeFixture.arrays()I kinds=[LEAD] static=false
[15:22:03 INFO]: [Incision-Test-1.0.0] [DEBUG] [Incision][DEBUG] weave inject top/maplex/incisiontest/fixture/ComplexOpcodeFixture.chainInvoke()I kinds=[GRAFT] static=false
[15:22:03 INFO]: [Incision-Test-1.0.0] [DEBUG] [Incision][DEBUG] weave inject top/maplex/incisiontest/fixture/ComplexOpcodeFixture.arithmetic(I)I kinds=[LEAD] static=false
[15:22:03 INFO]: [Incision-Test-1.0.0] [DEBUG] [Incision][DEBUG] weave inject top/maplex/incisiontest/fixture/ComplexOpcodeFixture.loadStrings()Ljava/lang/String; kinds=[LEAD] static=false
[15:22:03 INFO]: [Incision-Test-1.0.0] [DEBUG] [Incision][DEBUG] weave inject top/maplex/incisiontest/fixture/ComplexOpcodeFixture.interfaceCall(Ljava/util/List;)I kinds=[LEAD] static=false
[15:22:03 INFO]: [Incision-Test-1.0.0] [DEBUG] [Incision][DEBUG] weave inject top/maplex/incisiontest/fixture/ComplexOpcodeFixture.densePattern()I kinds=[LEAD] static=false
[15:22:03 INFO]: [Incision-Test-1.0.0] [DEBUG] [Incision][DEBUG] weave inject top/maplex/incisiontest/fixture/ComplexOpcodeFixture.throwIt()Ljava/lang/String; kinds=[LEAD] static=false
[15:22:03 INFO]: [Incision-Test-1.0.0] [DEBUG] [Incision][DEBUG] weave inject top/maplex/incisiontest/fixture/ComplexOpcodeFixture.branch(Z)I kinds=[LEAD] static=false
[15:22:03 INFO]: [Incision-Test-1.0.0] [DEBUG] [Incision][DEBUG] weave inject top/maplex/incisiontest/fixture/ComplexOpcodeFixture.staticCalls()I kinds=[LEAD] static=false
[15:22:03 INFO]: [Incision-Test-1.0.0] [DEBUG] [Incision][DEBUG] weave inject top/maplex/incisiontest/fixture/ComplexOpcodeFixture.touchFields()I kinds=[LEAD] static=false
[15:22:03 INFO]: [Incision-Test-1.0.0] [DEBUG] [Incision][DEBUG] weave inject top/maplex/incisiontest/fixture/ComplexOpcodeFixture.multiFieldPut()I kinds=[LEAD] static=false
[15:22:03 INFO]: [Incision-Test-1.0.0] [DEBUG] [Incision][DEBUG] weave inject top/maplex/incisiontest/fixture/ComplexOpcodeFixture.emptyBody()V kinds=[LEAD] static=false
[15:22:03 INFO]: [Incision-Test-1.0.0] [DEBUG] [Incision][DEBUG] weave inject top/maplex/incisiontest/fixture/ComplexOpcodeFixture.numberLdc()J kinds=[LEAD] static=false
[15:22:03 INFO]: [Incision-Test-1.0.0] [DEBUG] [Incision][DEBUG] weave inject top/maplex/incisiontest/fixture/ComplexOpcodeFixture.buildBuffer()Ljava/lang/String; kinds=[LEAD] static=false
[15:22:03 INFO]: [Incision-Test-1.0.0] [DEBUG] [Incision][DEBUG] installWeaver status=INSTALLED owner=top/maplex/incisiontest/fixture/ComplexOpcodeFixture resolved=top/maplex/incisiontest/fixture/ComplexOpcodeFixture advices=5 total=37 backend=Instrumentation
[15:22:03 INFO]: [Incision-Test-1.0.0] [DEBUG] [Incision][DEBUG] Surgeon 扫描: top.maplex.incisiontest.cases.SurgeonOpcodeSeqAnchorCases → 5 suture / 5 advice
[15:22:03 INFO]: [Incision-Test-1.0.0] [DEBUG] [Incision][DEBUG] register id=top.maplex.incisiontest.cases.SurgeonMixinCases#overwriteMayThrow@4 targets=[top/maplex/incisiontest/fixture/SurgeonMixinTargetFixture.mayThrow(Z)Ljava/lang/String;]
[15:22:03 INFO]: [Incision-Test-1.0.0] [DEBUG] [Incision][DEBUG] register id=top.maplex.incisiontest.cases.SurgeonMixinCases#redirectHelper@5 targets=[top/maplex/incisiontest/fixture/SurgeonMixinTargetFixture.helper(I)I]
[15:22:03 INFO]: [Incision-Test-1.0.0] [DEBUG] [Incision][DEBUG] installWeaver status=PENDING_LOAD owner=top/maplex/incisiontest/fixture/SurgeonMixinTargetFixture resolved=top/maplex/incisiontest/fixture/SurgeonMixinTargetFixture advices=2 total=2 backend=Instrumentation
[15:22:03 INFO]: [Incision-Test-1.0.0] [DEBUG] [Incision][DEBUG] Surgeon 扫描: top.maplex.incisiontest.cases.SurgeonMixinCases → 2 suture / 2 advice
[15:22:03 INFO]: [Incision-Test-1.0.0] [DEBUG] [Incision][DEBUG] register id=top.maplex.incisiontest.cases.SurgeonOperationHigherCases#higherSurgeonAdvice@0 targets=[top/maplex/incisiontest/fixture/SurgeonOperationTargetFixture.multiSurgeonTarget()Ljava/util/List;]
[15:22:03 INFO]: [Incision-Test-1.0.0] [DEBUG] [Incision][DEBUG] installWeaver status=PENDING_LOAD owner=top/maplex/incisiontest/fixture/SurgeonOperationTargetFixture resolved=top/maplex/incisiontest/fixture/SurgeonOperationTargetFixture advices=1 total=1 backend=Instrumentation
[15:22:03 INFO]: [Incision-Test-1.0.0] [DEBUG] [Incision][DEBUG] Surgeon 扫描: top.maplex.incisiontest.cases.SurgeonOperationHigherCases → 1 suture / 1 advice
[15:22:03 INFO]: [Incision-Test-1.0.0] [DEBUG] [Incision][DEBUG] register id=top.maplex.incisiontest.cases.SurgeonPriorityZeroCases#adviceZero@0 targets=[top/maplex/incisiontest/fixture/SurgeonPriorityFixture.pSharedTarget()Ljava/util/List;]
[15:22:03 INFO]: [Incision-Test-1.0.0] [DEBUG] [Incision][DEBUG] installWeaver status=PENDING_LOAD owner=top/maplex/incisiontest/fixture/SurgeonPriorityFixture resolved=top/maplex/incisiontest/fixture/SurgeonPriorityFixture advices=1 total=4 backend=Instrumentation
[15:22:03 INFO]: [Incision-Test-1.0.0] [DEBUG] [Incision][DEBUG] Surgeon 扫描: top.maplex.incisiontest.cases.SurgeonPriorityZeroCases → 1 suture / 1 advice
[15:22:03 INFO]: [Incision-Test-1.0.0] [DEBUG] [Incision][DEBUG] register id=top.maplex.incisiontest.cases.SurgeonPredicateCases#onSpawnDragon@67 targets=[top/maplex/incisiontest/fixture/PredicateFixture.spawn(Ljava/lang/String;I)Ljava/lang/String;]
[15:22:03 INFO]: [Incision-Test-1.0.0] [DEBUG] [Incision][DEBUG] register id=top.maplex.incisiontest.cases.SurgeonPredicateCases#onSpawnLowLevel@68 targets=[top/maplex/incisiontest/fixture/PredicateFixture.spawn(Ljava/lang/String;I)Ljava/lang/String;]
[15:22:03 INFO]: [Incision-Test-1.0.0] [DEBUG] [Incision][DEBUG] register id=top.maplex.incisiontest.cases.SurgeonPredicateCases#onLogEqString@69 targets=[top/maplex/incisiontest/fixture/PredicateFixture.log(Ljava/lang/String;)Ljava/lang/String;]
[15:22:03 INFO]: [Incision-Test-1.0.0] [DEBUG] [Incision][DEBUG] register id=top.maplex.incisiontest.cases.SurgeonPredicateCases#onSpawnNeqInt@70 targets=[top/maplex/incisiontest/fixture/PredicateFixture.spawn(Ljava/lang/String;I)Ljava/lang/String;]
[15:22:03 INFO]: [Incision-Test-1.0.0] [DEBUG] [Incision][DEBUG] register id=top.maplex.incisiontest.cases.SurgeonPredicateCases#onMeasureLt@71 targets=[top/maplex/incisiontest/fixture/PredicateFixture.measure(D)Ljava/lang/String;]
[15:22:03 INFO]: [Incision-Test-1.0.0] [DEBUG] [Incision][DEBUG] register id=top.maplex.incisiontest.cases.SurgeonPredicateCases#onMeasureGt@72 targets=[top/maplex/incisiontest/fixture/PredicateFixture.measure(D)Ljava/lang/String;]
[15:22:03 INFO]: [Incision-Test-1.0.0] [DEBUG] [Incision][DEBUG] register id=top.maplex.incisiontest.cases.SurgeonPredicateCases#onSpawnLe@73 targets=[top/maplex/incisiontest/fixture/PredicateFixture.spawn(Ljava/lang/String;I)Ljava/lang/String;]
[15:22:03 INFO]: [Incision-Test-1.0.0] [DEBUG] [Incision][DEBUG] register id=top.maplex.incisiontest.cases.SurgeonPredicateCases#onSpawnGe@74 targets=[top/maplex/incisiontest/fixture/PredicateFixture.spawn(Ljava/lang/String;I)Ljava/lang/String;]
[15:22:03 INFO]: [Incision-Test-1.0.0] [DEBUG] [Incision][DEBUG] register id=top.maplex.incisiontest.cases.SurgeonPredicateCases#onLogMatches@75 targets=[top/maplex/incisiontest/fixture/PredicateFixture.log(Ljava/lang/String;)Ljava/lang/String;]
[15:22:03 INFO]: [Incision-Test-1.0.0] [DEBUG] [Incision][DEBUG] register id=top.maplex.incisiontest.cases.SurgeonPredicateCases#onLogInString@76 targets=[top/maplex/incisiontest/fixture/PredicateFixture.log(Ljava/lang/String;)Ljava/lang/String;]
[15:22:03 INFO]: [Incision-Test-1.0.0] [DEBUG] [Incision][DEBUG] register id=top.maplex.incisiontest.cases.SurgeonPredicateCases#onHandleInList@77 targets=[top/maplex/incisiontest/fixture/PredicateFixture.handle(Ljava/util/List;)Ljava/lang/String;]
[15:22:03 INFO]: [Incision-Test-1.0.0] [DEBUG] [Incision][DEBUG] register id=top.maplex.incisiontest.cases.SurgeonPredicateCases#onAcceptIsString@78 targets=[top/maplex/incisiontest/fixture/PredicateFixture.accept(Ljava/lang/Object;)Ljava/lang/String;]
[15:22:03 INFO]: [Incision-Test-1.0.0] [DEBUG] [Incision][DEBUG] register id=top.maplex.incisiontest.cases.SurgeonPredicateCases#onAcceptNotIsInt@79 targets=[top/maplex/incisiontest/fixture/PredicateFixture.accept(Ljava/lang/Object;)Ljava/lang/String;]
[15:22:03 INFO]: [Incision-Test-1.0.0] [DEBUG] [Incision][DEBUG] register id=top.maplex.incisiontest.cases.SurgeonPredicateCases#onHandleIcList@80 targets=[top/maplex/incisiontest/fixture/PredicateFixture.handle(Ljava/util/List;)Ljava/lang/String;]
[15:22:03 INFO]: [Incision-Test-1.0.0] [DEBUG] [Incision][DEBUG] register id=top.maplex.incisiontest.cases.SurgeonPredicateCases#onAcceptIpObject@81 targets=[top/maplex/incisiontest/fixture/PredicateFixture.accept(Ljava/lang/Object;)Ljava/lang/String;]
[15:22:03 INFO]: [Incision-Test-1.0.0] [DEBUG] [Incision][DEBUG] register id=top.maplex.incisiontest.cases.SurgeonPredicateCases#onTriggerItExact@82 targets=[top/maplex/incisiontest/fixture/PredicateFixture.trigger(Ljava/lang/String;)Ljava/lang/String;]
[15:22:03 INFO]: [Incision-Test-1.0.0] [DEBUG] [Incision][DEBUG] register id=top.maplex.incisiontest.cases.SurgeonPredicateCases#onAcceptNotIt@83 targets=[top/maplex/incisiontest/fixture/PredicateFixture.accept(Ljava/lang/Object;)Ljava/lang/String;]
[15:22:03 INFO]: [Incision-Test-1.0.0] [DEBUG] [Incision][DEBUG] register id=top.maplex.incisiontest.cases.SurgeonPredicateCases#onAcceptAsCast@84 targets=[top/maplex/incisiontest/fixture/PredicateFixture.accept(Ljava/lang/Object;)Ljava/lang/String;]
[15:22:03 INFO]: [Incision-Test-1.0.0] [DEBUG] [Incision][DEBUG] register id=top.maplex.incisiontest.cases.SurgeonPredicateCases#onRegisterProperty@85 targets=[top/maplex/incisiontest/fixture/PredicateFixture.register(Ltop/maplex/incisiontest/fixture/PredicateFixture$Named;)Ljava/lang/String;]
[15:22:03 INFO]: [Incision-Test-1.0.0] [DEBUG] [Incision][DEBUG] register id=top.maplex.incisiontest.cases.SurgeonPredicateCases#onRegisterPropertySize@86 targets=[top/maplex/incisiontest/fixture/PredicateFixture.register(Ltop/maplex/incisiontest/fixture/PredicateFixture$Named;)Ljava/lang/String;]
[15:22:03 INFO]: [Incision-Test-1.0.0] [DEBUG] [Incision][DEBUG] register id=top.maplex.incisiontest.cases.SurgeonPredicateCases#onRegisterMethodCall@87 targets=[top/maplex/incisiontest/fixture/PredicateFixture.register(Ltop/maplex/incisiontest/fixture/PredicateFixture$Named;)Ljava/lang/String;]
[15:22:03 INFO]: [Incision-Test-1.0.0] [DEBUG] [Incision][DEBUG] register id=top.maplex.incisiontest.cases.SurgeonPredicateCases#onRegisterMethodNoArg@88 targets=[top/maplex/incisiontest/fixture/PredicateFixture.register(Ltop/maplex/incisiontest/fixture/PredicateFixture$Named;)Ljava/lang/String;]
[15:22:03 INFO]: [Incision-Test-1.0.0] [DEBUG] [Incision][DEBUG] register id=top.maplex.incisiontest.cases.SurgeonPredicateCases#onTouchSafeCall@89 targets=[top/maplex/incisiontest/fixture/PredicateFixture.touch(Ltop/maplex/incisiontest/fixture/PredicateFixture$Named;)Ljava/lang/String;]
[15:22:03 INFO]: [Incision-Test-1.0.0] [DEBUG] [Incision][DEBUG] register id=top.maplex.incisiontest.cases.SurgeonPredicateCases#onSpawnAnd@90 targets=[top/maplex/incisiontest/fixture/PredicateFixture.spawn(Ljava/lang/String;I)Ljava/lang/String;]
[15:22:03 INFO]: [Incision-Test-1.0.0] [DEBUG] [Incision][DEBUG] register id=top.maplex.incisiontest.cases.SurgeonPredicateCases#onSpawnOr@91 targets=[top/maplex/incisiontest/fixture/PredicateFixture.spawn(Ljava/lang/String;I)Ljava/lang/String;]
[15:22:03 INFO]: [Incision-Test-1.0.0] [DEBUG] [Incision][DEBUG] register id=top.maplex.incisiontest.cases.SurgeonPredicateCases#onSpawnNot@92 targets=[top/maplex/incisiontest/fixture/PredicateFixture.spawn(Ljava/lang/String;I)Ljava/lang/String;]
[15:22:03 INFO]: [Incision-Test-1.0.0] [DEBUG] [Incision][DEBUG] register id=top.maplex.incisiontest.cases.SurgeonPredicateCases#onSpawnNested@93 targets=[top/maplex/incisiontest/fixture/PredicateFixture.spawn(Ljava/lang/String;I)Ljava/lang/String;]
[15:22:03 INFO]: [Incision-Test-1.0.0] [DEBUG] [Incision][DEBUG] register id=top.maplex.incisiontest.cases.SurgeonPredicateCases#onFlagTrue@94 targets=[top/maplex/incisiontest/fixture/PredicateFixture.flag(Ljava/lang/Object;)Ljava/lang/String;]
[15:22:03 INFO]: [Incision-Test-1.0.0] [DEBUG] [Incision][DEBUG] register id=top.maplex.incisiontest.cases.SurgeonPredicateCases#onFlagFalse@95 targets=[top/maplex/incisiontest/fixture/PredicateFixture.flag(Ljava/lang/Object;)Ljava/lang/String;]
[15:22:03 INFO]: [Incision-Test-1.0.0] [DEBUG] [Incision][DEBUG] register id=top.maplex.incisiontest.cases.SurgeonPredicateCases#onFlagNull@96 targets=[top/maplex/incisiontest/fixture/PredicateFixture.flag(Ljava/lang/Object;)Ljava/lang/String;]
[15:22:03 INFO]: [Incision-Test-1.0.0] [DEBUG] [Incision][DEBUG] register id=top.maplex.incisiontest.cases.SurgeonPredicateCases#onMeasureDouble@97 targets=[top/maplex/incisiontest/fixture/PredicateFixture.measure(D)Ljava/lang/String;]
[15:22:03 INFO]: [Incision-Test-1.0.0] [DEBUG] [Incision][DEBUG] register id=top.maplex.incisiontest.cases.SurgeonPredicateCases#onSpawnCompound@98 targets=[top/maplex/incisiontest/fixture/PredicateFixture.spawn(Ljava/lang/String;I)Ljava/lang/String;]
[15:22:03 INFO]: [Incision-Test-1.0.0] [DEBUG] [Incision][DEBUG] register id=top.maplex.incisiontest.cases.SurgeonPredicateCases#onLogThisRef@99 targets=[top/maplex/incisiontest/fixture/PredicateFixture.log(Ljava/lang/String;)Ljava/lang/String;]
[15:22:03 INFO]: [Incision-Test-1.0.0] [DEBUG] [Incision][DEBUG] register id=top.maplex.incisiontest.cases.SurgeonPredicateCases#onEmptyWhere@115 targets=[top/maplex/incisiontest/fixture/PredicateFixture.whereEmpty(I)I]
[15:22:03 INFO]: [Incision-Test-1.0.0] [DEBUG] [Incision][DEBUG] register id=top.maplex.incisiontest.cases.SurgeonPredicateCases#onTrailWithWhere@116 targets=[top/maplex/incisiontest/fixture/PredicateFixture.whereTrail(I)I]
[15:22:03 INFO]: [Incision-Test-1.0.0] [DEBUG] [Incision][DEBUG] register id=top.maplex.incisiontest.cases.SurgeonPredicateCases#onSpliceWithWhere@117 targets=[top/maplex/incisiontest/fixture/PredicateFixture.whereSplice(I)I]
[15:22:03 INFO]: [Incision-Test-1.0.0] [DEBUG] [Incision][DEBUG] register id=top.maplex.incisiontest.cases.SurgeonPredicateCases#onExciseWithWhere@118 targets=[top/maplex/incisiontest/fixture/PredicateFixture.whereExcise(Ljava/lang/String;)Ljava/lang/String;]
[15:22:03 INFO]: [Incision-Test-1.0.0] [DEBUG] [Incision][DEBUG] Site selector: anchor=INVOKE mode=EXACT target=top/maplex/incisiontest/fixture/PredicateFixture.whereBypassHelper(I)I ordinal=0 matches=1..1
[15:22:03 INFO]: [Incision-Test-1.0.0] [DEBUG] [Incision][DEBUG] register id=top.maplex.incisiontest.cases.SurgeonPredicateCases#onBypassWithWhere@119 targets=[top/maplex/incisiontest/fixture/PredicateFixture.whereBypass(I)I]
[15:22:03 INFO]: [Incision-Test-1.0.0] [DEBUG] [Incision][DEBUG] Site selector: anchor=INVOKE mode=EXACT target=top/maplex/incisiontest/fixture/PredicateFixture.whereGraftHelper(I)I ordinal=0 matches=1..1
[15:22:03 INFO]: [Incision-Test-1.0.0] [DEBUG] [Incision][DEBUG] register id=top.maplex.incisiontest.cases.SurgeonPredicateCases#onGraftWithWhere@120 targets=[top/maplex/incisiontest/fixture/PredicateFixture.whereGraft(I)I]
[15:22:03 INFO]: [Incision-Test-1.0.0] [DEBUG] [Incision][DEBUG] Site selector: anchor=HEAD mode=EXACT target=. ordinal=0 matches=1..1
[15:22:03 INFO]: [Incision-Test-1.0.0] [DEBUG] [Incision][DEBUG] register id=top.maplex.incisiontest.cases.SurgeonPredicateCases#onTrimArgWithWhere@121 targets=[top/maplex/incisiontest/fixture/PredicateFixture.whereTrim(I)I]
[15:22:03 INFO]: [Incision-Test-1.0.0] [DEBUG] [Incision][DEBUG] installWeaver status=PENDING_LOAD owner=top/maplex/incisiontest/fixture/PredicateFixture resolved=top/maplex/incisiontest/fixture/PredicateFixture advices=40 total=40 backend=Instrumentation
[15:22:03 INFO]: [Incision-Test-1.0.0] [DEBUG] [Incision][DEBUG] Surgeon 扫描: top.maplex.incisiontest.cases.SurgeonPredicateCases → 40 suture / 40 advice
[15:22:03 INFO]: [Incision-Test-1.0.0] [DEBUG] [Incision][DEBUG] register id=top.maplex.incisiontest.cases.PriNeg100Surgeon#priNeg100@0 targets=[top/maplex/incisiontest/fixture/SurgeonPriorityExtremeFixture.threeSurgeonTarget()Ljava/util/List;]
[15:22:03 INFO]: [Incision-Test-1.0.0] [DEBUG] [Incision][DEBUG] installWeaver status=PENDING_LOAD owner=top/maplex/incisiontest/fixture/SurgeonPriorityExtremeFixture resolved=top/maplex/incisiontest/fixture/SurgeonPriorityExtremeFixture advices=1 total=5 backend=Instrumentation
[15:22:03 INFO]: [Incision-Test-1.0.0] [DEBUG] [Incision][DEBUG] Surgeon 扫描: top.maplex.incisiontest.cases.PriNeg100Surgeon → 1 suture / 1 advice
[15:22:03 INFO]: [Incision-Test-1.0.0] [DEBUG] [Incision][DEBUG] register id=top.maplex.incisiontest.cases.SurgeonOperationCases#custom-operation-id@7 targets=[top/maplex/incisiontest/fixture/SurgeonOperationTargetFixture.customIdTarget()I]
[15:22:03 INFO]: [Incision-Test-1.0.0] [DEBUG] [Incision][DEBUG] register id=top.maplex.incisiontest.cases.SurgeonOperationCases#disabledAdvice@8 targets=[top/maplex/incisiontest/fixture/SurgeonOperationTargetFixture.disabledTarget()I]
[15:22:03 INFO]: [Incision-Test-1.0.0] [DEBUG] [Incision][DEBUG] register id=top.maplex.incisiontest.cases.SurgeonOperationCases#highPriority@9 targets=[top/maplex/incisiontest/fixture/SurgeonOperationTargetFixture.priorityTarget()Ljava/util/List;]
[15:22:03 INFO]: [Incision-Test-1.0.0] [DEBUG] [Incision][DEBUG] register id=top.maplex.incisiontest.cases.SurgeonOperationCases#lowPriority@10 targets=[top/maplex/incisiontest/fixture/SurgeonOperationTargetFixture.priorityTarget()Ljava/util/List;]
[15:22:03 INFO]: [Incision-Test-1.0.0] [DEBUG] [Incision][DEBUG] register id=top.maplex.incisiontest.cases.SurgeonOperationCases#surgeonDefaultAdvice@11 targets=[top/maplex/incisiontest/fixture/SurgeonOperationTargetFixture.surgeonDefaultTarget()Ljava/util/List;]
[15:22:03 INFO]: [Incision-Test-1.0.0] [DEBUG] [Incision][DEBUG] register id=top.maplex.incisiontest.cases.SurgeonOperationCases#surgeonOverrideAdvice@12 targets=[top/maplex/incisiontest/fixture/SurgeonOperationTargetFixture.surgeonDefaultTarget()Ljava/util/List;]
[15:22:03 INFO]: [Incision-Test-1.0.0] [DEBUG] [Incision][DEBUG] register id=top.maplex.incisiontest.cases.SurgeonOperationCases#multiSurgeonLowerSide@13 targets=[top/maplex/incisiontest/fixture/SurgeonOperationTargetFixture.multiSurgeonTarget()Ljava/util/List;]
[15:22:03 INFO]: [Incision-Test-1.0.0] [DEBUG] [Incision][DEBUG] installWeaver status=PENDING_LOAD owner=top/maplex/incisiontest/fixture/SurgeonOperationTargetFixture resolved=top/maplex/incisiontest/fixture/SurgeonOperationTargetFixture advices=7 total=8 backend=Instrumentation
[15:22:03 INFO]: [Incision-Test-1.0.0] [DEBUG] [Incision][DEBUG] Surgeon 扫描: top.maplex.incisiontest.cases.SurgeonOperationCases → 7 suture / 7 advice
[15:22:03 INFO]: [Incision-Test-1.0.0] [DEBUG] [Incision][DEBUG] register id=top.maplex.incisiontest.cases.SurgeonAopCases#beforeTouchField@18 targets=[top/maplex/incisiontest/fixture/SurgeonAopTargetFixture.touchesField()I]
[15:22:03 INFO]: [Incision-Test-1.0.0] [DEBUG] [Incision][DEBUG] register id=top.maplex.incisiontest.cases.SurgeonAopCases#afterMultiArg@19 targets=[top/maplex/incisiontest/fixture/SurgeonAopTargetFixture.multiArg(ILjava/lang/String;D)Ljava/lang/String;]
[15:22:03 INFO]: [Incision-Test-1.0.0] [DEBUG] [Incision][DEBUG] register id=top.maplex.incisiontest.cases.SurgeonAopCases#aroundCallsHelper@20 targets=[top/maplex/incisiontest/fixture/SurgeonAopTargetFixture.callsHelper(I)I]
[15:22:03 INFO]: [Incision-Test-1.0.0] [DEBUG] [Incision][DEBUG] register id=top.maplex.incisiontest.cases.SurgeonAopCases#aroundModifyArgs@21 targets=[top/maplex/incisiontest/fixture/SurgeonAopTargetFixture.greet(Ljava/lang/String;)Ljava/lang/String;]
[15:22:03 INFO]: [Incision-Test-1.0.0] [DEBUG] [Incision][DEBUG] register id=top.maplex.incisiontest.cases.SurgeonAopCases#aroundRewriteResult@22 targets=[top/maplex/incisiontest/fixture/SurgeonAopTargetFixture.rewriteTarget(I)I]
[15:22:03 INFO]: [Incision-Test-1.0.0] [DEBUG] [Incision][DEBUG] register id=top.maplex.incisiontest.cases.SurgeonAopCases#onStaticEcho@23 targets=[top/maplex/incisiontest/fixture/SurgeonAopTargetFixture.staticEcho(Ljava/lang/String;)Ljava/lang/String;]
[15:22:03 INFO]: [Incision-Test-1.0.0] [DEBUG] [Incision][DEBUG] register id=top.maplex.incisiontest.cases.SurgeonAopCases#onCompanionEcho@24 targets=[top/maplex/incisiontest/fixture/SurgeonAopTargetFixture$Companion.companionEcho(Ljava/lang/String;)Ljava/lang/String;]
[15:22:03 INFO]: [Incision-Test-1.0.0] [DEBUG] [Incision][DEBUG] installWeaver status=PENDING_LOAD owner=top/maplex/incisiontest/fixture/SurgeonAopTargetFixture resolved=top/maplex/incisiontest/fixture/SurgeonAopTargetFixture advices=6 total=6 backend=Instrumentation
[15:22:03 INFO]: [Incision-Test-1.0.0] [DEBUG] [Incision][DEBUG] installWeaver status=PENDING_LOAD owner=top/maplex/incisiontest/fixture/SurgeonAopTargetFixture$Companion resolved=top/maplex/incisiontest/fixture/SurgeonAopTargetFixture$Companion advices=1 total=1 backend=Instrumentation
[15:22:03 INFO]: [Incision-Test-1.0.0] [DEBUG] [Incision][DEBUG] Surgeon 扫描: top.maplex.incisiontest.cases.SurgeonAopCases → 7 suture / 7 advice
[15:22:03 INFO]: [Incision-Test-1.0.0] [DEBUG] injectAll(CONST): 201 个类, 用时 387 毫秒
[15:22:03 INFO]: [Incision-Test-1.0.0] [DEBUG]   - SurgeonScanner: 383 毫秒
[15:22:03 INFO]: [Incision-Test-1.0.0] [DEBUG] 生命周期 "CONST" 用时 532 毫秒。
[15:22:03 INFO]: [Incision-Test-1.0.0] [DEBUG] Bukkit 插件初始化完成，用时 1,670 毫秒。
[15:22:03 INFO]: [Incision-Test-1.0.0] [DEBUG] 已屏蔽 IllegalAccess 警告，用时 2 毫秒。
[15:22:03 INFO]: [Incision-Test-1.0.0] [DEBUG] 加载配置文件: E:\Minecraft-Server\incisionTest\run-1.12.2\plugins\Incision-Test\datasource.yml
[15:22:04 INFO]: [Incision-Test-1.0.0] [DEBUG] 加载配置文件: E:\Minecraft-Server\incisionTest\run-1.12.2\plugins\Incision-Test\kether.yml
[15:22:04 INFO]: [Incision-Test-1.0.0] [DEBUG] injectAll(INIT): 201 个类, 用时 73 毫秒
[15:22:04 INFO]: [Incision-Test-1.0.0] [DEBUG]   - ConfigLoader: 45 毫秒
[15:22:04 INFO]: [Incision-Test-1.0.0] [DEBUG]   - ClassVisitorAwake: 26 毫秒
[15:22:04 INFO]: [Incision-Test-1.0.0] [DEBUG] 生命周期 "INIT" 用时 73 毫秒。
[15:22:04 INFO]: [Incision-Test] Loading Incision-Test v1.0.0
[15:22:04 INFO]: [Incision-Test-1.0.0] [DEBUG] Spigot 映射表已加载，用时 18 毫秒。
[15:22:04 INFO]: [Incision-Test-1.0.0] [DEBUG] Classes: 3123, Fields: 18752, Methods: 1
[15:22:04 INFO]: [Incision-Test-1.0.0] [DEBUG] injectAll(LOAD): 201 个类, 用时 98 毫秒
[15:22:04 INFO]: [Incision-Test-1.0.0] [DEBUG]   - KetherLoader: 51 毫秒
[15:22:04 INFO]: [Incision-Test-1.0.0] [DEBUG]   - ClassVisitorAwake: 47 毫秒
[15:22:04 INFO]: [Incision-Test-1.0.0] [DEBUG] 生命周期 "LOAD" 用时 98 毫秒。
[15:22:04 INFO]: Server permissions file permissions.yml is empty, ignoring it
[15:22:04 INFO]: **** Beginning UUID conversion, this may take A LONG time ****
[15:22:04 INFO]: Preparing level "world"
[15:22:04 INFO]: -------- World Settings For [world] --------
[15:22:04 INFO]: Arrow Despawn Rate: 1200
[15:22:04 INFO]: Item Despawn Rate: 6000
[15:22:04 INFO]: Item Merge Radius: 2.5
[15:22:04 INFO]: View Distance: 10
[15:22:04 INFO]: Custom Map Seeds:  Village: 10387312 Feature: 14357617 Monument: 10387313 Slime: 987234911
[15:22:04 INFO]: Mob Spawn Range: 4
[15:22:04 INFO]: Cactus Growth Modifier: 100%
[15:22:04 INFO]: Cane Growth Modifier: 100%
[15:22:04 INFO]: Melon Growth Modifier: 100%
[15:22:04 INFO]: Mushroom Growth Modifier: 100%
[15:22:04 INFO]: Pumpkin Growth Modifier: 100%
[15:22:04 INFO]: Sapling Growth Modifier: 100%
[15:22:04 INFO]: Wheat Growth Modifier: 100%
[15:22:04 INFO]: NetherWart Growth Modifier: 100%
[15:22:04 INFO]: Vine Growth Modifier: 100%
[15:22:04 INFO]: Cocoa Growth Modifier: 100%
[15:22:04 INFO]: Random Lighting Updates: false
[15:22:04 INFO]: Entity Tracking Range: Pl 48 / An 48 / Mo 48 / Mi 32 / Other 64
[15:22:04 INFO]: Hopper Transfer: 8 Hopper Check: 1 Hopper Amount: 1
[15:22:04 INFO]: Entity Activation Range: An 32 / Mo 32 / Mi 16 / Tiv true
[15:22:04 INFO]: Max TNT Explosions: 100
[15:22:04 INFO]: Tile Max Tick Time: 50ms Entity max Tick Time: 50ms
[15:22:04 INFO]: Structure Info Saving: true
[15:22:04 INFO]: Nerfing mobs spawned from spawners: false
[15:22:04 INFO]: Allow Zombie Pigmen to spawn from portal blocks: true
[15:22:04 INFO]: Zombie Aggressive Towards Villager: true
[15:22:04 INFO]: Experience Merge Radius: 3.0
[15:22:04 INFO]: -------- World Settings For [world_nether] --------
[15:22:04 INFO]: Arrow Despawn Rate: 1200
[15:22:04 INFO]: Item Despawn Rate: 6000
[15:22:04 INFO]: Item Merge Radius: 2.5
[15:22:04 INFO]: View Distance: 10
[15:22:04 INFO]: Custom Map Seeds:  Village: 10387312 Feature: 14357617 Monument: 10387313 Slime: 987234911
[15:22:04 INFO]: Mob Spawn Range: 4
[15:22:04 INFO]: Cactus Growth Modifier: 100%
[15:22:04 INFO]: Cane Growth Modifier: 100%
[15:22:04 INFO]: Melon Growth Modifier: 100%
[15:22:04 INFO]: Mushroom Growth Modifier: 100%
[15:22:04 INFO]: Pumpkin Growth Modifier: 100%
[15:22:04 INFO]: Sapling Growth Modifier: 100%
[15:22:04 INFO]: Wheat Growth Modifier: 100%
[15:22:04 INFO]: NetherWart Growth Modifier: 100%
[15:22:04 INFO]: Vine Growth Modifier: 100%
[15:22:04 INFO]: Cocoa Growth Modifier: 100%
[15:22:04 INFO]: Random Lighting Updates: false
[15:22:04 INFO]: Entity Tracking Range: Pl 48 / An 48 / Mo 48 / Mi 32 / Other 64
[15:22:04 INFO]: Hopper Transfer: 8 Hopper Check: 1 Hopper Amount: 1
[15:22:04 INFO]: Entity Activation Range: An 32 / Mo 32 / Mi 16 / Tiv true
[15:22:04 INFO]: Max TNT Explosions: 100
[15:22:04 INFO]: Tile Max Tick Time: 50ms Entity max Tick Time: 50ms
[15:22:04 INFO]: Structure Info Saving: true
[15:22:04 INFO]: Nerfing mobs spawned from spawners: false
[15:22:04 INFO]: Allow Zombie Pigmen to spawn from portal blocks: true
[15:22:04 INFO]: Zombie Aggressive Towards Villager: true
[15:22:04 INFO]: Experience Merge Radius: 3.0
[15:22:04 INFO]: -------- World Settings For [world_the_end] --------
[15:22:04 INFO]: Arrow Despawn Rate: 1200
[15:22:04 INFO]: Item Despawn Rate: 6000
[15:22:04 INFO]: Item Merge Radius: 2.5
[15:22:04 INFO]: View Distance: 10
[15:22:04 INFO]: Custom Map Seeds:  Village: 10387312 Feature: 14357617 Monument: 10387313 Slime: 987234911
[15:22:04 INFO]: Mob Spawn Range: 4
[15:22:04 INFO]: Cactus Growth Modifier: 100%
[15:22:04 INFO]: Cane Growth Modifier: 100%
[15:22:04 INFO]: Melon Growth Modifier: 100%
[15:22:04 INFO]: Mushroom Growth Modifier: 100%
[15:22:04 INFO]: Pumpkin Growth Modifier: 100%
[15:22:04 INFO]: Sapling Growth Modifier: 100%
[15:22:04 INFO]: Wheat Growth Modifier: 100%
[15:22:04 INFO]: NetherWart Growth Modifier: 100%
[15:22:04 INFO]: Vine Growth Modifier: 100%
[15:22:04 INFO]: Cocoa Growth Modifier: 100%
[15:22:04 INFO]: Random Lighting Updates: false
[15:22:04 INFO]: Entity Tracking Range: Pl 48 / An 48 / Mo 48 / Mi 32 / Other 64
[15:22:04 INFO]: Hopper Transfer: 8 Hopper Check: 1 Hopper Amount: 1
[15:22:04 INFO]: Entity Activation Range: An 32 / Mo 32 / Mi 16 / Tiv true
[15:22:04 INFO]: Max TNT Explosions: 100
[15:22:04 INFO]: Tile Max Tick Time: 50ms Entity max Tick Time: 50ms
[15:22:04 INFO]: Structure Info Saving: true
[15:22:04 INFO]: Nerfing mobs spawned from spawners: false
[15:22:04 INFO]: Allow Zombie Pigmen to spawn from portal blocks: true
[15:22:04 INFO]: Zombie Aggressive Towards Villager: true
[15:22:04 INFO]: Experience Merge Radius: 3.0
[15:22:04 INFO]: Preparing start region for level 0 (Seed: 3134847895565329132)
[15:22:04 INFO]: Preparing start region for level 1 (Seed: 3134847895565329132)
[15:22:04 INFO]: Preparing start region for level 2 (Seed: 3134847895565329132)
[15:22:04 INFO]: [Incision-Test] Enabling Incision-Test v1.0.0
[15:22:04 INFO]: [Incision-Test-1.0.0] [Incision] Incision ENABLE: gate / 诊断收尾开始
[15:22:04 INFO]: [Incision-Test-1.0.0] [Incision] Gate created: apiVersion=2
[15:22:04 INFO]: [Incision-Test-1.0.0] [Incision] Incision Gate online: api=2
[15:22:04 INFO]: [Incision-Test-1.0.0] [Incision] Checkup report: total=292
- top.maplex.incisiontest.cases.SurgeonVersionMatrixCases#onSegLongerStart@54
  state: ARMED
  target: top/maplex/incisiontest/fixture/SurgeonVersionMatrixFixture.segmentLongerStart()Ljava/lang/String;
- top.maplex.incisiontest.cases.SurgeonInsnPatternCases#onGlobOwnerJavaLang@100
  state: ARMED
  target: top/maplex/incisiontest/fixture/ComplexOpcodeFixture.staticCalls()I
- top.maplex.incisiontest.cases.SurgeonOffsetCases#onAfterOffset1All@42
  state: ARMED
  target: top/maplex/incisiontest/fixture/OffsetFixture.chainWithGap()I
- top.maplex.incisiontest.cases.SurgeonInsnPatternCases#onSeq3@94
  state: ARMED
  target: top/maplex/incisiontest/fixture/ComplexOpcodeFixture.loadStrings()Ljava/lang/String;
- top.maplex.incisiontest.cases.SurgeonVersionMatrixCases#onOnlyStartGiven@41
  state: ARMED
  target: top/maplex/incisiontest/fixture/SurgeonVersionMatrixFixture.onlyStartGiven()Ljava/lang/String;
- top.maplex.incisiontest.cases.SurgeonPredicateCases#onAcceptNotIsInt@79
  state: ARMED
  target: top/maplex/incisiontest/fixture/PredicateFixture.accept(Ljava/lang/Object;)Ljava/lang/String;
- top.maplex.incisiontest.cases.SurgeonOpcodeSeqAnchorCases#onInvokeAfterPattern@15
  state: ARMED
  target: top/maplex/incisiontest/fixture/ComplexOpcodeFixture.chainInvoke()I
- top.maplex.incisiontest.cases.KotlinTargetMatrixCases#onTTAltCompanion@29
  state: ARMED
  target: top/maplex/incisiontest/fixture/KotlinTargetMatrixFixture$Companion.ttBothAlt(I)I
- top.maplex.incisiontest.cases.OperationEnabledPriorityCases#aTNeg10@19
  state: ARMED
  target: top/maplex/incisiontest/fixture/OperationEnabledPriorityFixture.cellTPriNeg10()I
- top.maplex.incisiontest.cases.SurgeonPredicateCases#onTouchSafeCall@89
  state: ARMED
  target: top/maplex/incisiontest/fixture/PredicateFixture.touch(Ltop/maplex/incisiontest/fixture/PredicateFixture$Named;)Ljava/lang/String;
- top.maplex.incisiontest.cases.SurgeonAnchorMatrixExtrasCases#tripleArg0@30
  state: ARMED
  target: top/maplex/incisiontest/fixture/AnchorMatrixFixture_Extras.tripleArgEcho(Ljava/lang/String;Ljava/lang/String;Ljava/lang/String;)Ljava/lang/String;
- top.maplex.incisiontest.cases.PerformanceCases#predicate@6
  state: ARMED
  target: top/maplex/incisiontest/fixture/PerformanceFixture.predicate(I)I
- top.maplex.incisiontest.cases.OperationIdVariantsCases#adviceEmptyFallback@10
  state: ARMED
  target: top/maplex/incisiontest/fixture/OperationIdVariantsFixture.idEmptyFallbackTarget()I
- top.maplex.incisiontest.cases.SurgeonAnchorMatrixSiteCases#siteInvokeOrdAll@37
  state: ARMED
  target: top/maplex/incisiontest/fixture/AnchorMatrixFixture_Site.siteInvokeChain(I)I
- top.maplex.incisiontest.cases.SurgeonKotlinTargetCases#both-companion-path@11
  state: ARMED
  target: top/maplex/incisiontest/fixture/SurgeonKotlinTargetFixture$Companion.bothEcho(Ljava/lang/String;)Ljava/lang/String;
- top.maplex.incisiontest.cases.SurgeonPredicateCases#onRegisterPropertySize@86
  state: ARMED
  target: top/maplex/incisiontest/fixture/PredicateFixture.register(Ltop/maplex/incisiontest/fixture/PredicateFixture$Named;)Ljava/lang/String;
- top.maplex.incisiontest.cases.AdyeshachIntegrationCases#literalTrail@15
  state: ARMED
  target: ink/ptms/adyeshach/impl/nms/DefaultMinecraftHelper.literalChatBaseComponent(Ljava/lang/String;)Ljava/lang/Object;
- top.maplex.incisiontest.cases.OperationMatrixCases#adviceM1@19
  state: ARMED
  target: top/maplex/incisiontest/fixture/OperationMatrixFixture.m1Default()I
- top.maplex.incisiontest.cases.SurgeonOperationCases#custom-operation-id@7
  state: ARMED
  target: top/maplex/incisiontest/fixture/SurgeonOperationTargetFixture.customIdTarget()I
- top.maplex.incisiontest.cases.SurgeonAopCases#aroundRewriteResult@22
  state: ARMED
  target: top/maplex/incisiontest/fixture/SurgeonAopTargetFixture.rewriteTarget(I)I
- top.maplex.incisiontest.cases.SurgeonInsnPatternCases#onCstNumeric@99
  state: ARMED
  target: top/maplex/incisiontest/fixture/ComplexOpcodeFixture.numberLdc()J
- top.maplex.incisiontest.cases.SurgeonPredicateCases#onSpliceWithWhere@117
  state: ARMED
  target: top/maplex/incisiontest/fixture/PredicateFixture.whereSplice(I)I
- top.maplex.incisiontest.cases.SurgeonInsnPatternCases#onGlobNameSuffix@101
  state: ARMED
  target: top/maplex/incisiontest/fixture/ComplexOpcodeFixture.staticCalls()I
- top.maplex.incisiontest.cases.SurgeonAnchorMatrixScopeCases#trailClassAndMethodB@24
  state: ARMED
  target: top/maplex/incisiontest/fixture/AnchorMatrixFixture_Scope.scopeClassB()I
- top.maplex.incisiontest.cases.SurgeonAdvancedCases#onLongCalcBypass@5
  state: ARMED
  target: top/maplex/incisiontest/fixture/SurgeonAdvancedTargetFixture.longCalc(JJ)J
- top.maplex.incisiontest.cases.OperationEnabledPriorityCases#aF100@26
  state: ARMED
  target: top/maplex/incisiontest/fixture/OperationEnabledPriorityFixture.cellFPri100()I
- top.maplex.incisiontest.cases.SurgeonAnchorMatrixScopeCases#graftFullDescriptor@27
  state: ARMED
  target: top/maplex/incisiontest/fixture/AnchorMatrixFixture_Scope.scopeInvokeHelper()I
- top.maplex.incisiontest.cases.PerformanceCases#siteInvoke@8
  state: ARMED
  target: top/maplex/incisiontest/fixture/PerformanceFixture.siteInvoke(I)I
- top.maplex.incisiontest.cases.SurgeonPredicateCases#onSpawnGe@74
  state: ARMED
  target: top/maplex/incisiontest/fixture/PredicateFixture.spawn(Ljava/lang/String;I)Ljava/lang/String;
- top.maplex.incisiontest.cases.SurgeonInsnPatternCases#onReturn@93
  state: ARMED
  target: top/maplex/incisiontest/fixture/ComplexOpcodeFixture.arithmetic(I)I
- top.maplex.incisiontest.cases.SurgeonPredicateCases#onTriggerItExact@82
  state: ARMED
  target: top/maplex/incisiontest/fixture/PredicateFixture.trigger(Ljava/lang/String;)Ljava/lang/String;
- top.maplex.incisiontest.cases.SurgeonInsnPatternCases#onArithmeticSeq4@76
  state: ARMED
  target: top/maplex/incisiontest/fixture/ComplexOpcodeFixture.arithmetic(I)I
- top.maplex.incisiontest.cases.SurgeonPredicateCases#onFlagFalse@95
  state: ARMED
  target: top/maplex/incisiontest/fixture/PredicateFixture.flag(Ljava/lang/Object;)Ljava/lang/String;
- top.maplex.incisiontest.cases.SurgeonSiteCases#graftOnNew@22
  state: ARMED
  target: top/maplex/incisiontest/fixture/SurgeonSiteTargetFixture.allocate()Ljava/lang/StringBuilder;
- top.maplex.incisiontest.cases.SurgeonOpcodeSeqAnchorCases#onHeadPatternIfeq@12
  state: ARMED
  target: top/maplex/incisiontest/fixture/ComplexOpcodeFixture.branch(Z)I
- top.maplex.incisiontest.cases.SurgeonInsnPatternCases#onInvokeStaticMath@85
  state: ARMED
  target: top/maplex/incisiontest/fixture/ComplexOpcodeFixture.staticCalls()I
- top.maplex.incisiontest.cases.SurgeonOffsetCases#onFirstHelperBeforeOffsetZero@41
  state: ARMED
  target: top/maplex/incisiontest/fixture/OffsetFixture.chain()I
- top.maplex.incisiontest.cases.SurgeonAnchorMatrixSiteCases#siteNewWithTarget@42
  state: ARMED
  target: top/maplex/incisiontest/fixture/AnchorMatrixFixture_Site.siteNewObject()Ljava/lang/StringBuilder;
- top.maplex.incisiontest.cases.SurgeonAnchorMatrixScopeCases#leadFullDescriptor@20
  state: ARMED
  target: top/maplex/incisiontest/fixture/AnchorMatrixFixture_Scope.scopeMethodFull(Ljava/lang/String;)Ljava/lang/String;
- top.maplex.incisiontest.cases.SurgeonPredicateCases#onSpawnLowLevel@68
  state: ARMED
  target: top/maplex/incisiontest/fixture/PredicateFixture.spawn(Ljava/lang/String;I)Ljava/lang/String;
- top.maplex.incisiontest.cases.SurgeonPredicateCases#onBypassWithWhere@119
  state: ARMED
  target: top/maplex/incisiontest/fixture/PredicateFixture.whereBypass(I)I
- top.maplex.incisiontest.cases.SurgeonPredicateCases#onLogEqString@69
  state: ARMED
  target: top/maplex/incisiontest/fixture/PredicateFixture.log(Ljava/lang/String;)Ljava/lang/String;
- top.maplex.incisiontest.cases.SurgeonOffsetCases#onOrdinal0AfterOffset1@45
  state: ARMED
  target: top/maplex/incisiontest/fixture/OffsetFixture.chainWithGap()I
- top.maplex.incisiontest.cases.SurgeonAnchorMatrixCases#trimArg0@56
  state: ARMED
  target: top/maplex/incisiontest/fixture/AnchorMatrixFixture.matrixEcho(Ljava/lang/String;)Ljava/lang/String;
- top.maplex.incisiontest.cases.OperationMatrixCases#orderZero@30
  state: ARMED
  target: top/maplex/incisiontest/fixture/OperationMatrixFixture.mOrderTarget()Ljava/util/List;
- top.maplex.incisiontest.cases.SurgeonAnchorMatrixSiteCases#anchorThrow@33
  state: ARMED
  target: top/maplex/incisiontest/fixture/AnchorMatrixFixture_Site.siteThrowMethod()Ljava/lang/String;
- top.maplex.incisiontest.cases.SurgeonInsnPatternCases#onArrayLength@106
  state: ARMED
  target: top/maplex/incisiontest/fixture/ComplexOpcodeFixture.arrays()I
- top.maplex.incisiontest.cases.SurgeonSiteCases#trimEchoArg@26
  state: ARMED
  target: top/maplex/incisiontest/fixture/SurgeonSiteTargetFixture.echo(Ljava/lang/String;)Ljava/lang/String;
- top.maplex.incisiontest.cases.SurgeonPredicateCases#onTrimArgWithWhere@121
  state: ARMED
  target: top/maplex/incisiontest/fixture/PredicateFixture.whereTrim(I)I
- top.maplex.incisiontest.cases.KotlinTargetMatrixCases#onTFAlt@25
  state: ARMED
  target: top/maplex/incisiontest/fixture/KotlinTargetMatrixFixture$Companion.tfCompanionAlt(I)I
- top.maplex.incisiontest.cases.SurgeonPredicateCases#onLogThisRef@99
  state: ARMED
  target: top/maplex/incisiontest/fixture/PredicateFixture.log(Ljava/lang/String;)Ljava/lang/String;
- top.maplex.incisiontest.cases.OperationMatrixCases#m7-cust@25
  state: ARMED
  target: top/maplex/incisiontest/fixture/OperationMatrixFixture.m7IdAndDisabled()I
- top.maplex.incisiontest.cases.SurgeonInsnPatternCases#onIconstFamilyRepeat@78
  state: ARMED
  target: top/maplex/incisiontest/fixture/ComplexOpcodeFixture.arithmetic(I)I
- top.maplex.incisiontest.cases.SurgeonAnchorMatrixSiteCases#siteFieldPutGraft@41
  state: ARMED
  target: top/maplex/incisiontest/fixture/AnchorMatrixFixture_Site.siteFieldPut(I)V
- top.maplex.incisiontest.cases.SurgeonAnchorMatrixExtrasCases#fieldGetAfter@25
  state: ARMED
  target: top/maplex/incisiontest/fixture/AnchorMatrixFixture_Extras.readCounterShift()I
- top.maplex.incisiontest.cases.SurgeonAnchorMatrixPriorityHigh#highPriority@2
  state: ARMED
  target: top/maplex/incisiontest/fixture/AnchorMatrixFixture_Priority.prioritySurgeonTarget()Ljava/lang/String;
- top.maplex.incisiontest.cases.SurgeonAnchorMatrixTrimCases#trimReturnString@25
  state: ARMED
  target: top/maplex/incisiontest/fixture/AnchorMatrixFixture_Trim.trimReturnString()Ljava/lang/String;
- top.maplex.incisiontest.cases.SurgeonPredicateCases#onGraftWithWhere@120
  state: ARMED
  target: top/maplex/incisiontest/fixture/PredicateFixture.whereGraft(I)I
- top.maplex.incisiontest.cases.SurgeonAnchorMatrixTrimCases#trimReturnBool@26
  state: ARMED
  target: top/maplex/incisiontest/fixture/AnchorMatrixFixture_Trim.trimReturnBoolean()Z
- top.maplex.incisiontest.cases.KotlinTargetMatrixCases#onFT@22
  state: ARMED
  target: top/maplex/incisiontest/fixture/KotlinTargetMatrixFixture.ftStaticEcho(Ljava/lang/String;)Ljava/lang/String;
- top.maplex.incisiontest.cases.SurgeonPredicateCases#onSpawnAnd@90
  state: ARMED
  target: top/maplex/incisiontest/fixture/PredicateFixture.spawn(Ljava/lang/String;I)Ljava/lang/String;
- top.maplex.incisiontest.cases.SurgeonAnchorMatrixTrimCases#trimArgDouble1@20
  state: ARMED
  target: top/maplex/incisiontest/fixture/AnchorMatrixFixture_Trim.trimDoubleArg(Ljava/lang/String;Ljava/lang/String;)Ljava/lang/String;
- top.maplex.incisiontest.cases.SurgeonInsnPatternCases#onInstanceOf@88
  state: ARMED
  target: top/maplex/incisiontest/fixture/ComplexOpcodeFixture.typeCheck(Ljava/lang/Object;)I
- top.maplex.incisiontest.cases.SurgeonAnchorMatrixSiteCases#anchorTail@31
  state: ARMED
  target: top/maplex/incisiontest/fixture/AnchorMatrixFixture_Site.siteTailMethod()Ljava/lang/String;
- top.maplex.incisiontest.cases.SurgeonAnchorMatrixCases#exciseFullReplace@58
  state: ARMED
  target: top/maplex/incisiontest/fixture/AnchorMatrixFixture.matrixExciseTarget()Ljava/lang/String;
- top.maplex.incisiontest.cases.SurgeonSiteCases#graftBeforeHelperInvoke@18
  state: ARMED
  target: top/maplex/incisiontest/fixture/SurgeonSiteTargetFixture.invokeHelper(I)I
- top.maplex.incisiontest.cases.SurgeonOperationHigherCases#higherSurgeonAdvice@0
  state: ARMED
  target: top/maplex/incisiontest/fixture/SurgeonOperationTargetFixture.multiSurgeonTarget()Ljava/util/List;
- top.maplex.incisiontest.cases.SurgeonInsnPatternCases#onLdcString@79
  state: ARMED
  target: top/maplex/incisiontest/fixture/ComplexOpcodeFixture.loadStrings()Ljava/lang/String;
- top.maplex.incisiontest.cases.SurgeonInsnPatternCases#onArithmeticSeq2@75
  state: ARMED
  target: top/maplex/incisiontest/fixture/ComplexOpcodeFixture.arithmetic(I)I
- top.maplex.incisiontest.cases.SurgeonCrossClCases#onIsHardcore@4
  state: ARMED
  target: net/minecraft/server/v1_12_R1/DedicatedServer.isHardcore()Z
- top.maplex.incisiontest.cases.SurgeonVersionCases#onFakeInRange@34
  state: ARMED
  target: top/maplex/incisiontest/fixture/SurgeonVersionTargetFixture.fakeMatcherInRange()Ljava/lang/String;
- top.maplex.incisiontest.cases.AdyeshachIntegrationCases#craftChatInvoke@17
  state: ARMED
  target: ink/ptms/adyeshach/impl/nms/DefaultMinecraftHelper.literalChatBaseComponent(Ljava/lang/String;)Ljava/lang/Object;
- top.maplex.incisiontest.cases.SurgeonInsnPatternCases#onRepeat2@97
  state: ARMED
  target: top/maplex/incisiontest/fixture/ComplexOpcodeFixture.multiFieldPut()I
- top.maplex.incisiontest.cases.SurgeonPredicateCases#onSpawnNot@92
  state: ARMED
  target: top/maplex/incisiontest/fixture/PredicateFixture.spawn(Ljava/lang/String;I)Ljava/lang/String;
- top.maplex.incisiontest.cases.SurgeonPredicateCases#onSpawnDragon@67
  state: ARMED
  target: top/maplex/incisiontest/fixture/PredicateFixture.spawn(Ljava/lang/String;I)Ljava/lang/String;
- top.maplex.incisiontest.cases.SurgeonInsnPatternCases#onCheckCast@89
  state: ARMED
  target: top/maplex/incisiontest/fixture/ComplexOpcodeFixture.typeCheck(Ljava/lang/Object;)I
- top.maplex.incisiontest.cases.SurgeonMixinCases#redirectHelper@5
  state: ARMED
  target: top/maplex/incisiontest/fixture/SurgeonMixinTargetFixture.helper(I)I
- top.maplex.incisiontest.cases.SurgeonAnchorMatrixSiteCases#siteShiftBefore@38
  state: ARMED
  target: top/maplex/incisiontest/fixture/AnchorMatrixFixture_Site.siteOffsetBaseline(I)I
- top.maplex.incisiontest.cases.SurgeonAnchorMatrixSiteCases#anchorReturn@32
  state: ARMED
  target: top/maplex/incisiontest/fixture/AnchorMatrixFixture_Site.siteReturnMethod()I
- top.maplex.incisiontest.cases.SurgeonVersionCases#onLegacy@29
  state: ARMED
  target: top/maplex/incisiontest/fixture/SurgeonVersionTargetFixture.versionedTarget()Ljava/lang/String;
- top.maplex.incisiontest.cases.SurgeonAopCases#onStaticEcho@23
  state: ARMED
  target: top/maplex/incisiontest/fixture/SurgeonAopTargetFixture.staticEcho(Ljava/lang/String;)Ljava/lang/String;
- top.maplex.incisiontest.cases.PerformanceCases#splice@7
  state: ARMED
  target: top/maplex/incisiontest/fixture/PerformanceFixture.splice(I)I
- top.maplex.incisiontest.cases.SurgeonAnchorMatrixExtrasCases#fieldPutAfter@27
  state: ARMED
  target: top/maplex/incisiontest/fixture/AnchorMatrixFixture_Extras.writeCounterShift(I)V
- top.maplex.incisiontest.cases.SurgeonAnchorMatrixTrimCases#trimReturnLong@24
  state: ARMED
  target: top/maplex/incisiontest/fixture/AnchorMatrixFixture_Trim.trimReturnLong()J
- top.maplex.incisiontest.cases.OperationIdVariantsCases#veryLong-abcdefghijabcdefghijabcdefghijabcdefghijabcdefghijabcdefghijabcdefghijabcdefghijabcdefghijabcdefghijabcdefghijabcdefghijabcdefghijabcdefghijabcdefghijabcdefghijabcdefghijabcdefghijabcdefghijabcdefghijabcdefghijabcdefghijabcdefghijabcdefghijabcdefghijabcdefghij@11
  state: ARMED
  target: top/maplex/incisiontest/fixture/OperationIdVariantsFixture.idVeryLongTarget()I
- top.maplex.incisiontest.cases.SurgeonPredicateCases#onTrailWithWhere@116
  state: ARMED
  target: top/maplex/incisiontest/fixture/PredicateFixture.whereTrail(I)I
- top.maplex.incisiontest.cases.SharpnessModifier#sharpness-modifier@2
  state: ARMED
  target: net/minecraft/server/v1_12_R1/EnchantmentManager.modifyDamage(Lnet/minecraft/server/v1_12_R1/WorldServer;Lnet/minecraft/server/v1_12_R1/ItemStack;Lnet/minecraf…
- top.maplex.incisiontest.cases.SharpnessObserver#observeSharpness@0
  state: ARMED
  target: net/minecraft/server/v1_12_R1/EnchantmentManager.modifyDamage(Lnet/minecraft/server/v1_12_R1/WorldServer;Lnet/minecraft/server/v1_12_R1/ItemStack;Lnet/minecraf…
- top.maplex.incisiontest.cases.AdyeshachIntegrationCases#apiLead@12
  state: ARMED
  target: ink/ptms/adyeshach/impl/DefaultAdyeshachAPI.getMinecraftAPI()Link/ptms/adyeshach/core/AdyeshachMinecraftAPI;
- top.maplex.incisiontest.cases.OperationMatrixCases#adviceM5@23
  state: ARMED
  target: top/maplex/incisiontest/fixture/OperationMatrixFixture.m5PriorityNegative()I
- top.maplex.incisiontest.cases.SurgeonAopCases#beforeTouchField@18
  state: ARMED
  target: top/maplex/incisiontest/fixture/SurgeonAopTargetFixture.touchesField()I
- top.maplex.incisiontest.cases.SurgeonAnchorMatrixCases#trailOnThrow@45
  state: ARMED
  target: top/maplex/incisiontest/fixture/AnchorMatrixFixture.matrixThrowUncaught(Z)Ljava/lang/String;
- top.maplex.incisiontest.cases.SurgeonVersionMatrixCases#onTrimReturnVersioned@50
  state: ARMED
  target: top/maplex/incisiontest/fixture/SurgeonVersionMatrixFixture.trimReturnTarget()I
- top.maplex.incisiontest.cases.PerformanceCases#trailOfPair@5
  state: ARMED
  target: top/maplex/incisiontest/fixture/PerformanceFixture.leadTrail(I)I
- top.maplex.incisiontest.cases.Pri100Surgeon#pri100@0
  state: ARMED
  target: top/maplex/incisiontest/fixture/SurgeonPriorityExtremeFixture.threeSurgeonTarget()Ljava/util/List;
- top.maplex.incisiontest.cases.SurgeonAnchorMatrixExtrasCases#tripleArg1@31
  state: ARMED
  target: top/maplex/incisiontest/fixture/AnchorMatrixFixture_Extras.tripleArgEcho(Ljava/lang/String;Ljava/lang/String;Ljava/lang/String;)Ljava/lang/String;
- top.maplex.incisiontest.cases.OperationIdVariantsCases#id-variant-normal@8
  state: ARMED
  target: top/maplex/incisiontest/fixture/OperationIdVariantsFixture.idNormalTarget()I
- top.maplex.incisiontest.cases.SurgeonOpcodeSeqAnchorCases#onHeadWithPattern@11
  state: ARMED
  target: top/maplex/incisiontest/fixture/ComplexOpcodeFixture.arithmetic(I)I
- top.maplex.incisiontest.cases.SurgeonPredicateCases#onMeasureGt@72
  state: ARMED
  target: top/maplex/incisiontest/fixture/PredicateFixture.measure(D)Ljava/lang/String;
- top.maplex.incisiontest.cases.SurgeonBasicCases#onAddSplice@10
  state: ARMED
  target: top/maplex/incisiontest/fixture/SurgeonBasicTargetFixture.add(II)I
- top.maplex.incisiontest.cases.KotlinTargetMatrixCases#onTTAltStatic@28
  state: ARMED
  target: top/maplex/incisiontest/fixture/KotlinTargetMatrixFixture.ttBothAlt(I)I
- top.maplex.incisiontest.cases.AccessorCases#onPublicDouble@18
  state: ARMED
  target: top/maplex/incisiontest/fixture/AccessorFixture.publicDouble(I)I
- top.maplex.incisiontest.cases.SurgeonAnchorMatrixSiteCases#siteShiftAfter@39
  state: ARMED
  target: top/maplex/incisiontest/fixture/AnchorMatrixFixture_Site.siteOffsetBaseline(I)I
- top.maplex.incisiontest.cases.SurgeonMixinCases#overwriteMayThrow@4
  state: ARMED
  target: top/maplex/incisiontest/fixture/SurgeonMixinTargetFixture.mayThrow(Z)Ljava/lang/String;
- top.maplex.incisiontest.cases.AccessorUtilCases#onProcess@26
  state: ARMED
  target: top/maplex/incisiontest/fixture/UtilFixture.process(Ljava/lang/String;ILjava/lang/Object;)Ljava/lang/String;
- top.maplex.incisiontest.cases.SurgeonAnchorMatrixScopeCases#leadExactTarget@22
  state: ARMED
  target: top/maplex/incisiontest/fixture/AnchorMatrixFixture_Scope.scopeStarTarget()Ljava/lang/String;
- top.maplex.incisiontest.cases.SurgeonOffsetCases#onSecondHelperBefore@38
  state: ARMED
  target: top/maplex/incisiontest/fixture/OffsetFixture.chain()I
- top.maplex.incisiontest.cases.SurgeonOffsetCases#onAfterOffset2All@43
  state: ARMED
  target: top/maplex/incisiontest/fixture/OffsetFixture.chainWithGap()I
- top.maplex.incisiontest.cases.SurgeonVersionMatrixCases#onExplicitNoop@52
  state: ARMED
  target: top/maplex/incisiontest/fixture/SurgeonVersionMatrixFixture.explicitNoopMatcherTarget()Ljava/lang/String;
- top.maplex.incisiontest.cases.KotlinTargetMatrixCases#onFF@20
  state: ARMED
  target: top/maplex/incisiontest/fixture/KotlinTargetMatrixFixture.ffEcho(Ljava/lang/String;)Ljava/lang/String;
- top.maplex.incisiontest.cases.SurgeonInsnPatternCases#onDup@108
  state: ARMED
  target: top/maplex/incisiontest/fixture/ComplexOpcodeFixture.buildBuffer()Ljava/lang/String;
- top.maplex.incisiontest.cases.SurgeonPriorityMaxCases#adviceMax@2
  state: ARMED
  target: top/maplex/incisiontest/fixture/SurgeonPriorityExtremeFixture.extremeMaxTarget()I
- top.maplex.incisiontest.cases.SurgeonInsnPatternCases#onAthrow@92
  state: ARMED
  target: top/maplex/incisiontest/fixture/ComplexOpcodeFixture.throwIt()Ljava/lang/String;
- top.maplex.incisiontest.cases.OperationMatrixCases#m2-cust@20
  state: ARMED
  target: top/maplex/incisiontest/fixture/OperationMatrixFixture.m2CustomId()I
- top.maplex.incisiontest.cases.SurgeonAnchorMatrixSiteCases#siteInvokeOrd0@34
  state: ARMED
  target: top/maplex/incisiontest/fixture/AnchorMatrixFixture_Site.siteInvokeChain(I)I
- top.maplex.incisiontest.cases.PriNeg100Surgeon#priNeg100@0
  state: ARMED
  target: top/maplex/incisiontest/fixture/SurgeonPriorityExtremeFixture.threeSurgeonTarget()Ljava/util/List;
- top.maplex.incisiontest.cases.SurgeonInsnPatternCases#onArithmeticAny@77
  state: ARMED
  target: top/maplex/incisiontest/fixture/ComplexOpcodeFixture.arithmetic(I)I
- top.maplex.incisiontest.cases.SurgeonVersionMatrixCases#onGraftVersioned@49
  state: ARMED
  target: top/maplex/incisiontest/fixture/SurgeonVersionMatrixFixture.graftCallerTarget()I
- top.maplex.incisiontest.cases.SurgeonOffsetCases#onOrdinal1AfterOffset1@52
  state: ARMED
  target: top/maplex/incisiontest/fixture/OffsetFixture.chainWithGap()I
- top.maplex.incisiontest.cases.SurgeonVersionCases#onFakeBoundaryStart@38
  state: ARMED
  target: top/maplex/incisiontest/fixture/SurgeonVersionTargetFixture.fakeMatcherBoundaryStart()Ljava/lang/String;
- top.maplex.incisiontest.cases.SurgeonInsnPatternCases#onDescExact@103
  state: ARMED
  target: top/maplex/incisiontest/fixture/ComplexOpcodeFixture.staticCalls()I
- top.maplex.incisiontest.cases.OperationEnabledPriorityCases#same-pri-second@28
  state: ARMED
  target: top/maplex/incisiontest/fixture/OperationEnabledPriorityFixture.samePriorityTarget()Ljava/util/List;
- top.maplex.incisiontest.cases.OperationMatrixCases#adviceM4@22
  state: ARMED
  target: top/maplex/incisiontest/fixture/OperationMatrixFixture.m4PriorityPositive()I
- top.maplex.incisiontest.cases.SurgeonAnchorMatrixPriorityDefault#defaultPriority@4
  state: ARMED
  target: top/maplex/incisiontest/fixture/AnchorMatrixFixture_Priority.prioritySurgeonTarget()Ljava/lang/String;
- top.maplex.incisiontest.cases.SurgeonOffsetCases#onBeforeOffset2@50
  state: ARMED
  target: top/maplex/incisiontest/fixture/OffsetFixture.chainWithGap()I
- top.maplex.incisiontest.cases.SurgeonAnchorMatrixPriorityOperation#opPriorityDefault@13
  state: ARMED
  target: top/maplex/incisiontest/fixture/AnchorMatrixFixture_Priority.priorityOperationTarget()Ljava/lang/String;
- top.maplex.incisiontest.cases.SurgeonVersionMatrixCases#onFakeNoBounds@53
  state: ARMED
  target: top/maplex/incisiontest/fixture/SurgeonVersionMatrixFixture.fakeMatcherNoBoundsTarget()Ljava/lang/String;
- top.maplex.incisiontest.cases.SurgeonOperationCases#highPriority@9
  state: ARMED
  target: top/maplex/incisiontest/fixture/SurgeonOperationTargetFixture.priorityTarget()Ljava/util/List;
- top.maplex.incisiontest.cases.SurgeonOffsetCases#onOrdinal2AfterOffset2@46
  state: ARMED
  target: top/maplex/incisiontest/fixture/OffsetFixture.chainWithGap()I
- top.maplex.incisiontest.cases.SurgeonPriorityMinCases#adviceMin@2
  state: ARMED
  target: top/maplex/incisiontest/fixture/SurgeonPriorityExtremeFixture.extremeMinTarget()I
- top.maplex.incisiontest.cases.AdyeshachIntegrationCases#apiTrail@13
  state: ARMED
  target: ink/ptms/adyeshach/impl/DefaultAdyeshachAPI.getMinecraftAPI()Link/ptms/adyeshach/core/AdyeshachMinecraftAPI;
- top.maplex.incisiontest.cases.SurgeonInsnPatternCases#onInvokeInterface@104
  state: ARMED
  target: top/maplex/incisiontest/fixture/ComplexOpcodeFixture.interfaceCall(Ljava/util/List;)I
- top.maplex.incisiontest.cases.OperationMatrixCases#m8-cust@26
  state: ARMED
  target: top/maplex/incisiontest/fixture/OperationMatrixFixture.m8AllThree()I
- top.maplex.incisiontest.cases.SurgeonAopCases#aroundCallsHelper@20
  state: ARMED
  target: top/maplex/incisiontest/fixture/SurgeonAopTargetFixture.callsHelper(I)I
- top.maplex.incisiontest.cases.SurgeonAnchorMatrixExtrasCases#fieldGetBefore@24
  state: ARMED
  target: top/maplex/incisiontest/fixture/AnchorMatrixFixture_Extras.readCounterShift()I
- top.maplex.incisiontest.cases.SurgeonAnchorMatrixScopeCases#trimFullDescriptor@28
  state: ARMED
  target: top/maplex/incisiontest/fixture/AnchorMatrixFixture_Scope.scopeTrimArgs(Ljava/lang/String;I)Ljava/lang/String;
- top.maplex.incisiontest.cases.SurgeonInsnPatternCases#onArithmeticIconst5@74
  state: ARMED
  target: top/maplex/incisiontest/fixture/ComplexOpcodeFixture.arithmetic(I)I
- top.maplex.incisiontest.cases.SurgeonInsnPatternCases#onEmptyPattern@95
  state: ARMED
  target: top/maplex/incisiontest/fixture/ComplexOpcodeFixture.emptyBody()V
- top.maplex.incisiontest.cases.SurgeonOperationCases#surgeonDefaultAdvice@11
  state: ARMED
  target: top/maplex/incisiontest/fixture/SurgeonOperationTargetFixture.surgeonDefaultTarget()Ljava/util/List;
- top.maplex.incisiontest.cases.SurgeonInsnPatternCases#onIfeq@90
  state: ARMED
  target: top/maplex/incisiontest/fixture/ComplexOpcodeFixture.branch(Z)I
- top.maplex.incisiontest.cases.SurgeonAopCases#afterMultiArg@19
  state: ARMED
  target: top/maplex/incisiontest/fixture/SurgeonAopTargetFixture.multiArg(ILjava/lang/String;D)Ljava/lang/String;
- top.maplex.incisiontest.cases.SurgeonKotlinTargetCases#both-static-path@10
  state: ARMED
  target: top/maplex/incisiontest/fixture/SurgeonKotlinTargetFixture.bothEcho(Ljava/lang/String;)Ljava/lang/String;
- top.maplex.incisiontest.cases.SurgeonBasicCases#onVoidTrail@9
  state: ARMED
  target: top/maplex/incisiontest/fixture/SurgeonBasicTargetFixture.voidNoArg()V
- top.maplex.incisiontest.cases.PerformanceCases#probe@2
  state: ARMED
  target: top/maplex/incisiontest/fixture/PerformanceFixture.probe(I)I
- top.maplex.incisiontest.cases.OperationEnabledPriorityCases#aFNeg10@23
  state: ARMED
  target: top/maplex/incisiontest/fixture/OperationEnabledPriorityFixture.cellFPriNeg10()I
- top.maplex.incisiontest.cases.SurgeonAnchorMatrixExtrasCases#fieldPutBefore@26
  state: ARMED
  target: top/maplex/incisiontest/fixture/AnchorMatrixFixture_Extras.writeCounterShift(I)V
- top.maplex.incisiontest.cases.SurgeonVersionCases#onMissingMatcherFallback@39
  state: ARMED
  target: top/maplex/incisiontest/fixture/SurgeonVersionTargetFixture.missingMatcherFallback()Ljava/lang/String;
- top.maplex.incisiontest.cases.SurgeonAnchorMatrixTrimCases#trimArgQuad3@22
  state: ARMED
  target: top/maplex/incisiontest/fixture/AnchorMatrixFixture_Trim.trimQuadArg(Ljava/lang/String;Ljava/lang/String;Ljava/lang/String;Ljava/lang/String;)Ljava/lang/String;
- top.maplex.incisiontest.cases.SurgeonInsnPatternCases#onLdcCstFiltered@80
  state: ARMED
  target: top/maplex/incisiontest/fixture/ComplexOpcodeFixture.loadStrings()Ljava/lang/String;
- top.maplex.incisiontest.cases.OperationMatrixCases#orderHigh@28
  state: ARMED
  target: top/maplex/incisiontest/fixture/OperationMatrixFixture.mOrderTarget()Ljava/util/List;
- top.maplex.incisiontest.cases.SurgeonPriorityPositiveCases#advicePositive@0
  state: ARMED
  target: top/maplex/incisiontest/fixture/SurgeonPriorityFixture.pSharedTarget()Ljava/util/List;
- top.maplex.incisiontest.cases.SurgeonAnchorMatrixSiteCases#siteOffsetZero@44
  state: ARMED
  target: top/maplex/incisiontest/fixture/AnchorMatrixFixture_Site.siteOffsetBaseline(I)I
- top.maplex.incisiontest.cases.SurgeonAnchorMatrixTrimCases#trimArgTriple2@21
  state: ARMED
  target: top/maplex/incisiontest/fixture/AnchorMatrixFixture_Trim.trimTripleArg(Ljava/lang/String;Ljava/lang/String;Ljava/lang/String;)Ljava/lang/String;
- top.maplex.incisiontest.cases.SurgeonVersionCases#onNmsGetPlayerCount@33
  state: ARMED
  target: net/minecraft/server/v1_12_R1/MinecraftServer.getPlayerCount()I
- top.maplex.incisiontest.cases.SurgeonSiteCases#bypassHelperInvoke@24
  state: ARMED
  target: top/maplex/incisiontest/fixture/SurgeonSiteTargetFixture.invokeHelper(I)I
- top.maplex.incisiontest.cases.SurgeonVersionMatrixCases#onBothEmpty@39
  state: ARMED
  target: top/maplex/incisiontest/fixture/SurgeonVersionMatrixFixture.bothEmpty()Ljava/lang/String;
- top.maplex.incisiontest.cases.SurgeonVersionMatrixCases#onBypassVersioned@48
  state: ARMED
  target: top/maplex/incisiontest/fixture/SurgeonVersionMatrixFixture.bypassCallerTarget()I
- top.maplex.incisiontest.cases.SurgeonOperationCases#multiSurgeonLowerSide@13
  state: ARMED
  target: top/maplex/incisiontest/fixture/SurgeonOperationTargetFixture.multiSurgeonTarget()Ljava/util/List;
- top.maplex.incisiontest.cases.KotlinTargetMatrixCases#onTTStatic@26
  state: ARMED
  target: top/maplex/incisiontest/fixture/KotlinTargetMatrixFixture.ttBothEcho(Ljava/lang/String;)Ljava/lang/String;
- top.maplex.incisiontest.cases.OperationEnabledPriorityCases#aT0@20
  state: ARMED
  target: top/maplex/incisiontest/fixture/OperationEnabledPriorityFixture.cellTPri0()I
- top.maplex.incisiontest.cases.SurgeonPredicateCases#onFlagTrue@94
  state: ARMED
  target: top/maplex/incisiontest/fixture/PredicateFixture.flag(Ljava/lang/Object;)Ljava/lang/String;
- top.maplex.incisiontest.cases.SurgeonPredicateCases#onEmptyWhere@115
  state: ARMED
  target: top/maplex/incisiontest/fixture/PredicateFixture.whereEmpty(I)I
- top.maplex.incisiontest.cases.SurgeonOpcodeSeqAnchorCases#onInvokeWithPattern@13
  state: ARMED
  target: top/maplex/incisiontest/fixture/ComplexOpcodeFixture.chainInvoke()I
- top.maplex.incisiontest.cases.KotlinTargetMatrixCases#onTF@24
  state: ARMED
  target: top/maplex/incisiontest/fixture/KotlinTargetMatrixFixture$Companion.tfCompanionEcho(Ljava/lang/String;)Ljava/lang/String;
- top.maplex.incisiontest.cases.SurgeonInsnPatternCases#onAccumulatePattern@73
  state: ARMED
  target: top/maplex/incisiontest/fixture/InsnPatternFixture.accumulate(I)I
- top.maplex.incisiontest.cases.SurgeonAnchorMatrixCases#graftInvokeBefore1@47
  state: ARMED
  target: top/maplex/incisiontest/fixture/AnchorMatrixFixture.matrixInvokeChain(I)I
- top.maplex.incisiontest.cases.SurgeonAnchorMatrixScopeCases#spliceFull@25
  state: ARMED
  target: top/maplex/incisiontest/fixture/AnchorMatrixFixture_Scope.scopeShorthandArgs(Ljava/lang/String;I)Ljava/lang/String;
- top.maplex.incisiontest.cases.SurgeonAnchorMatrixExtrasCases#spliceShortCircuit@33
  state: ARMED
  target: top/maplex/incisiontest/fixture/AnchorMatrixFixture_Extras.spliceSkipTarget(I)I
- top.maplex.incisiontest.cases.SurgeonOffsetCases#onBeforeNegOffset@44
  state: ARMED
  target: top/maplex/incisiontest/fixture/OffsetFixture.chainWithGap()I
- top.maplex.incisiontest.cases.SurgeonSiteCases#graftOnFieldPut@21
  state: ARMED
  target: top/maplex/incisiontest/fixture/SurgeonSiteTargetFixture.writeCounter(I)V
- top.maplex.incisiontest.cases.SurgeonAnchorMatrixSiteCases#siteInvokeOrd1@35
  state: ARMED
  target: top/maplex/incisiontest/fixture/AnchorMatrixFixture_Site.siteInvokeChain(I)I
- top.maplex.incisiontest.cases.SurgeonOffsetCases#onOffsetMinus2@49
  state: ARMED
  target: top/maplex/incisiontest/fixture/OffsetFixture.chainWithGap()I
- top.maplex.incisiontest.cases.SurgeonSiteCases#trimReturnPlain@25
  state: ARMED
  target: top/maplex/incisiontest/fixture/SurgeonSiteTargetFixture.plainReturn()I
- top.maplex.incisiontest.cases.SurgeonPredicateCases#onSpawnNeqInt@70
  state: ARMED
  target: top/maplex/incisiontest/fixture/PredicateFixture.spawn(Ljava/lang/String;I)Ljava/lang/String;
- top.maplex.incisiontest.cases.SurgeonInsnPatternCases#onInvokeSpecial@105
  state: ARMED
  target: top/maplex/incisiontest/fixture/ComplexOpcodeFixture.buildBuffer()Ljava/lang/String;
- top.maplex.incisiontest.cases.SurgeonVersionCases#onFakeBoundaryEnd@37
  state: ARMED
  target: top/maplex/incisiontest/fixture/SurgeonVersionTargetFixture.fakeMatcherBoundaryEnd()Ljava/lang/String;
- top.maplex.incisiontest.cases.SurgeonVersionMatrixCases#onLeadVersioned@44
  state: ARMED
  target: top/maplex/incisiontest/fixture/SurgeonVersionMatrixFixture.leadTarget()Ljava/lang/String;
- top.maplex.incisiontest.cases.OperationMatrixCases#adviceM9@27
  state: ARMED
  target: top/maplex/incisiontest/fixture/OperationMatrixFixture.m9PriorityZeroExplicit()I
- top.maplex.incisiontest.cases.Pri0Surgeon#pri0@0
  state: ARMED
  target: top/maplex/incisiontest/fixture/SurgeonPriorityExtremeFixture.threeSurgeonTarget()Ljava/util/List;
- top.maplex.incisiontest.cases.SurgeonAdvancedCases#onReturnsBoolExcise@4
  state: ARMED
  target: top/maplex/incisiontest/fixture/SurgeonAdvancedTargetFixture.returnsBoolean(Z)Z
- top.maplex.incisiontest.cases.SurgeonVersionMatrixCases#onOnlyEndGiven@40
  state: ARMED
  target: top/maplex/incisiontest/fixture/SurgeonVersionMatrixFixture.onlyEndGiven()Ljava/lang/String;
- top.maplex.incisiontest.cases.SurgeonOffsetCases#onOffsetPlus5@48
  state: ARMED
  target: top/maplex/incisiontest/fixture/OffsetFixture.chainWithGap()I
- top.maplex.incisiontest.cases.OperationEnabledPriorityCases#aT5@21
  state: ARMED
  target: top/maplex/incisiontest/fixture/OperationEnabledPriorityFixture.cellTPri5()I
- top.maplex.incisiontest.cases.SurgeonAnchorMatrixCases#graftFieldGet@50
  state: ARMED
  target: top/maplex/incisiontest/fixture/AnchorMatrixFixture.matrixFieldRead()I
- top.maplex.incisiontest.cases.SurgeonVersionCases#onNoop@32
  state: ARMED
  target: top/maplex/incisiontest/fixture/SurgeonVersionTargetFixture.noopMatcherTarget()Ljava/lang/String;
- top.maplex.incisiontest.cases.AccessorTheatreDslCases#onDescribe@6
  state: ARMED
  target: top/maplex/incisiontest/fixture/AccessorChildFixture.describe()Ljava/lang/String;
- top.maplex.incisiontest.cases.SurgeonAnchorMatrixPriorityOperation#opPriority200@10
  state: ARMED
  target: top/maplex/incisiontest/fixture/AnchorMatrixFixture_Priority.priorityOperationTarget()Ljava/lang/String;
- top.maplex.incisiontest.cases.SurgeonAnchorMatrixExtrasCases#newBefore@28
  state: ARMED
  target: top/maplex/incisiontest/fixture/AnchorMatrixFixture_Extras.allocateBuilder()Ljava/lang/StringBuilder;
- top.maplex.incisiontest.cases.AdyeshachIntegrationCases#literalSplice@16
  state: ARMED
  target: ink/ptms/adyeshach/impl/nms/DefaultMinecraftHelper.literalChatBaseComponent(Ljava/lang/String;)Ljava/lang/Object;
- top.maplex.incisiontest.cases.SurgeonAnchorMatrixCases#graftThrow@53
  state: ARMED
  target: top/maplex/incisiontest/fixture/AnchorMatrixFixture.matrixThrowUncaught(Z)Ljava/lang/String;
- top.maplex.incisiontest.cases.SurgeonInsnPatternCases#onSeq5@96
  state: ARMED
  target: top/maplex/incisiontest/fixture/ComplexOpcodeFixture.densePattern()I
- top.maplex.incisiontest.cases.SurgeonAnchorMatrixCases#headLead@42
  state: ARMED
  target: top/maplex/incisiontest/fixture/AnchorMatrixFixture.matrixSimpleReturn()Ljava/lang/String;
- top.maplex.incisiontest.cases.OperationEnabledPriorityCases#aF0@24
  state: ARMED
  target: top/maplex/incisiontest/fixture/OperationEnabledPriorityFixture.cellFPri0()I
- top.maplex.incisiontest.cases.SurgeonAnchorMatrixCases#trailMultiReturn@44
  state: ARMED
  target: top/maplex/incisiontest/fixture/AnchorMatrixFixture.matrixMultiReturn(Z)I
- top.maplex.incisiontest.cases.SurgeonPriorityNegativeCases#adviceNegative@0
  state: ARMED
  target: top/maplex/incisiontest/fixture/SurgeonPriorityFixture.pSharedTarget()Ljava/util/List;
- top.maplex.incisiontest.cases.SurgeonPredicateCases#onMeasureLt@71
  state: ARMED
  target: top/maplex/incisiontest/fixture/PredicateFixture.measure(D)Ljava/lang/String;
- top.maplex.incisiontest.cases.SurgeonAnchorMatrixExtrasCases#newAfter@29
  state: ARMED
  target: top/maplex/incisiontest/fixture/AnchorMatrixFixture_Extras.allocateBuilder()Ljava/lang/StringBuilder;
- top.maplex.incisiontest.cases.SurgeonAnchorMatrixExtrasCases#tripleArg2@32
  state: ARMED
  target: top/maplex/incisiontest/fixture/AnchorMatrixFixture_Extras.tripleArgEcho(Ljava/lang/String;Ljava/lang/String;Ljava/lang/String;)Ljava/lang/String;
- top.maplex.incisiontest.cases.SurgeonAopCases#aroundModifyArgs@21
  state: ARMED
  target: top/maplex/incisiontest/fixture/SurgeonAopTargetFixture.greet(Ljava/lang/String;)Ljava/lang/String;
- top.maplex.incisiontest.cases.SurgeonPriorityZeroCases#adviceZero@0
  state: ARMED
  target: top/maplex/incisiontest/fixture/SurgeonPriorityFixture.pSharedTarget()Ljava/util/List;
- top.maplex.incisiontest.cases.KotlinTargetMatrixCases#onTTCompanion@27
  state: ARMED
  target: top/maplex/incisiontest/fixture/KotlinTargetMatrixFixture$Companion.ttBothEcho(Ljava/lang/String;)Ljava/lang/String;
- top.maplex.incisiontest.cases.SurgeonInsnPatternCases#onInvokeVirtualGlob@84
  state: ARMED
  target: top/maplex/incisiontest/fixture/ComplexOpcodeFixture.buildBuffer()Ljava/lang/String;
- top.maplex.incisiontest.cases.OperationIdVariantsCases#id::with/special.chars-001@9
  state: ARMED
  target: top/maplex/incisiontest/fixture/OperationIdVariantsFixture.idSpecialCharsTarget()I
- top.maplex.incisiontest.cases.SurgeonOffsetCases#onAnyOrdinal@47
  state: ARMED
  target: top/maplex/incisiontest/fixture/OffsetFixture.chain()I
- top.maplex.incisiontest.cases.SurgeonPredicateCases#onFlagNull@96
  state: ARMED
  target: top/maplex/incisiontest/fixture/PredicateFixture.flag(Ljava/lang/Object;)Ljava/lang/String;
- top.maplex.incisiontest.cases.SurgeonAnchorMatrixPriorityOperation#opPriority50@11
  state: ARMED
  target: top/maplex/incisiontest/fixture/AnchorMatrixFixture_Priority.priorityOperationTarget()Ljava/lang/String;
- top.maplex.incisiontest.cases.SurgeonPredicateCases#onMeasureDouble@97
  state: ARMED
  target: top/maplex/incisiontest/fixture/PredicateFixture.measure(D)Ljava/lang/String;
- top.maplex.incisiontest.cases.OperationEnabledPriorityCases#aF5@25
  state: ARMED
  target: top/maplex/incisiontest/fixture/OperationEnabledPriorityFixture.cellFPri5()I
- top.maplex.incisiontest.cases.SurgeonPredicateCases#onHandleInList@77
  state: ARMED
  target: top/maplex/incisiontest/fixture/PredicateFixture.handle(Ljava/util/List;)Ljava/lang/String;
- top.maplex.incisiontest.cases.SurgeonPredicateCases#onSpawnCompound@98
  state: ARMED
  target: top/maplex/incisiontest/fixture/PredicateFixture.spawn(Ljava/lang/String;I)Ljava/lang/String;
- top.maplex.incisiontest.cases.SurgeonPredicateCases#onRegisterProperty@85
  state: ARMED
  target: top/maplex/incisiontest/fixture/PredicateFixture.register(Ltop/maplex/incisiontest/fixture/PredicateFixture$Named;)Ljava/lang/String;
- top.maplex.incisiontest.cases.AdyeshachIntegrationCases#literalLead@14
  state: ARMED
  target: ink/ptms/adyeshach/impl/nms/DefaultMinecraftHelper.literalChatBaseComponent(Ljava/lang/String;)Ljava/lang/Object;
- top.maplex.incisiontest.cases.SurgeonInsnPatternCases#onANewArray@87
  state: ARMED
  target: top/maplex/incisiontest/fixture/ComplexOpcodeFixture.arrays()I
- top.maplex.incisiontest.cases.OperationMatrixCases#adviceM3@21
  state: ARMED
  target: top/maplex/incisiontest/fixture/OperationMatrixFixture.m3DisabledNoId()I
- top.maplex.incisiontest.cases.SurgeonPredicateCases#onLogMatches@75
  state: ARMED
  target: top/maplex/incisiontest/fixture/PredicateFixture.log(Ljava/lang/String;)Ljava/lang/String;
- top.maplex.incisiontest.cases.SurgeonAnchorMatrixSiteCases#siteNewEmptyTarget@43
  state: ARMED
  target: top/maplex/incisiontest/fixture/AnchorMatrixFixture_Site.siteTargetEmpty()Ljava/lang/Object;
- top.maplex.incisiontest.cases.SurgeonPredicateCases#onRegisterMethodNoArg@88
  state: ARMED
  target: top/maplex/incisiontest/fixture/PredicateFixture.register(Ltop/maplex/incisiontest/fixture/PredicateFixture$Named;)Ljava/lang/String;
- top.maplex.incisiontest.cases.SurgeonAnchorMatrixScopeCases#leadWildArgs@21
  state: ARMED
  target: top/maplex/incisiontest/fixture/AnchorMatrixFixture_Scope.scopeMethodWild(*)*
- top.maplex.incisiontest.cases.SurgeonOffsetCases#onFirstHelperBefore@37
  state: ARMED
  target: top/maplex/incisiontest/fixture/OffsetFixture.chain()I
- top.maplex.incisiontest.cases.SurgeonVersionMatrixCases#onSpliceVersioned@46
  state: ARMED
  target: top/maplex/incisiontest/fixture/SurgeonVersionMatrixFixture.spliceTarget()Ljava/lang/String;
- top.maplex.incisiontest.cases.SurgeonAnchorMatrixSiteCases#siteInvokeOrd2@36
  state: ARMED
  target: top/maplex/incisiontest/fixture/AnchorMatrixFixture_Site.siteInvokeChain(I)I
- top.maplex.incisiontest.cases.SurgeonAnchorMatrixSiteCases#anchorHead@30
  state: ARMED
  target: top/maplex/incisiontest/fixture/AnchorMatrixFixture_Site.siteHeadMethod()Ljava/lang/String;
- top.maplex.incisiontest.cases.SurgeonAnchorMatrixCases#graftInvokeAfter0@49
  state: ARMED
  target: top/maplex/incisiontest/fixture/AnchorMatrixFixture.matrixInvokeChain(I)I
- top.maplex.incisiontest.cases.SurgeonAnchorMatrixCases#bypassReplace@54
  state: ARMED
  target: top/maplex/incisiontest/fixture/AnchorMatrixFixture.matrixInvokeMixed(I)I
- top.maplex.incisiontest.cases.PerformanceCases#leadOfPair@4
  state: ARMED
  target: top/maplex/incisiontest/fixture/PerformanceFixture.leadTrail(I)I
- top.maplex.incisiontest.cases.SurgeonCrossClCases#onGetPlayerCount@5
  state: ARMED
  target: net/minecraft/server/v1_12_R1/MinecraftServer.getPlayerCount()I
- top.maplex.incisiontest.cases.SurgeonPredicateCases#onRegisterMethodCall@87
  state: ARMED
  target: top/maplex/incisiontest/fixture/PredicateFixture.register(Ltop/maplex/incisiontest/fixture/PredicateFixture$Named;)Ljava/lang/String;
- top.maplex.incisiontest.cases.SurgeonSiteCases#graftOnFieldGet@20
  state: ARMED
  target: top/maplex/incisiontest/fixture/SurgeonSiteTargetFixture.readCounter()I
- top.maplex.incisiontest.cases.SurgeonKotlinTargetCases#onCompanionOnly@8
  state: ARMED
  target: top/maplex/incisiontest/fixture/SurgeonKotlinTargetFixture$Companion.companionOnlyEcho(Ljava/lang/String;)Ljava/lang/String;
- top.maplex.incisiontest.cases.SurgeonPredicateCases#onAcceptAsCast@84
  state: ARMED
  target: top/maplex/incisiontest/fixture/PredicateFixture.accept(Ljava/lang/Object;)Ljava/lang/String;
- top.maplex.incisiontest.cases.SurgeonVersionMatrixCases#onTrailVersioned@45
  state: ARMED
  target: top/maplex/incisiontest/fixture/SurgeonVersionMatrixFixture.trailTarget()Ljava/lang/String;
- top.maplex.incisiontest.cases.OperationEnabledPriorityCases#cycle-advice@29
  state: ARMED
  target: top/maplex/incisiontest/fixture/OperationEnabledPriorityFixture.cycleTarget()I
- top.maplex.incisiontest.cases.SurgeonPredicateCases#onSpawnNested@93
  state: ARMED
  target: top/maplex/incisiontest/fixture/PredicateFixture.spawn(Ljava/lang/String;I)Ljava/lang/String;
- top.maplex.incisiontest.cases.SurgeonKotlinTargetCases#onStaticOnly@9
  state: ARMED
  target: top/maplex/incisiontest/fixture/SurgeonKotlinTargetFixture.staticOnlyEcho(Ljava/lang/String;)Ljava/lang/String;
- top.maplex.incisiontest.cases.SurgeonAnchorMatrixCases#tailTrailNormal@43
  state: ARMED
  target: top/maplex/incisiontest/fixture/AnchorMatrixFixture.matrixSimpleReturn()Ljava/lang/String;
- top.maplex.incisiontest.cases.SurgeonAnchorMatrixPriorityLow#lowPriority@2
  state: ARMED
  target: top/maplex/incisiontest/fixture/AnchorMatrixFixture_Priority.prioritySurgeonTarget()Ljava/lang/String;
- top.maplex.incisiontest.cases.SurgeonPredicateCases#onHandleIcList@80
  state: ARMED
  target: top/maplex/incisiontest/fixture/PredicateFixture.handle(Ljava/util/List;)Ljava/lang/String;
- top.maplex.incisiontest.cases.SurgeonInsnPatternCases#onFieldPut@82
  state: ARMED
  target: top/maplex/incisiontest/fixture/ComplexOpcodeFixture.touchFields()I
- top.maplex.incisiontest.cases.SurgeonAnchorMatrixScopeCases#bypassFullDescriptor@26
  state: ARMED
  target: top/maplex/incisiontest/fixture/AnchorMatrixFixture_Scope.scopeInvokeHelper()I
- top.maplex.incisiontest.cases.KotlinTargetMatrixCases#onFTAlt@23
  state: ARMED
  target: top/maplex/incisiontest/fixture/KotlinTargetMatrixFixture.ftStaticAlt(I)I
- top.maplex.incisiontest.cases.SurgeonVersionMatrixCases#onSinglePoint@42
  state: ARMED
  target: top/maplex/incisiontest/fixture/SurgeonVersionMatrixFixture.singlePoint()Ljava/lang/String;
- top.maplex.incisiontest.cases.SurgeonVersionMatrixCases#onSegLongerEnd@55
  state: ARMED
  target: top/maplex/incisiontest/fixture/SurgeonVersionMatrixFixture.segmentLongerEnd()Ljava/lang/String;
- top.maplex.incisiontest.cases.SurgeonPredicateCases#onExciseWithWhere@118
  state: ARMED
  target: top/maplex/incisiontest/fixture/PredicateFixture.whereExcise(Ljava/lang/String;)Ljava/lang/String;
- top.maplex.incisiontest.cases.OperationMatrixCases#m6-cust@24
  state: ARMED
  target: top/maplex/incisiontest/fixture/OperationMatrixFixture.m6IdAndPriority()I
- top.maplex.incisiontest.cases.SurgeonInsnPatternCases#onRepeat5@98
  state: ARMED
  target: top/maplex/incisiontest/fixture/ComplexOpcodeFixture.multiFieldPut()I
- top.maplex.incisiontest.cases.SurgeonOperationCases#lowPriority@10
  state: ARMED
  target: top/maplex/incisiontest/fixture/SurgeonOperationTargetFixture.priorityTarget()Ljava/util/List;
- top.maplex.incisiontest.cases.SurgeonPredicateCases#onSpawnOr@91
  state: ARMED
  target: top/maplex/incisiontest/fixture/PredicateFixture.spawn(Ljava/lang/String;I)Ljava/lang/String;
- top.maplex.incisiontest.cases.SurgeonOpcodeSeqAnchorCases#onInvokeWithGlob@14
  state: ARMED
  target: top/maplex/incisiontest/fixture/ComplexOpcodeFixture.chainInvoke()I
- top.maplex.incisiontest.cases.SurgeonPredicateCases#onAcceptIpObject@81
  state: ARMED
  target: top/maplex/incisiontest/fixture/PredicateFixture.accept(Ljava/lang/Object;)Ljava/lang/String;
- top.maplex.incisiontest.cases.SurgeonOffsetCases#onAfterOffset0@51
  state: ARMED
  target: top/maplex/incisiontest/fixture/OffsetFixture.chain()I
- top.maplex.incisiontest.cases.SurgeonAnchorMatrixCases#trimArg1@57
  state: ARMED
  target: top/maplex/incisiontest/fixture/AnchorMatrixFixture.matrixCombine(Ljava/lang/String;Ljava/lang/String;)Ljava/lang/String;
- top.maplex.incisiontest.cases.SurgeonAnchorMatrixExtrasCases#exciseFullBody@34
  state: ARMED
  target: top/maplex/incisiontest/fixture/AnchorMatrixFixture_Extras.exciseRawTarget()Ljava/lang/String;
- top.maplex.incisiontest.cases.SurgeonSiteCases#graftAfterHelperInvoke@19
  state: ARMED
  target: top/maplex/incisiontest/fixture/SurgeonSiteTargetFixture.invokeHelper(I)I
- top.maplex.incisiontest.cases.OperationMatrixCases#orderMid@29
  state: ARMED
  target: top/maplex/incisiontest/fixture/OperationMatrixFixture.mOrderTarget()Ljava/util/List;
- top.maplex.incisiontest.cases.SurgeonAnchorMatrixCases#graftInvokeBefore0@46
  state: ARMED
  target: top/maplex/incisiontest/fixture/AnchorMatrixFixture.matrixInvokeChain(I)I
- top.maplex.incisiontest.cases.SurgeonPredicateCases#onAcceptNotIt@83
  state: ARMED
  target: top/maplex/incisiontest/fixture/PredicateFixture.accept(Ljava/lang/Object;)Ljava/lang/String;
- top.maplex.incisiontest.cases.SurgeonPredicateCases#onAcceptIsString@78
  state: ARMED
  target: top/maplex/incisiontest/fixture/PredicateFixture.accept(Ljava/lang/Object;)Ljava/lang/String;
- top.maplex.incisiontest.cases.SurgeonBasicCases#onGreetLead@8
  state: ARMED
  target: top/maplex/incisiontest/fixture/SurgeonBasicTargetFixture.greet(Ljava/lang/String;)Ljava/lang/String;
- top.maplex.incisiontest.cases.SurgeonOperationCases#disabledAdvice@8
  state: ARMED
  target: top/maplex/incisiontest/fixture/SurgeonOperationTargetFixture.disabledTarget()I
- top.maplex.incisiontest.cases.SurgeonAnchorMatrixCases#graftNew@52
  state: ARMED
  target: top/maplex/incisiontest/fixture/AnchorMatrixFixture.matrixAllocate()Ljava/util/ArrayList;
- top.maplex.incisiontest.cases.PerformanceCases#lead@3
  state: ARMED
  target: top/maplex/incisiontest/fixture/PerformanceFixture.lead(I)I
- top.maplex.incisiontest.cases.OperationEnabledPriorityCases#aT100@22
  state: ARMED
  target: top/maplex/incisiontest/fixture/OperationEnabledPriorityFixture.cellTPri100()I
- top.maplex.incisiontest.cases.SurgeonInsnPatternCases#onNewStringBuilder@83
  state: ARMED
  target: top/maplex/incisiontest/fixture/ComplexOpcodeFixture.buildBuffer()Ljava/lang/String;
- top.maplex.incisiontest.cases.SurgeonOperationCases#surgeonOverrideAdvice@12
  state: ARMED
  target: top/maplex/incisiontest/fixture/SurgeonOperationTargetFixture.surgeonDefaultTarget()Ljava/util/List;
- top.maplex.incisiontest.cases.SurgeonPredicateCases#onLogInString@76
  state: ARMED
  target: top/maplex/incisiontest/fixture/PredicateFixture.log(Ljava/lang/String;)Ljava/lang/String;
- top.maplex.incisiontest.cases.SurgeonOffsetCases#onFirstHelperAfterOffset1@40
  state: ARMED
  target: top/maplex/incisiontest/fixture/OffsetFixture.chain()I
- top.maplex.incisiontest.cases.SurgeonPredicateCases#onSpawnLe@73
  state: ARMED
  target: top/maplex/incisiontest/fixture/PredicateFixture.spawn(Ljava/lang/String;I)Ljava/lang/String;
- top.maplex.incisiontest.cases.SurgeonAnchorMatrixCases#trimReturnPlain@55
  state: ARMED
  target: top/maplex/incisiontest/fixture/AnchorMatrixFixture.matrixPlainReturn()I
- top.maplex.incisiontest.cases.SurgeonAnchorMatrixExtrasCases#noParenLead@35
  state: ARMED
  target: top/maplex/incisiontest/fixture/AnchorMatrixFixture_Extras.noParenMethod()Ljava/lang/String;
- top.maplex.incisiontest.cases.SurgeonOffsetCases#onThirdHelperBefore@39
  state: ARMED
  target: top/maplex/incisiontest/fixture/OffsetFixture.chain()I
- top.maplex.incisiontest.cases.SurgeonAnchorMatrixScopeCases#trailClassAndMethodA@23
  state: ARMED
  target: top/maplex/incisiontest/fixture/AnchorMatrixFixture_Scope.scopeClassA()I
- top.maplex.incisiontest.cases.SurgeonAnchorMatrixCases#spliceProceedAndKeep@59
  state: ARMED
  target: top/maplex/incisiontest/fixture/AnchorMatrixFixture.matrixSpliceTarget(I)I
- top.maplex.incisiontest.cases.SurgeonInsnPatternCases#onFieldGet@81
  state: ARMED
  target: top/maplex/incisiontest/fixture/ComplexOpcodeFixture.touchFields()I
- top.maplex.incisiontest.cases.SurgeonOffsetCases#onFieldPutOffset@54
  state: ARMED
  target: top/maplex/incisiontest/fixture/OffsetFixture.chainWithGap()I
- top.maplex.incisiontest.cases.SurgeonAnchorMatrixSiteCases#siteFieldGetGraft@40
  state: ARMED
  target: top/maplex/incisiontest/fixture/AnchorMatrixFixture_Site.siteFieldGet()I
- top.maplex.incisiontest.cases.SurgeonAnchorMatrixCases#graftFieldPut@51
  state: ARMED
  target: top/maplex/incisiontest/fixture/AnchorMatrixFixture.matrixFieldWrite(I)V
- top.maplex.incisiontest.cases.SurgeonSiteCases#graftOnThrow@23
  state: ARMED
  target: top/maplex/incisiontest/fixture/SurgeonSiteTargetFixture.throwIt()Ljava/lang/String;
- top.maplex.incisiontest.cases.SurgeonInsnPatternCases#onNewArray@86
  state: ARMED
  target: top/maplex/incisiontest/fixture/ComplexOpcodeFixture.arrays()I
- top.maplex.incisiontest.cases.SurgeonVersionCases#onMultiRange1@41
  state: ARMED
  target: top/maplex/incisiontest/fixture/SurgeonVersionTargetFixture.multiRangeByIndex()Ljava/lang/String;
- top.maplex.incisiontest.cases.KotlinTargetMatrixCases#onFFAlt@21
  state: ARMED
  target: top/maplex/incisiontest/fixture/KotlinTargetMatrixFixture.ffAltMethod(I)I
- top.maplex.incisiontest.cases.SurgeonAopCases#onCompanionEcho@24
  state: ARMED
  target: top/maplex/incisiontest/fixture/SurgeonAopTargetFixture$Companion.companionEcho(Ljava/lang/String;)Ljava/lang/String;
- top.maplex.incisiontest.cases.SurgeonAnchorMatrixCases#graftInvokeBeforeAll@48
  state: ARMED
  target: top/maplex/incisiontest/fixture/AnchorMatrixFixture.matrixInvokeChain(I)I
- top.maplex.incisiontest.cases.OperationMatrixCases#orderLow@31
  state: ARMED
  target: top/maplex/incisiontest/fixture/OperationMatrixFixture.mOrderTarget()Ljava/util/List;
- top.maplex.incisiontest.cases.SurgeonPriorityDefaultCases#adviceDefault@0
  state: ARMED
  target: top/maplex/incisiontest/fixture/SurgeonPriorityFixture.pSharedTarget()Ljava/util/List;
- top.maplex.incisiontest.cases.SurgeonAnchorMatrixTrimCases#trimArgSingle@18
  state: ARMED
  target: top/maplex/incisiontest/fixture/AnchorMatrixFixture_Trim.trimSingleArg(Ljava/lang/String;)Ljava/lang/String;
- top.maplex.incisiontest.cases.SurgeonOffsetCases#onFieldGetOffset@53
  state: ARMED
  target: top/maplex/incisiontest/fixture/OffsetFixture.chainWithGap()I
- top.maplex.incisiontest.cases.SurgeonAnchorMatrixTrimCases#trimArgDouble0@19
  state: ARMED
  target: top/maplex/incisiontest/fixture/AnchorMatrixFixture_Trim.trimDoubleArg(Ljava/lang/String;Ljava/lang/String;)Ljava/lang/String;
- top.maplex.incisiontest.cases.OperationEnabledPriorityCases#same-pri-first@27
  state: ARMED
  target: top/maplex/incisiontest/fixture/OperationEnabledPriorityFixture.samePriorityTarget()Ljava/util/List;
- top.maplex.incisiontest.cases.SurgeonAnchorMatrixTrimCases#trimReturnInt@23
  state: ARMED
  target: top/maplex/incisiontest/fixture/AnchorMatrixFixture_Trim.trimReturnInt()I
- top.maplex.incisiontest.cases.SurgeonAnchorMatrixPriorityOperation#opPriorityNeg10@12
  state: ARMED
  target: top/maplex/incisiontest/fixture/AnchorMatrixFixture_Priority.priorityOperationTarget()Ljava/lang/String;
- top.maplex.incisiontest.cases.SurgeonVersionMatrixCases#onExciseVersioned@47
  state: ARMED
  target: top/maplex/incisiontest/fixture/SurgeonVersionMatrixFixture.exciseTarget()Ljava/lang/String;
- top.maplex.incisiontest.cases.SurgeonCrossClCases#onGetMaxPlayers@8
  state: ARMED
  target: org/bukkit/Bukkit.getMaxPlayers()I

[15:22:04 INFO]: [Incision-Test-1.0.0] [Incision] Instrumentation 后端就绪
[15:22:04 INFO]: [Incision-Test-1.0.0] [DEBUG] MeteorInjector 初始化完成。
[15:22:04 INFO]: [Incision-Test-1.0.0] [DEBUG] 生命周期 "ENABLE" 用时 36 毫秒。
[15:22:04 INFO]: Done (0.680s)! For help, type "help" or "?"
[15:22:04 INFO]: Timings Reset
[15:22:04 INFO]: [Incision-Test-1.0.0] [DEBUG] 生命周期 "ACTIVE" 用时 1 毫秒。
[15:22:04 INFO]: [IncisionTest] auto-run disabled for isolated benchmark process
[15:22:05 INFO]: [Incision-Test-1.0.0] [DEBUG] [Incision][DEBUG] weave inject top/maplex/incisiontest/fixture/PerformanceFixture.probe(I)I kinds=[LEAD] static=false
[15:22:05 INFO]: [Incision-Test-1.0.0] [DEBUG] [Incision][DEBUG] weave inject top/maplex/incisiontest/fixture/PerformanceFixture.lead(I)I kinds=[LEAD] static=false
[15:22:05 INFO]: [Incision-Test-1.0.0] [DEBUG] [Incision][DEBUG] weave inject top/maplex/incisiontest/fixture/PerformanceFixture.leadTrail(I)I kinds=[LEAD, TRAIL] static=false
[15:22:05 INFO]: [Incision-Test-1.0.0] [DEBUG] [Incision][DEBUG] weave inject top/maplex/incisiontest/fixture/PerformanceFixture.predicate(I)I kinds=[LEAD] static=false
[15:22:05 INFO]: [Incision-Test-1.0.0] [DEBUG] [Incision][DEBUG] weave inject top/maplex/incisiontest/fixture/PerformanceFixture.splice(I)I kinds=[SPLICE] static=false
[15:22:05 INFO]: [Incision-Test-1.0.0] [DEBUG] [Incision][DEBUG] weave inject top/maplex/incisiontest/fixture/PerformanceFixture.siteInvoke(I)I kinds=[GRAFT] static=false
[15:22:05 INFO]: [Incision-Test-1.0.0] [DEBUG] [Incision][DEBUG] JvmtiBackend.defineClass: top.maplex.incisiontest.fixture.PerformanceFixture$$IncisionBodies in org.bukkit.plugin.java.PluginClassLoader@5dbcc115
[15:22:05 INFO]: [Incision-Test-1.0.0] [DEBUG] [Incision][DEBUG] Bodies class defined in target loader: top.maplex.incisiontest.fixture.PerformanceFixture$$IncisionBodies loader=org.bukkit.plugin.java.PluginClassLoader
[15:22:05 INFO]: JMH-START backend=instrumentation unit=ns/op warmup=3 measurement=7 iterationMillis=500 forks=0 output=E:\Code\TabooLib\taboolib\module\incision\performance\jmh-2026-07-28\raw\1.12.2-paper-java8-instrumentation.json
[15:22:05 INFO]: # JMH version: 1.37
[15:22:05 INFO]: # VM version: JDK 1.8.0_472, OpenJDK 64-Bit Server VM, 25.472-b08
[15:22:05 INFO]: # VM invoker: D:\Java\zulu-8\jre\bin\java.exe
[15:22:05 INFO]: # VM options: -Xms512M -Xmx1536M -Dfile.encoding=UTF-8 -Dtaboolib.incision.backend=instrumentation -Dincision.test.autoRun=false -Djdk.attach.allowAttachSelf=true -Dincision.jmh.output=E:\Code\TabooLib\taboolib\module\incision\performance\jmh-2026-07-28\raw\1.12.2-paper-java8-instrumentation.json -Dincision.jmh.warmupIterations=3 -Dincision.jmh.measurementIterations=7 -Dincision.jmh.iterationMillis=500
[15:22:05 INFO]: # Blackhole mode: full + dont-inline hint (auto-detected, use -Djmh.blackhole.autoDetect=false to disable)
[15:22:05 INFO]: # Warmup: 3 iterations, 500 ms each
[15:22:05 INFO]: # Measurement: 7 iterations, 500 ms each
[15:22:05 INFO]: # Timeout: 10 min per iteration
[15:22:05 INFO]: # Threads: 1 thread, will synchronize iterations
[15:22:05 INFO]: # Benchmark mode: Average time, time/op
[15:22:05 INFO]: # Benchmark: top.maplex.incisiontest.benchmark.IncisionJmhBenchmark.baseline
[15:22:05 INFO]: 
[15:22:05 INFO]: # Run progress: 0.00% complete, ETA 00:00:30
[15:22:05 INFO]: # Fork: N/A, test runs in the host VM
[15:22:05 INFO]: # *** WARNING: Non-forked runs may silently omit JVM options, mess up profilers, disable compiler hints, etc. ***
[15:22:05 INFO]: # *** WARNING: Use non-forked runs only for debugging purposes, not for actual performance runs. ***
[15:22:05 INFO]: # Warmup Iteration   1: 0.300 ns/op
[15:22:06 INFO]: # Warmup Iteration   2: 0.303 ns/op
[15:22:06 INFO]: # Warmup Iteration   3: 0.372 ns/op
[15:22:07 INFO]: Iteration   1: 0.370 ns/op
[15:22:07 INFO]: Iteration   2: 0.373 ns/op
[15:22:08 INFO]: Iteration   3: 0.369 ns/op
[15:22:08 INFO]: Iteration   4: 0.373 ns/op
[15:22:09 INFO]: Iteration   5: 0.371 ns/op
[15:22:09 INFO]: Iteration   6: 0.372 ns/op
[15:22:10 INFO]: Iteration   7: 0.371 ns/op
[15:22:10 INFO]: 
[15:22:10 INFO]: Result "top.maplex.incisiontest.benchmark.IncisionJmhBenchmark.baseline":
[15:22:10 INFO]:   0.371 ±(99.9%) 0.003 ns/op [Average]
[15:22:10 INFO]:   (min, avg, max) = (0.369, 0.371, 0.373), stdev = 0.001
[15:22:10 INFO]:   CI (99.9%): [0.368, 0.375] (assumes normal distribution)
[15:22:10 INFO]: 
[15:22:10 INFO]: 
[15:22:10 INFO]: # JMH version: 1.37
[15:22:10 INFO]: # VM version: JDK 1.8.0_472, OpenJDK 64-Bit Server VM, 25.472-b08
[15:22:10 INFO]: # VM invoker: D:\Java\zulu-8\jre\bin\java.exe
[15:22:10 INFO]: # VM options: -Xms512M -Xmx1536M -Dfile.encoding=UTF-8 -Dtaboolib.incision.backend=instrumentation -Dincision.test.autoRun=false -Djdk.attach.allowAttachSelf=true -Dincision.jmh.output=E:\Code\TabooLib\taboolib\module\incision\performance\jmh-2026-07-28\raw\1.12.2-paper-java8-instrumentation.json -Dincision.jmh.warmupIterations=3 -Dincision.jmh.measurementIterations=7 -Dincision.jmh.iterationMillis=500
[15:22:10 INFO]: # Blackhole mode: full + dont-inline hint (auto-detected, use -Djmh.blackhole.autoDetect=false to disable)
[15:22:10 INFO]: # Warmup: 3 iterations, 500 ms each
[15:22:10 INFO]: # Measurement: 7 iterations, 500 ms each
[15:22:10 INFO]: # Timeout: 10 min per iteration
[15:22:10 INFO]: # Threads: 1 thread, will synchronize iterations
[15:22:10 INFO]: # Benchmark mode: Average time, time/op
[15:22:10 INFO]: # Benchmark: top.maplex.incisiontest.benchmark.IncisionJmhBenchmark.lead
[15:22:10 INFO]: 
[15:22:10 INFO]: # Run progress: 16.67% complete, ETA 00:00:25
[15:22:10 INFO]: # Fork: N/A, test runs in the host VM
[15:22:10 INFO]: # *** WARNING: Non-forked runs may silently omit JVM options, mess up profilers, disable compiler hints, etc. ***
[15:22:10 INFO]: # *** WARNING: Use non-forked runs only for debugging purposes, not for actual performance runs. ***
[15:22:10 INFO]: # Warmup Iteration   1: 92.774 ns/op
[15:22:11 INFO]: # Warmup Iteration   2: 81.694 ns/op
[15:22:11 INFO]: # Warmup Iteration   3: 78.702 ns/op
[15:22:12 INFO]: Iteration   1: 78.211 ns/op
[15:22:12 INFO]: Iteration   2: 78.218 ns/op
[15:22:13 INFO]: Iteration   3: 77.673 ns/op
[15:22:13 INFO]: Iteration   4: 77.938 ns/op
[15:22:14 INFO]: Iteration   5: 78.582 ns/op
[15:22:14 INFO]: Iteration   6: 78.745 ns/op
[15:22:15 INFO]: Iteration   7: 78.581 ns/op
[15:22:15 INFO]: 
[15:22:15 INFO]: Result "top.maplex.incisiontest.benchmark.IncisionJmhBenchmark.lead":
[15:22:15 INFO]:   78.279 ±(99.9%) 0.868 ns/op [Average]
[15:22:15 INFO]:   (min, avg, max) = (77.673, 78.279, 78.745), stdev = 0.385
[15:22:15 INFO]:   CI (99.9%): [77.410, 79.147] (assumes normal distribution)
[15:22:15 INFO]: 
[15:22:15 INFO]: 
[15:22:15 INFO]: # JMH version: 1.37
[15:22:15 INFO]: # VM version: JDK 1.8.0_472, OpenJDK 64-Bit Server VM, 25.472-b08
[15:22:15 INFO]: # VM invoker: D:\Java\zulu-8\jre\bin\java.exe
[15:22:15 INFO]: # VM options: -Xms512M -Xmx1536M -Dfile.encoding=UTF-8 -Dtaboolib.incision.backend=instrumentation -Dincision.test.autoRun=false -Djdk.attach.allowAttachSelf=true -Dincision.jmh.output=E:\Code\TabooLib\taboolib\module\incision\performance\jmh-2026-07-28\raw\1.12.2-paper-java8-instrumentation.json -Dincision.jmh.warmupIterations=3 -Dincision.jmh.measurementIterations=7 -Dincision.jmh.iterationMillis=500
[15:22:15 INFO]: # Blackhole mode: full + dont-inline hint (auto-detected, use -Djmh.blackhole.autoDetect=false to disable)
[15:22:15 INFO]: # Warmup: 3 iterations, 500 ms each
[15:22:15 INFO]: # Measurement: 7 iterations, 500 ms each
[15:22:15 INFO]: # Timeout: 10 min per iteration
[15:22:15 INFO]: # Threads: 1 thread, will synchronize iterations
[15:22:15 INFO]: # Benchmark mode: Average time, time/op
[15:22:15 INFO]: # Benchmark: top.maplex.incisiontest.benchmark.IncisionJmhBenchmark.leadTrail
[15:22:15 INFO]: 
[15:22:15 INFO]: # Run progress: 33.33% complete, ETA 00:00:20
[15:22:15 INFO]: # Fork: N/A, test runs in the host VM
[15:22:15 INFO]: # *** WARNING: Non-forked runs may silently omit JVM options, mess up profilers, disable compiler hints, etc. ***
[15:22:15 INFO]: # *** WARNING: Use non-forked runs only for debugging purposes, not for actual performance runs. ***
[15:22:15 INFO]: # Warmup Iteration   1: 212.223 ns/op
[15:22:16 INFO]: # Warmup Iteration   2: 202.842 ns/op
[15:22:16 INFO]: # Warmup Iteration   3: 206.845 ns/op
[15:22:17 INFO]: Iteration   1: 200.153 ns/op
[15:22:17 INFO]: Iteration   2: 200.797 ns/op
[15:22:18 INFO]: Iteration   3: 202.591 ns/op
[15:22:18 INFO]: Iteration   4: 202.094 ns/op
[15:22:19 INFO]: Iteration   5: 201.415 ns/op
[15:22:19 INFO]: Iteration   6: 201.899 ns/op
[15:22:20 INFO]: Iteration   7: 200.140 ns/op
[15:22:20 INFO]: 
[15:22:20 INFO]: Result "top.maplex.incisiontest.benchmark.IncisionJmhBenchmark.leadTrail":
[15:22:20 INFO]:   201.298 ±(99.9%) 2.173 ns/op [Average]
[15:22:20 INFO]:   (min, avg, max) = (200.140, 201.298, 202.591), stdev = 0.965
[15:22:20 INFO]:   CI (99.9%): [199.125, 203.471] (assumes normal distribution)
[15:22:20 INFO]: 
[15:22:20 INFO]: 
[15:22:20 INFO]: # JMH version: 1.37
[15:22:20 INFO]: # VM version: JDK 1.8.0_472, OpenJDK 64-Bit Server VM, 25.472-b08
[15:22:20 INFO]: # VM invoker: D:\Java\zulu-8\jre\bin\java.exe
[15:22:20 INFO]: # VM options: -Xms512M -Xmx1536M -Dfile.encoding=UTF-8 -Dtaboolib.incision.backend=instrumentation -Dincision.test.autoRun=false -Djdk.attach.allowAttachSelf=true -Dincision.jmh.output=E:\Code\TabooLib\taboolib\module\incision\performance\jmh-2026-07-28\raw\1.12.2-paper-java8-instrumentation.json -Dincision.jmh.warmupIterations=3 -Dincision.jmh.measurementIterations=7 -Dincision.jmh.iterationMillis=500
[15:22:20 INFO]: # Blackhole mode: full + dont-inline hint (auto-detected, use -Djmh.blackhole.autoDetect=false to disable)
[15:22:20 INFO]: # Warmup: 3 iterations, 500 ms each
[15:22:20 INFO]: # Measurement: 7 iterations, 500 ms each
[15:22:20 INFO]: # Timeout: 10 min per iteration
[15:22:20 INFO]: # Threads: 1 thread, will synchronize iterations
[15:22:20 INFO]: # Benchmark mode: Average time, time/op
[15:22:20 INFO]: # Benchmark: top.maplex.incisiontest.benchmark.IncisionJmhBenchmark.predicateTrue
[15:22:20 INFO]: 
[15:22:20 INFO]: # Run progress: 50.00% complete, ETA 00:00:15
[15:22:20 INFO]: # Fork: N/A, test runs in the host VM
[15:22:20 INFO]: # *** WARNING: Non-forked runs may silently omit JVM options, mess up profilers, disable compiler hints, etc. ***
[15:22:20 INFO]: # *** WARNING: Use non-forked runs only for debugging purposes, not for actual performance runs. ***
[15:22:20 INFO]: # Warmup Iteration   1: 141.170 ns/op
[15:22:21 INFO]: # Warmup Iteration   2: 137.030 ns/op
[15:22:21 INFO]: # Warmup Iteration   3: 137.204 ns/op
[15:22:22 INFO]: Iteration   1: 138.368 ns/op
[15:22:22 INFO]: Iteration   2: 136.404 ns/op
[15:22:23 INFO]: Iteration   3: 137.727 ns/op
[15:22:23 INFO]: Iteration   4: 137.150 ns/op
[15:22:24 INFO]: Iteration   5: 137.319 ns/op
[15:22:24 INFO]: Iteration   6: 137.534 ns/op
[15:22:25 INFO]: Iteration   7: 137.400 ns/op
[15:22:25 INFO]: 
[15:22:25 INFO]: Result "top.maplex.incisiontest.benchmark.IncisionJmhBenchmark.predicateTrue":
[15:22:25 INFO]:   137.415 ±(99.9%) 1.339 ns/op [Average]
[15:22:25 INFO]:   (min, avg, max) = (136.404, 137.415, 138.368), stdev = 0.594
[15:22:25 INFO]:   CI (99.9%): [136.076, 138.753] (assumes normal distribution)
[15:22:25 INFO]: 
[15:22:25 INFO]: 
[15:22:25 INFO]: # JMH version: 1.37
[15:22:25 INFO]: # VM version: JDK 1.8.0_472, OpenJDK 64-Bit Server VM, 25.472-b08
[15:22:25 INFO]: # VM invoker: D:\Java\zulu-8\jre\bin\java.exe
[15:22:25 INFO]: # VM options: -Xms512M -Xmx1536M -Dfile.encoding=UTF-8 -Dtaboolib.incision.backend=instrumentation -Dincision.test.autoRun=false -Djdk.attach.allowAttachSelf=true -Dincision.jmh.output=E:\Code\TabooLib\taboolib\module\incision\performance\jmh-2026-07-28\raw\1.12.2-paper-java8-instrumentation.json -Dincision.jmh.warmupIterations=3 -Dincision.jmh.measurementIterations=7 -Dincision.jmh.iterationMillis=500
[15:22:25 INFO]: # Blackhole mode: full + dont-inline hint (auto-detected, use -Djmh.blackhole.autoDetect=false to disable)
[15:22:25 INFO]: # Warmup: 3 iterations, 500 ms each
[15:22:25 INFO]: # Measurement: 7 iterations, 500 ms each
[15:22:25 INFO]: # Timeout: 10 min per iteration
[15:22:25 INFO]: # Threads: 1 thread, will synchronize iterations
[15:22:25 INFO]: # Benchmark mode: Average time, time/op
[15:22:25 INFO]: # Benchmark: top.maplex.incisiontest.benchmark.IncisionJmhBenchmark.siteInvoke
[15:22:25 INFO]: 
[15:22:25 INFO]: # Run progress: 66.67% complete, ETA 00:00:10
[15:22:25 INFO]: # Fork: N/A, test runs in the host VM
[15:22:25 INFO]: # *** WARNING: Non-forked runs may silently omit JVM options, mess up profilers, disable compiler hints, etc. ***
[15:22:25 INFO]: # *** WARNING: Use non-forked runs only for debugging purposes, not for actual performance runs. ***
[15:22:25 INFO]: # Warmup Iteration   1: 240.540 ns/op
[15:22:26 INFO]: # Warmup Iteration   2: 231.282 ns/op
[15:22:26 INFO]: # Warmup Iteration   3: 226.909 ns/op
[15:22:27 INFO]: Iteration   1: 225.300 ns/op
[15:22:27 INFO]: Iteration   2: 226.148 ns/op
[15:22:28 INFO]: Iteration   3: 224.532 ns/op
[15:22:28 INFO]: Iteration   4: 226.627 ns/op
[15:22:29 INFO]: Iteration   5: 224.182 ns/op
[15:22:29 INFO]: Iteration   6: 224.444 ns/op
[15:22:30 INFO]: Iteration   7: 226.623 ns/op
[15:22:30 INFO]: 
[15:22:30 INFO]: Result "top.maplex.incisiontest.benchmark.IncisionJmhBenchmark.siteInvoke":
[15:22:30 INFO]:   225.408 ±(99.9%) 2.383 ns/op [Average]
[15:22:30 INFO]:   (min, avg, max) = (224.182, 225.408, 226.627), stdev = 1.058
[15:22:30 INFO]:   CI (99.9%): [223.025, 227.791] (assumes normal distribution)
[15:22:30 INFO]: 
[15:22:30 INFO]: 
[15:22:30 INFO]: # JMH version: 1.37
[15:22:30 INFO]: # VM version: JDK 1.8.0_472, OpenJDK 64-Bit Server VM, 25.472-b08
[15:22:30 INFO]: # VM invoker: D:\Java\zulu-8\jre\bin\java.exe
[15:22:30 INFO]: # VM options: -Xms512M -Xmx1536M -Dfile.encoding=UTF-8 -Dtaboolib.incision.backend=instrumentation -Dincision.test.autoRun=false -Djdk.attach.allowAttachSelf=true -Dincision.jmh.output=E:\Code\TabooLib\taboolib\module\incision\performance\jmh-2026-07-28\raw\1.12.2-paper-java8-instrumentation.json -Dincision.jmh.warmupIterations=3 -Dincision.jmh.measurementIterations=7 -Dincision.jmh.iterationMillis=500
[15:22:30 INFO]: # Blackhole mode: full + dont-inline hint (auto-detected, use -Djmh.blackhole.autoDetect=false to disable)
[15:22:30 INFO]: # Warmup: 3 iterations, 500 ms each
[15:22:30 INFO]: # Measurement: 7 iterations, 500 ms each
[15:22:30 INFO]: # Timeout: 10 min per iteration
[15:22:30 INFO]: # Threads: 1 thread, will synchronize iterations
[15:22:30 INFO]: # Benchmark mode: Average time, time/op
[15:22:30 INFO]: # Benchmark: top.maplex.incisiontest.benchmark.IncisionJmhBenchmark.spliceProceed
[15:22:30 INFO]: 
[15:22:30 INFO]: # Run progress: 83.33% complete, ETA 00:00:05
[15:22:30 INFO]: # Fork: N/A, test runs in the host VM
[15:22:30 INFO]: # *** WARNING: Non-forked runs may silently omit JVM options, mess up profilers, disable compiler hints, etc. ***
[15:22:30 INFO]: # *** WARNING: Use non-forked runs only for debugging purposes, not for actual performance runs. ***
[15:22:30 INFO]: # Warmup Iteration   1: 146.570 ns/op
[15:22:31 INFO]: # Warmup Iteration   2: 130.128 ns/op
[15:22:31 INFO]: # Warmup Iteration   3: 128.676 ns/op
[15:22:32 INFO]: Iteration   1: 127.918 ns/op
[15:22:32 INFO]: Iteration   2: 128.932 ns/op
[15:22:33 INFO]: Iteration   3: 128.552 ns/op
[15:22:33 INFO]: Iteration   4: 128.267 ns/op
[15:22:34 INFO]: Iteration   5: 129.400 ns/op
[15:22:34 INFO]: Iteration   6: 128.255 ns/op
[15:22:35 INFO]: Iteration   7: 128.507 ns/op
[15:22:35 INFO]: 
[15:22:35 INFO]: Result "top.maplex.incisiontest.benchmark.IncisionJmhBenchmark.spliceProceed":
[15:22:35 INFO]:   128.547 ±(99.9%) 1.102 ns/op [Average]
[15:22:35 INFO]:   (min, avg, max) = (127.918, 128.547, 129.400), stdev = 0.489
[15:22:35 INFO]:   CI (99.9%): [127.446, 129.649] (assumes normal distribution)
[15:22:35 INFO]: 
[15:22:35 INFO]: 
[15:22:35 INFO]: # Run complete. Total time: 00:00:30
[15:22:35 INFO]: 
[15:22:35 INFO]: REMEMBER: The numbers below are just data. To gain reusable insights, you need to follow up on
[15:22:35 INFO]: why the numbers are the way they are. Use profilers (see -prof, -lprof), design factorial
[15:22:35 INFO]: experiments, perform baseline and negative tests that provide experimental control, make sure
[15:22:35 INFO]: the benchmarking environment is safe on JVM/OS/HW level, ask for reviews from the domain experts.
[15:22:35 INFO]: Do not assume the numbers tell you what you want them to tell.
[15:22:35 INFO]: 
[15:22:35 INFO]: Benchmark                           Mode  Cnt    Score   Error  Units
[15:22:35 INFO]: IncisionJmhBenchmark.baseline       avgt    7    0.371 ± 0.003  ns/op
[15:22:35 INFO]: IncisionJmhBenchmark.lead           avgt    7   78.279 ± 0.868  ns/op
[15:22:35 INFO]: IncisionJmhBenchmark.leadTrail      avgt    7  201.298 ± 2.173  ns/op
[15:22:35 INFO]: IncisionJmhBenchmark.predicateTrue  avgt    7  137.415 ± 1.339  ns/op
[15:22:35 INFO]: IncisionJmhBenchmark.siteInvoke     avgt    7  225.408 ± 2.383  ns/op
[15:22:35 INFO]: IncisionJmhBenchmark.spliceProceed  avgt    7  128.547 ± 1.102  ns/op
[15:22:35 INFO]: 
[15:22:35 INFO]: Benchmark result is saved to E:\Code\TabooLib\taboolib\module\incision\performance\jmh-2026-07-28\raw\1.12.2-paper-java8-instrumentation.json
[15:22:35 INFO]: JMH-RESULT benchmark=baseline score=0.371 error=0.003 unit=ns/op
[15:22:35 INFO]: JMH-RESULT benchmark=lead score=78.279 error=0.868 unit=ns/op
[15:22:35 INFO]: JMH-RESULT benchmark=leadTrail score=201.298 error=2.173 unit=ns/op
[15:22:35 INFO]: JMH-RESULT benchmark=predicateTrue score=137.415 error=1.339 unit=ns/op
[15:22:35 INFO]: JMH-RESULT benchmark=siteInvoke score=225.408 error=2.383 unit=ns/op
[15:22:35 INFO]: JMH-RESULT benchmark=spliceProceed score=128.547 error=1.102 unit=ns/op
[15:22:35 INFO]: JMH-END backend=instrumentation benchmarks=6 output=E:\Code\TabooLib\taboolib\module\incision\performance\jmh-2026-07-28\raw\1.12.2-paper-java8-instrumentation.json
[15:22:35 INFO]: Stopping the server
[15:22:35 INFO]: Stopping server
[15:22:35 INFO]: [Incision-Test] Disabling Incision-Test v1.0.0
[15:22:35 INFO]: [Incision-Test-1.0.0] [Incision] Incision DISABLE: 卸载本插件全部 advice
[15:22:35 INFO]: [Incision-Test-1.0.0] [DEBUG] [Incision][DEBUG] weave inject top/maplex/incisiontest/fixture/ComplexOpcodeFixture.typeCheck(Ljava/lang/Object;)I kinds=[LEAD] static=false
[15:22:35 INFO]: [Incision-Test-1.0.0] [DEBUG] [Incision][DEBUG] weave inject top/maplex/incisiontest/fixture/ComplexOpcodeFixture.arrays()I kinds=[LEAD] static=false
[15:22:35 INFO]: [Incision-Test-1.0.0] [DEBUG] [Incision][DEBUG] weave inject top/maplex/incisiontest/fixture/ComplexOpcodeFixture.chainInvoke()I kinds=[GRAFT] static=false
[15:22:35 INFO]: [Incision-Test-1.0.0] [DEBUG] [Incision][DEBUG] weave inject top/maplex/incisiontest/fixture/ComplexOpcodeFixture.arithmetic(I)I kinds=[LEAD] static=false
[15:22:35 INFO]: [Incision-Test-1.0.0] [DEBUG] [Incision][DEBUG] weave inject top/maplex/incisiontest/fixture/ComplexOpcodeFixture.loadStrings()Ljava/lang/String; kinds=[LEAD] static=false
[15:22:35 INFO]: [Incision-Test-1.0.0] [DEBUG] [Incision][DEBUG] weave inject top/maplex/incisiontest/fixture/ComplexOpcodeFixture.interfaceCall(Ljava/util/List;)I kinds=[LEAD] static=false
[15:22:35 INFO]: [Incision-Test-1.0.0] [DEBUG] [Incision][DEBUG] weave inject top/maplex/incisiontest/fixture/ComplexOpcodeFixture.densePattern()I kinds=[LEAD] static=false
[15:22:35 INFO]: [Incision-Test-1.0.0] [DEBUG] [Incision][DEBUG] weave inject top/maplex/incisiontest/fixture/ComplexOpcodeFixture.throwIt()Ljava/lang/String; kinds=[LEAD] static=false
[15:22:35 INFO]: [Incision-Test-1.0.0] [DEBUG] [Incision][DEBUG] weave inject top/maplex/incisiontest/fixture/ComplexOpcodeFixture.branch(Z)I kinds=[LEAD] static=false
[15:22:35 INFO]: [Incision-Test-1.0.0] [DEBUG] [Incision][DEBUG] weave inject top/maplex/incisiontest/fixture/ComplexOpcodeFixture.staticCalls()I kinds=[LEAD] static=false
[15:22:35 INFO]: [Incision-Test-1.0.0] [DEBUG] [Incision][DEBUG] weave inject top/maplex/incisiontest/fixture/ComplexOpcodeFixture.touchFields()I kinds=[LEAD] static=false
[15:22:35 INFO]: [Incision-Test-1.0.0] [DEBUG] [Incision][DEBUG] weave inject top/maplex/incisiontest/fixture/ComplexOpcodeFixture.multiFieldPut()I kinds=[LEAD] static=false
[15:22:35 INFO]: [Incision-Test-1.0.0] [DEBUG] [Incision][DEBUG] weave inject top/maplex/incisiontest/fixture/ComplexOpcodeFixture.emptyBody()V kinds=[LEAD] static=false
[15:22:35 INFO]: [Incision-Test-1.0.0] [DEBUG] [Incision][DEBUG] weave inject top/maplex/incisiontest/fixture/ComplexOpcodeFixture.numberLdc()J kinds=[LEAD] static=false
[15:22:35 INFO]: [Incision-Test-1.0.0] [DEBUG] [Incision][DEBUG] weave inject top/maplex/incisiontest/fixture/ComplexOpcodeFixture.buildBuffer()Ljava/lang/String; kinds=[LEAD] static=false
[15:22:35 INFO]: [Incision-Test-1.0.0] [DEBUG] [Incision][DEBUG] weave inject top/maplex/incisiontest/fixture/ComplexOpcodeFixture.typeCheck(Ljava/lang/Object;)I kinds=[LEAD] static=false
[15:22:35 INFO]: [Incision-Test-1.0.0] [DEBUG] [Incision][DEBUG] weave inject top/maplex/incisiontest/fixture/ComplexOpcodeFixture.arrays()I kinds=[LEAD] static=false
[15:22:35 INFO]: [Incision-Test-1.0.0] [DEBUG] [Incision][DEBUG] weave inject top/maplex/incisiontest/fixture/ComplexOpcodeFixture.chainInvoke()I kinds=[GRAFT] static=false
[15:22:35 INFO]: [Incision-Test-1.0.0] [DEBUG] [Incision][DEBUG] weave inject top/maplex/incisiontest/fixture/ComplexOpcodeFixture.arithmetic(I)I kinds=[LEAD] static=false
[15:22:35 INFO]: [Incision-Test-1.0.0] [DEBUG] [Incision][DEBUG] weave inject top/maplex/incisiontest/fixture/ComplexOpcodeFixture.loadStrings()Ljava/lang/String; kinds=[LEAD] static=false
[15:22:35 INFO]: [Incision-Test-1.0.0] [DEBUG] [Incision][DEBUG] weave inject top/maplex/incisiontest/fixture/ComplexOpcodeFixture.interfaceCall(Ljava/util/List;)I kinds=[LEAD] static=false
[15:22:35 INFO]: [Incision-Test-1.0.0] [DEBUG] [Incision][DEBUG] weave inject top/maplex/incisiontest/fixture/ComplexOpcodeFixture.densePattern()I kinds=[LEAD] static=false
[15:22:35 INFO]: [Incision-Test-1.0.0] [DEBUG] [Incision][DEBUG] weave inject top/maplex/incisiontest/fixture/ComplexOpcodeFixture.throwIt()Ljava/lang/String; kinds=[LEAD] static=false
[15:22:35 INFO]: [Incision-Test-1.0.0] [DEBUG] [Incision][DEBUG] weave inject top/maplex/incisiontest/fixture/ComplexOpcodeFixture.branch(Z)I kinds=[LEAD] static=false
[15:22:35 INFO]: [Incision-Test-1.0.0] [DEBUG] [Incision][DEBUG] weave inject top/maplex/incisiontest/fixture/ComplexOpcodeFixture.staticCalls()I kinds=[LEAD] static=false
[15:22:35 INFO]: [Incision-Test-1.0.0] [DEBUG] [Incision][DEBUG] weave inject top/maplex/incisiontest/fixture/ComplexOpcodeFixture.touchFields()I kinds=[LEAD] static=false
[15:22:35 INFO]: [Incision-Test-1.0.0] [DEBUG] [Incision][DEBUG] weave inject top/maplex/incisiontest/fixture/ComplexOpcodeFixture.multiFieldPut()I kinds=[LEAD] static=false
[15:22:35 INFO]: [Incision-Test-1.0.0] [DEBUG] [Incision][DEBUG] weave inject top/maplex/incisiontest/fixture/ComplexOpcodeFixture.emptyBody()V kinds=[LEAD] static=false
[15:22:35 INFO]: [Incision-Test-1.0.0] [DEBUG] [Incision][DEBUG] weave inject top/maplex/incisiontest/fixture/ComplexOpcodeFixture.numberLdc()J kinds=[LEAD] static=false
[15:22:35 INFO]: [Incision-Test-1.0.0] [DEBUG] [Incision][DEBUG] weave inject top/maplex/incisiontest/fixture/ComplexOpcodeFixture.buildBuffer()Ljava/lang/String; kinds=[LEAD] static=false
[15:22:35 INFO]: [Incision-Test-1.0.0] [DEBUG] [Incision][DEBUG] weave inject top/maplex/incisiontest/fixture/ComplexOpcodeFixture.typeCheck(Ljava/lang/Object;)I kinds=[LEAD] static=false
[15:22:35 INFO]: [Incision-Test-1.0.0] [DEBUG] [Incision][DEBUG] weave inject top/maplex/incisiontest/fixture/ComplexOpcodeFixture.arrays()I kinds=[LEAD] static=false
[15:22:35 INFO]: [Incision-Test-1.0.0] [DEBUG] [Incision][DEBUG] weave inject top/maplex/incisiontest/fixture/ComplexOpcodeFixture.chainInvoke()I kinds=[GRAFT] static=false
[15:22:35 INFO]: [Incision-Test-1.0.0] [DEBUG] [Incision][DEBUG] weave inject top/maplex/incisiontest/fixture/ComplexOpcodeFixture.arithmetic(I)I kinds=[LEAD] static=false
[15:22:35 INFO]: [Incision-Test-1.0.0] [DEBUG] [Incision][DEBUG] weave inject top/maplex/incisiontest/fixture/ComplexOpcodeFixture.loadStrings()Ljava/lang/String; kinds=[LEAD] static=false
[15:22:35 INFO]: [Incision-Test-1.0.0] [DEBUG] [Incision][DEBUG] weave inject top/maplex/incisiontest/fixture/ComplexOpcodeFixture.interfaceCall(Ljava/util/List;)I kinds=[LEAD] static=false
[15:22:35 INFO]: [Incision-Test-1.0.0] [DEBUG] [Incision][DEBUG] weave inject top/maplex/incisiontest/fixture/ComplexOpcodeFixture.densePattern()I kinds=[LEAD] static=false
[15:22:35 INFO]: [Incision-Test-1.0.0] [DEBUG] [Incision][DEBUG] weave inject top/maplex/incisiontest/fixture/ComplexOpcodeFixture.throwIt()Ljava/lang/String; kinds=[LEAD] static=false
[15:22:35 INFO]: [Incision-Test-1.0.0] [DEBUG] [Incision][DEBUG] weave inject top/maplex/incisiontest/fixture/ComplexOpcodeFixture.branch(Z)I kinds=[LEAD] static=false
[15:22:35 INFO]: [Incision-Test-1.0.0] [DEBUG] [Incision][DEBUG] weave inject top/maplex/incisiontest/fixture/ComplexOpcodeFixture.staticCalls()I kinds=[LEAD] static=false
[15:22:35 INFO]: [Incision-Test-1.0.0] [DEBUG] [Incision][DEBUG] weave inject top/maplex/incisiontest/fixture/ComplexOpcodeFixture.touchFields()I kinds=[LEAD] static=false
[15:22:35 INFO]: [Incision-Test-1.0.0] [DEBUG] [Incision][DEBUG] weave inject top/maplex/incisiontest/fixture/ComplexOpcodeFixture.multiFieldPut()I kinds=[LEAD] static=false
[15:22:35 INFO]: [Incision-Test-1.0.0] [DEBUG] [Incision][DEBUG] weave inject top/maplex/incisiontest/fixture/ComplexOpcodeFixture.emptyBody()V kinds=[LEAD] static=false
[15:22:35 INFO]: [Incision-Test-1.0.0] [DEBUG] [Incision][DEBUG] weave inject top/maplex/incisiontest/fixture/ComplexOpcodeFixture.numberLdc()J kinds=[LEAD] static=false
[15:22:35 INFO]: [Incision-Test-1.0.0] [DEBUG] [Incision][DEBUG] weave inject top/maplex/incisiontest/fixture/ComplexOpcodeFixture.buildBuffer()Ljava/lang/String; kinds=[LEAD] static=false
[15:22:35 INFO]: [Incision-Test-1.0.0] [DEBUG] [Incision][DEBUG] weave inject top/maplex/incisiontest/fixture/PerformanceFixture.probe(I)I kinds=[LEAD] static=false
[15:22:35 INFO]: [Incision-Test-1.0.0] [DEBUG] [Incision][DEBUG] weave inject top/maplex/incisiontest/fixture/PerformanceFixture.lead(I)I kinds=[LEAD] static=false
[15:22:35 INFO]: [Incision-Test-1.0.0] [DEBUG] [Incision][DEBUG] weave inject top/maplex/incisiontest/fixture/PerformanceFixture.leadTrail(I)I kinds=[LEAD, TRAIL] static=false
[15:22:35 INFO]: [Incision-Test-1.0.0] [DEBUG] [Incision][DEBUG] weave inject top/maplex/incisiontest/fixture/PerformanceFixture.splice(I)I kinds=[SPLICE] static=false
[15:22:35 INFO]: [Incision-Test-1.0.0] [DEBUG] [Incision][DEBUG] weave inject top/maplex/incisiontest/fixture/PerformanceFixture.siteInvoke(I)I kinds=[GRAFT] static=false
[15:22:35 INFO]: [Incision-Test-1.0.0] [DEBUG] [Incision][DEBUG] resolveOwner: org/bukkit/craftbukkit/v1_16_R3/util/CraftChatMessage → org/bukkit/craftbukkit/v1_12_R1/util/CraftChatMessage
[15:22:35 INFO]: [Incision-Test-1.0.0] [DEBUG] [Incision][DEBUG] resolveOwner: net/minecraft/server/v1_16_R3/IChatBaseComponent → net/minecraft/server/v1_12_R1/IChatBaseComponent
[15:22:35 INFO]: [Incision-Test-1.0.0] [DEBUG] [Incision][DEBUG] weave inject top/maplex/incisiontest/fixture/ComplexOpcodeFixture.typeCheck(Ljava/lang/Object;)I kinds=[LEAD] static=false
[15:22:35 INFO]: [Incision-Test-1.0.0] [DEBUG] [Incision][DEBUG] weave inject top/maplex/incisiontest/fixture/ComplexOpcodeFixture.arrays()I kinds=[LEAD] static=false
[15:22:35 INFO]: [Incision-Test-1.0.0] [DEBUG] [Incision][DEBUG] weave inject top/maplex/incisiontest/fixture/ComplexOpcodeFixture.chainInvoke()I kinds=[GRAFT] static=false
[15:22:35 INFO]: [Incision-Test-1.0.0] [DEBUG] [Incision][DEBUG] weave inject top/maplex/incisiontest/fixture/ComplexOpcodeFixture.arithmetic(I)I kinds=[LEAD] static=false
[15:22:35 INFO]: [Incision-Test-1.0.0] [DEBUG] [Incision][DEBUG] weave inject top/maplex/incisiontest/fixture/ComplexOpcodeFixture.loadStrings()Ljava/lang/String; kinds=[LEAD] static=false
[15:22:35 INFO]: [Incision-Test-1.0.0] [DEBUG] [Incision][DEBUG] weave inject top/maplex/incisiontest/fixture/ComplexOpcodeFixture.interfaceCall(Ljava/util/List;)I kinds=[LEAD] static=false
[15:22:35 INFO]: [Incision-Test-1.0.0] [DEBUG] [Incision][DEBUG] weave inject top/maplex/incisiontest/fixture/ComplexOpcodeFixture.densePattern()I kinds=[LEAD] static=false
[15:22:35 INFO]: [Incision-Test-1.0.0] [DEBUG] [Incision][DEBUG] weave inject top/maplex/incisiontest/fixture/ComplexOpcodeFixture.throwIt()Ljava/lang/String; kinds=[LEAD] static=false
[15:22:35 INFO]: [Incision-Test-1.0.0] [DEBUG] [Incision][DEBUG] weave inject top/maplex/incisiontest/fixture/ComplexOpcodeFixture.branch(Z)I kinds=[LEAD] static=false
[15:22:35 INFO]: [Incision-Test-1.0.0] [DEBUG] [Incision][DEBUG] weave inject top/maplex/incisiontest/fixture/ComplexOpcodeFixture.staticCalls()I kinds=[LEAD] static=false
[15:22:35 INFO]: [Incision-Test-1.0.0] [DEBUG] [Incision][DEBUG] weave inject top/maplex/incisiontest/fixture/ComplexOpcodeFixture.touchFields()I kinds=[LEAD] static=false
[15:22:35 INFO]: [Incision-Test-1.0.0] [DEBUG] [Incision][DEBUG] weave inject top/maplex/incisiontest/fixture/ComplexOpcodeFixture.multiFieldPut()I kinds=[LEAD] static=false
[15:22:35 INFO]: [Incision-Test-1.0.0] [DEBUG] [Incision][DEBUG] weave inject top/maplex/incisiontest/fixture/ComplexOpcodeFixture.emptyBody()V kinds=[LEAD] static=false
[15:22:35 INFO]: [Incision-Test-1.0.0] [DEBUG] [Incision][DEBUG] weave inject top/maplex/incisiontest/fixture/ComplexOpcodeFixture.buildBuffer()Ljava/lang/String; kinds=[LEAD] static=false
[15:22:35 INFO]: [Incision-Test-1.0.0] [DEBUG] [Incision][DEBUG] weave inject top/maplex/incisiontest/fixture/PerformanceFixture.probe(I)I kinds=[LEAD] static=false
[15:22:35 INFO]: [Incision-Test-1.0.0] [DEBUG] [Incision][DEBUG] weave inject top/maplex/incisiontest/fixture/PerformanceFixture.lead(I)I kinds=[LEAD] static=false
[15:22:35 INFO]: [Incision-Test-1.0.0] [DEBUG] [Incision][DEBUG] weave inject top/maplex/incisiontest/fixture/PerformanceFixture.leadTrail(I)I kinds=[LEAD, TRAIL] static=false
[15:22:35 INFO]: [Incision-Test-1.0.0] [DEBUG] [Incision][DEBUG] weave inject top/maplex/incisiontest/fixture/PerformanceFixture.splice(I)I kinds=[SPLICE] static=false
[15:22:35 INFO]: [Incision-Test-1.0.0] [DEBUG] [Incision][DEBUG] weave inject top/maplex/incisiontest/fixture/ComplexOpcodeFixture.typeCheck(Ljava/lang/Object;)I kinds=[LEAD] static=false
[15:22:35 INFO]: [Incision-Test-1.0.0] [DEBUG] [Incision][DEBUG] weave inject top/maplex/incisiontest/fixture/ComplexOpcodeFixture.arrays()I kinds=[LEAD] static=false
[15:22:35 INFO]: [Incision-Test-1.0.0] [DEBUG] [Incision][DEBUG] weave inject top/maplex/incisiontest/fixture/ComplexOpcodeFixture.chainInvoke()I kinds=[GRAFT] static=false
[15:22:35 INFO]: [Incision-Test-1.0.0] [DEBUG] [Incision][DEBUG] weave inject top/maplex/incisiontest/fixture/ComplexOpcodeFixture.arithmetic(I)I kinds=[LEAD] static=false
[15:22:35 INFO]: [Incision-Test-1.0.0] [DEBUG] [Incision][DEBUG] weave inject top/maplex/incisiontest/fixture/ComplexOpcodeFixture.loadStrings()Ljava/lang/String; kinds=[LEAD] static=false
[15:22:35 INFO]: [Incision-Test-1.0.0] [DEBUG] [Incision][DEBUG] weave inject top/maplex/incisiontest/fixture/ComplexOpcodeFixture.interfaceCall(Ljava/util/List;)I kinds=[LEAD] static=false
[15:22:35 INFO]: [Incision-Test-1.0.0] [DEBUG] [Incision][DEBUG] weave inject top/maplex/incisiontest/fixture/ComplexOpcodeFixture.densePattern()I kinds=[LEAD] static=false
[15:22:35 INFO]: [Incision-Test-1.0.0] [DEBUG] [Incision][DEBUG] weave inject top/maplex/incisiontest/fixture/ComplexOpcodeFixture.throwIt()Ljava/lang/String; kinds=[LEAD] static=false
[15:22:35 INFO]: [Incision-Test-1.0.0] [DEBUG] [Incision][DEBUG] weave inject top/maplex/incisiontest/fixture/ComplexOpcodeFixture.branch(Z)I kinds=[LEAD] static=false
[15:22:35 INFO]: [Incision-Test-1.0.0] [DEBUG] [Incision][DEBUG] weave inject top/maplex/incisiontest/fixture/ComplexOpcodeFixture.staticCalls()I kinds=[LEAD] static=false
[15:22:35 INFO]: [Incision-Test-1.0.0] [DEBUG] [Incision][DEBUG] weave inject top/maplex/incisiontest/fixture/ComplexOpcodeFixture.touchFields()I kinds=[LEAD] static=false
[15:22:35 INFO]: [Incision-Test-1.0.0] [DEBUG] [Incision][DEBUG] weave inject top/maplex/incisiontest/fixture/ComplexOpcodeFixture.multiFieldPut()I kinds=[LEAD] static=false
[15:22:35 INFO]: [Incision-Test-1.0.0] [DEBUG] [Incision][DEBUG] weave inject top/maplex/incisiontest/fixture/ComplexOpcodeFixture.emptyBody()V kinds=[LEAD] static=false
[15:22:35 INFO]: [Incision-Test-1.0.0] [DEBUG] [Incision][DEBUG] weave inject top/maplex/incisiontest/fixture/ComplexOpcodeFixture.buildBuffer()Ljava/lang/String; kinds=[LEAD] static=false
[15:22:35 INFO]: [Incision-Test-1.0.0] [DEBUG] [Incision][DEBUG] weave inject top/maplex/incisiontest/fixture/ComplexOpcodeFixture.typeCheck(Ljava/lang/Object;)I kinds=[LEAD] static=false
[15:22:35 INFO]: [Incision-Test-1.0.0] [DEBUG] [Incision][DEBUG] weave inject top/maplex/incisiontest/fixture/ComplexOpcodeFixture.arrays()I kinds=[LEAD] static=false
[15:22:35 INFO]: [Incision-Test-1.0.0] [DEBUG] [Incision][DEBUG] weave inject top/maplex/incisiontest/fixture/ComplexOpcodeFixture.chainInvoke()I kinds=[GRAFT] static=false
[15:22:35 INFO]: [Incision-Test-1.0.0] [DEBUG] [Incision][DEBUG] weave inject top/maplex/incisiontest/fixture/ComplexOpcodeFixture.arithmetic(I)I kinds=[LEAD] static=false
[15:22:35 INFO]: [Incision-Test-1.0.0] [DEBUG] [Incision][DEBUG] weave inject top/maplex/incisiontest/fixture/ComplexOpcodeFixture.loadStrings()Ljava/lang/String; kinds=[LEAD] static=false
[15:22:35 INFO]: [Incision-Test-1.0.0] [DEBUG] [Incision][DEBUG] weave inject top/maplex/incisiontest/fixture/ComplexOpcodeFixture.interfaceCall(Ljava/util/List;)I kinds=[LEAD] static=false
[15:22:35 INFO]: [Incision-Test-1.0.0] [DEBUG] [Incision][DEBUG] weave inject top/maplex/incisiontest/fixture/ComplexOpcodeFixture.densePattern()I kinds=[LEAD] static=false
[15:22:35 INFO]: [Incision-Test-1.0.0] [DEBUG] [Incision][DEBUG] weave inject top/maplex/incisiontest/fixture/ComplexOpcodeFixture.throwIt()Ljava/lang/String; kinds=[LEAD] static=false
[15:22:35 INFO]: [Incision-Test-1.0.0] [DEBUG] [Incision][DEBUG] weave inject top/maplex/incisiontest/fixture/ComplexOpcodeFixture.branch(Z)I kinds=[LEAD] static=false
[15:22:35 INFO]: [Incision-Test-1.0.0] [DEBUG] [Incision][DEBUG] weave inject top/maplex/incisiontest/fixture/ComplexOpcodeFixture.staticCalls()I kinds=[LEAD] static=false
[15:22:35 INFO]: [Incision-Test-1.0.0] [DEBUG] [Incision][DEBUG] weave inject top/maplex/incisiontest/fixture/ComplexOpcodeFixture.touchFields()I kinds=[LEAD] static=false
[15:22:35 INFO]: [Incision-Test-1.0.0] [DEBUG] [Incision][DEBUG] weave inject top/maplex/incisiontest/fixture/ComplexOpcodeFixture.multiFieldPut()I kinds=[LEAD] static=false
[15:22:35 INFO]: [Incision-Test-1.0.0] [DEBUG] [Incision][DEBUG] weave inject top/maplex/incisiontest/fixture/ComplexOpcodeFixture.emptyBody()V kinds=[LEAD] static=false
[15:22:35 INFO]: [Incision-Test-1.0.0] [DEBUG] [Incision][DEBUG] weave inject top/maplex/incisiontest/fixture/ComplexOpcodeFixture.buildBuffer()Ljava/lang/String; kinds=[LEAD] static=false
[15:22:35 INFO]: [Incision-Test-1.0.0] [DEBUG] [Incision][DEBUG] weave inject top/maplex/incisiontest/fixture/ComplexOpcodeFixture.typeCheck(Ljava/lang/Object;)I kinds=[LEAD] static=false
[15:22:35 INFO]: [Incision-Test-1.0.0] [DEBUG] [Incision][DEBUG] weave inject top/maplex/incisiontest/fixture/ComplexOpcodeFixture.arrays()I kinds=[LEAD] static=false
[15:22:35 INFO]: [Incision-Test-1.0.0] [DEBUG] [Incision][DEBUG] weave inject top/maplex/incisiontest/fixture/ComplexOpcodeFixture.chainInvoke()I kinds=[GRAFT] static=false
[15:22:35 INFO]: [Incision-Test-1.0.0] [DEBUG] [Incision][DEBUG] weave inject top/maplex/incisiontest/fixture/ComplexOpcodeFixture.arithmetic(I)I kinds=[LEAD] static=false
[15:22:35 INFO]: [Incision-Test-1.0.0] [DEBUG] [Incision][DEBUG] weave inject top/maplex/incisiontest/fixture/ComplexOpcodeFixture.loadStrings()Ljava/lang/String; kinds=[LEAD] static=false
[15:22:35 INFO]: [Incision-Test-1.0.0] [DEBUG] [Incision][DEBUG] weave inject top/maplex/incisiontest/fixture/ComplexOpcodeFixture.interfaceCall(Ljava/util/List;)I kinds=[LEAD] static=false
[15:22:35 INFO]: [Incision-Test-1.0.0] [DEBUG] [Incision][DEBUG] weave inject top/maplex/incisiontest/fixture/ComplexOpcodeFixture.densePattern()I kinds=[LEAD] static=false
[15:22:35 INFO]: [Incision-Test-1.0.0] [DEBUG] [Incision][DEBUG] weave inject top/maplex/incisiontest/fixture/ComplexOpcodeFixture.throwIt()Ljava/lang/String; kinds=[LEAD] static=false
[15:22:35 INFO]: [Incision-Test-1.0.0] [DEBUG] [Incision][DEBUG] weave inject top/maplex/incisiontest/fixture/ComplexOpcodeFixture.branch(Z)I kinds=[LEAD] static=false
[15:22:35 INFO]: [Incision-Test-1.0.0] [DEBUG] [Incision][DEBUG] weave inject top/maplex/incisiontest/fixture/ComplexOpcodeFixture.staticCalls()I kinds=[LEAD] static=false
[15:22:35 INFO]: [Incision-Test-1.0.0] [DEBUG] [Incision][DEBUG] weave inject top/maplex/incisiontest/fixture/ComplexOpcodeFixture.touchFields()I kinds=[LEAD] static=false
[15:22:35 INFO]: [Incision-Test-1.0.0] [DEBUG] [Incision][DEBUG] weave inject top/maplex/incisiontest/fixture/ComplexOpcodeFixture.multiFieldPut()I kinds=[LEAD] static=false
[15:22:35 INFO]: [Incision-Test-1.0.0] [DEBUG] [Incision][DEBUG] weave inject top/maplex/incisiontest/fixture/ComplexOpcodeFixture.emptyBody()V kinds=[LEAD] static=false
[15:22:35 INFO]: [Incision-Test-1.0.0] [DEBUG] [Incision][DEBUG] weave inject top/maplex/incisiontest/fixture/ComplexOpcodeFixture.buildBuffer()Ljava/lang/String; kinds=[LEAD] static=false
[15:22:35 INFO]: [Incision-Test-1.0.0] [DEBUG] [Incision][DEBUG] weave inject top/maplex/incisiontest/fixture/ComplexOpcodeFixture.typeCheck(Ljava/lang/Object;)I kinds=[LEAD] static=false
[15:22:35 INFO]: [Incision-Test-1.0.0] [DEBUG] [Incision][DEBUG] weave inject top/maplex/incisiontest/fixture/ComplexOpcodeFixture.arrays()I kinds=[LEAD] static=false
[15:22:35 INFO]: [Incision-Test-1.0.0] [DEBUG] [Incision][DEBUG] weave inject top/maplex/incisiontest/fixture/ComplexOpcodeFixture.chainInvoke()I kinds=[GRAFT] static=false
[15:22:35 INFO]: [Incision-Test-1.0.0] [DEBUG] [Incision][DEBUG] weave inject top/maplex/incisiontest/fixture/ComplexOpcodeFixture.arithmetic(I)I kinds=[LEAD] static=false
[15:22:35 INFO]: [Incision-Test-1.0.0] [DEBUG] [Incision][DEBUG] weave inject top/maplex/incisiontest/fixture/ComplexOpcodeFixture.loadStrings()Ljava/lang/String; kinds=[LEAD] static=false
[15:22:35 INFO]: [Incision-Test-1.0.0] [DEBUG] [Incision][DEBUG] weave inject top/maplex/incisiontest/fixture/ComplexOpcodeFixture.interfaceCall(Ljava/util/List;)I kinds=[LEAD] static=false
[15:22:35 INFO]: [Incision-Test-1.0.0] [DEBUG] [Incision][DEBUG] weave inject top/maplex/incisiontest/fixture/ComplexOpcodeFixture.densePattern()I kinds=[LEAD] static=false
[15:22:35 INFO]: [Incision-Test-1.0.0] [DEBUG] [Incision][DEBUG] weave inject top/maplex/incisiontest/fixture/ComplexOpcodeFixture.throwIt()Ljava/lang/String; kinds=[LEAD] static=false
[15:22:35 INFO]: [Incision-Test-1.0.0] [DEBUG] [Incision][DEBUG] weave inject top/maplex/incisiontest/fixture/ComplexOpcodeFixture.branch(Z)I kinds=[LEAD] static=false
[15:22:35 INFO]: [Incision-Test-1.0.0] [DEBUG] [Incision][DEBUG] weave inject top/maplex/incisiontest/fixture/ComplexOpcodeFixture.staticCalls()I kinds=[LEAD] static=false
[15:22:35 INFO]: [Incision-Test-1.0.0] [DEBUG] [Incision][DEBUG] weave inject top/maplex/incisiontest/fixture/ComplexOpcodeFixture.touchFields()I kinds=[LEAD] static=false
[15:22:35 INFO]: [Incision-Test-1.0.0] [DEBUG] [Incision][DEBUG] weave inject top/maplex/incisiontest/fixture/ComplexOpcodeFixture.multiFieldPut()I kinds=[LEAD] static=false
[15:22:35 INFO]: [Incision-Test-1.0.0] [DEBUG] [Incision][DEBUG] weave inject top/maplex/incisiontest/fixture/ComplexOpcodeFixture.emptyBody()V kinds=[LEAD] static=false
[15:22:35 INFO]: [Incision-Test-1.0.0] [DEBUG] [Incision][DEBUG] weave inject top/maplex/incisiontest/fixture/ComplexOpcodeFixture.buildBuffer()Ljava/lang/String; kinds=[LEAD] static=false
[15:22:36 INFO]: [Incision-Test-1.0.0] [DEBUG] [Incision][DEBUG] weave inject top/maplex/incisiontest/fixture/ComplexOpcodeFixture.typeCheck(Ljava/lang/Object;)I kinds=[LEAD] static=false
[15:22:36 INFO]: [Incision-Test-1.0.0] [DEBUG] [Incision][DEBUG] weave inject top/maplex/incisiontest/fixture/ComplexOpcodeFixture.arrays()I kinds=[LEAD] static=false
[15:22:36 INFO]: [Incision-Test-1.0.0] [DEBUG] [Incision][DEBUG] weave inject top/maplex/incisiontest/fixture/ComplexOpcodeFixture.chainInvoke()I kinds=[GRAFT] static=false
[15:22:36 INFO]: [Incision-Test-1.0.0] [DEBUG] [Incision][DEBUG] weave inject top/maplex/incisiontest/fixture/ComplexOpcodeFixture.arithmetic(I)I kinds=[LEAD] static=false
[15:22:36 INFO]: [Incision-Test-1.0.0] [DEBUG] [Incision][DEBUG] weave inject top/maplex/incisiontest/fixture/ComplexOpcodeFixture.loadStrings()Ljava/lang/String; kinds=[LEAD] static=false
[15:22:36 INFO]: [Incision-Test-1.0.0] [DEBUG] [Incision][DEBUG] weave inject top/maplex/incisiontest/fixture/ComplexOpcodeFixture.interfaceCall(Ljava/util/List;)I kinds=[LEAD] static=false
[15:22:36 INFO]: [Incision-Test-1.0.0] [DEBUG] [Incision][DEBUG] weave inject top/maplex/incisiontest/fixture/ComplexOpcodeFixture.densePattern()I kinds=[LEAD] static=false
[15:22:36 INFO]: [Incision-Test-1.0.0] [DEBUG] [Incision][DEBUG] weave inject top/maplex/incisiontest/fixture/ComplexOpcodeFixture.throwIt()Ljava/lang/String; kinds=[LEAD] static=false
[15:22:36 INFO]: [Incision-Test-1.0.0] [DEBUG] [Incision][DEBUG] weave inject top/maplex/incisiontest/fixture/ComplexOpcodeFixture.branch(Z)I kinds=[LEAD] static=false
[15:22:36 INFO]: [Incision-Test-1.0.0] [DEBUG] [Incision][DEBUG] weave inject top/maplex/incisiontest/fixture/ComplexOpcodeFixture.staticCalls()I kinds=[LEAD] static=false
[15:22:36 INFO]: [Incision-Test-1.0.0] [DEBUG] [Incision][DEBUG] weave inject top/maplex/incisiontest/fixture/ComplexOpcodeFixture.touchFields()I kinds=[LEAD] static=false
[15:22:36 INFO]: [Incision-Test-1.0.0] [DEBUG] [Incision][DEBUG] weave inject top/maplex/incisiontest/fixture/ComplexOpcodeFixture.multiFieldPut()I kinds=[LEAD] static=false
[15:22:36 INFO]: [Incision-Test-1.0.0] [DEBUG] [Incision][DEBUG] weave inject top/maplex/incisiontest/fixture/ComplexOpcodeFixture.emptyBody()V kinds=[LEAD] static=false
[15:22:36 INFO]: [Incision-Test-1.0.0] [DEBUG] [Incision][DEBUG] weave inject top/maplex/incisiontest/fixture/ComplexOpcodeFixture.buildBuffer()Ljava/lang/String; kinds=[LEAD] static=false
[15:22:36 INFO]: [Incision-Test-1.0.0] [DEBUG] [Incision][DEBUG] weave inject top/maplex/incisiontest/fixture/PerformanceFixture.probe(I)I kinds=[LEAD] static=false
[15:22:36 INFO]: [Incision-Test-1.0.0] [DEBUG] [Incision][DEBUG] weave inject top/maplex/incisiontest/fixture/PerformanceFixture.lead(I)I kinds=[LEAD] static=false
[15:22:36 INFO]: [Incision-Test-1.0.0] [DEBUG] [Incision][DEBUG] weave inject top/maplex/incisiontest/fixture/PerformanceFixture.leadTrail(I)I kinds=[LEAD, TRAIL] static=false
[15:22:36 INFO]: [Incision-Test-1.0.0] [DEBUG] [Incision][DEBUG] weave inject top/maplex/incisiontest/fixture/PerformanceFixture.probe(I)I kinds=[LEAD] static=false
[15:22:36 INFO]: [Incision-Test-1.0.0] [DEBUG] [Incision][DEBUG] weave inject top/maplex/incisiontest/fixture/PerformanceFixture.lead(I)I kinds=[LEAD] static=false
[15:22:36 INFO]: [Incision-Test-1.0.0] [DEBUG] [Incision][DEBUG] weave inject top/maplex/incisiontest/fixture/PerformanceFixture.leadTrail(I)I kinds=[LEAD] static=false
[15:22:36 INFO]: [Incision-Test-1.0.0] [DEBUG] [Incision][DEBUG] weave inject top/maplex/incisiontest/fixture/ComplexOpcodeFixture.typeCheck(Ljava/lang/Object;)I kinds=[LEAD] static=false
[15:22:36 INFO]: [Incision-Test-1.0.0] [DEBUG] [Incision][DEBUG] weave inject top/maplex/incisiontest/fixture/ComplexOpcodeFixture.arrays()I kinds=[LEAD] static=false
[15:22:36 INFO]: [Incision-Test-1.0.0] [DEBUG] [Incision][DEBUG] weave inject top/maplex/incisiontest/fixture/ComplexOpcodeFixture.chainInvoke()I kinds=[GRAFT] static=false
[15:22:36 INFO]: [Incision-Test-1.0.0] [DEBUG] [Incision][DEBUG] weave inject top/maplex/incisiontest/fixture/ComplexOpcodeFixture.arithmetic(I)I kinds=[LEAD] static=false
[15:22:36 INFO]: [Incision-Test-1.0.0] [DEBUG] [Incision][DEBUG] weave inject top/maplex/incisiontest/fixture/ComplexOpcodeFixture.loadStrings()Ljava/lang/String; kinds=[LEAD] static=false
[15:22:36 INFO]: [Incision-Test-1.0.0] [DEBUG] [Incision][DEBUG] weave inject top/maplex/incisiontest/fixture/ComplexOpcodeFixture.interfaceCall(Ljava/util/List;)I kinds=[LEAD] static=false
[15:22:36 INFO]: [Incision-Test-1.0.0] [DEBUG] [Incision][DEBUG] weave inject top/maplex/incisiontest/fixture/ComplexOpcodeFixture.densePattern()I kinds=[LEAD] static=false
[15:22:36 INFO]: [Incision-Test-1.0.0] [DEBUG] [Incision][DEBUG] weave inject top/maplex/incisiontest/fixture/ComplexOpcodeFixture.throwIt()Ljava/lang/String; kinds=[LEAD] static=false
[15:22:36 INFO]: [Incision-Test-1.0.0] [DEBUG] [Incision][DEBUG] weave inject top/maplex/incisiontest/fixture/ComplexOpcodeFixture.branch(Z)I kinds=[LEAD] static=false
[15:22:36 INFO]: [Incision-Test-1.0.0] [DEBUG] [Incision][DEBUG] weave inject top/maplex/incisiontest/fixture/ComplexOpcodeFixture.staticCalls()I kinds=[LEAD] static=false
[15:22:36 INFO]: [Incision-Test-1.0.0] [DEBUG] [Incision][DEBUG] weave inject top/maplex/incisiontest/fixture/ComplexOpcodeFixture.touchFields()I kinds=[LEAD] static=false
[15:22:36 INFO]: [Incision-Test-1.0.0] [DEBUG] [Incision][DEBUG] weave inject top/maplex/incisiontest/fixture/ComplexOpcodeFixture.multiFieldPut()I kinds=[LEAD] static=false
[15:22:36 INFO]: [Incision-Test-1.0.0] [DEBUG] [Incision][DEBUG] weave inject top/maplex/incisiontest/fixture/ComplexOpcodeFixture.emptyBody()V kinds=[LEAD] static=false
[15:22:36 INFO]: [Incision-Test-1.0.0] [DEBUG] [Incision][DEBUG] weave inject top/maplex/incisiontest/fixture/ComplexOpcodeFixture.buildBuffer()Ljava/lang/String; kinds=[LEAD] static=false
[15:22:36 INFO]: [Incision-Test-1.0.0] [DEBUG] [Incision][DEBUG] weave inject top/maplex/incisiontest/fixture/ComplexOpcodeFixture.typeCheck(Ljava/lang/Object;)I kinds=[LEAD] static=false
[15:22:36 INFO]: [Incision-Test-1.0.0] [DEBUG] [Incision][DEBUG] weave inject top/maplex/incisiontest/fixture/ComplexOpcodeFixture.arrays()I kinds=[LEAD] static=false
[15:22:36 INFO]: [Incision-Test-1.0.0] [DEBUG] [Incision][DEBUG] weave inject top/maplex/incisiontest/fixture/ComplexOpcodeFixture.chainInvoke()I kinds=[GRAFT] static=false
[15:22:36 INFO]: [Incision-Test-1.0.0] [DEBUG] [Incision][DEBUG] weave inject top/maplex/incisiontest/fixture/ComplexOpcodeFixture.arithmetic(I)I kinds=[LEAD] static=false
[15:22:36 INFO]: [Incision-Test-1.0.0] [DEBUG] [Incision][DEBUG] weave inject top/maplex/incisiontest/fixture/ComplexOpcodeFixture.loadStrings()Ljava/lang/String; kinds=[LEAD] static=false
[15:22:36 INFO]: [Incision-Test-1.0.0] [DEBUG] [Incision][DEBUG] weave inject top/maplex/incisiontest/fixture/ComplexOpcodeFixture.interfaceCall(Ljava/util/List;)I kinds=[LEAD] static=false
[15:22:36 INFO]: [Incision-Test-1.0.0] [DEBUG] [Incision][DEBUG] weave inject top/maplex/incisiontest/fixture/ComplexOpcodeFixture.densePattern()I kinds=[LEAD] static=false
[15:22:36 INFO]: [Incision-Test-1.0.0] [DEBUG] [Incision][DEBUG] weave inject top/maplex/incisiontest/fixture/ComplexOpcodeFixture.branch(Z)I kinds=[LEAD] static=false
[15:22:36 INFO]: [Incision-Test-1.0.0] [DEBUG] [Incision][DEBUG] weave inject top/maplex/incisiontest/fixture/ComplexOpcodeFixture.staticCalls()I kinds=[LEAD] static=false
[15:22:36 INFO]: [Incision-Test-1.0.0] [DEBUG] [Incision][DEBUG] weave inject top/maplex/incisiontest/fixture/ComplexOpcodeFixture.touchFields()I kinds=[LEAD] static=false
[15:22:36 INFO]: [Incision-Test-1.0.0] [DEBUG] [Incision][DEBUG] weave inject top/maplex/incisiontest/fixture/ComplexOpcodeFixture.multiFieldPut()I kinds=[LEAD] static=false
[15:22:36 INFO]: [Incision-Test-1.0.0] [DEBUG] [Incision][DEBUG] weave inject top/maplex/incisiontest/fixture/ComplexOpcodeFixture.emptyBody()V kinds=[LEAD] static=false
[15:22:36 INFO]: [Incision-Test-1.0.0] [DEBUG] [Incision][DEBUG] weave inject top/maplex/incisiontest/fixture/ComplexOpcodeFixture.buildBuffer()Ljava/lang/String; kinds=[LEAD] static=false
[15:22:36 INFO]: [Incision-Test-1.0.0] [DEBUG] [Incision][DEBUG] weave inject top/maplex/incisiontest/fixture/ComplexOpcodeFixture.typeCheck(Ljava/lang/Object;)I kinds=[LEAD] static=false
[15:22:36 INFO]: [Incision-Test-1.0.0] [DEBUG] [Incision][DEBUG] weave inject top/maplex/incisiontest/fixture/ComplexOpcodeFixture.arrays()I kinds=[LEAD] static=false
[15:22:36 INFO]: [Incision-Test-1.0.0] [DEBUG] [Incision][DEBUG] weave inject top/maplex/incisiontest/fixture/ComplexOpcodeFixture.chainInvoke()I kinds=[GRAFT] static=false
[15:22:36 INFO]: [Incision-Test-1.0.0] [DEBUG] [Incision][DEBUG] weave inject top/maplex/incisiontest/fixture/ComplexOpcodeFixture.arithmetic(I)I kinds=[LEAD] static=false
[15:22:36 INFO]: [Incision-Test-1.0.0] [DEBUG] [Incision][DEBUG] weave inject top/maplex/incisiontest/fixture/ComplexOpcodeFixture.loadStrings()Ljava/lang/String; kinds=[LEAD] static=false
[15:22:36 INFO]: [Incision-Test-1.0.0] [DEBUG] [Incision][DEBUG] weave inject top/maplex/incisiontest/fixture/ComplexOpcodeFixture.densePattern()I kinds=[LEAD] static=false
[15:22:36 INFO]: [Incision-Test-1.0.0] [DEBUG] [Incision][DEBUG] weave inject top/maplex/incisiontest/fixture/ComplexOpcodeFixture.branch(Z)I kinds=[LEAD] static=false
[15:22:36 INFO]: [Incision-Test-1.0.0] [DEBUG] [Incision][DEBUG] weave inject top/maplex/incisiontest/fixture/ComplexOpcodeFixture.staticCalls()I kinds=[LEAD] static=false
[15:22:36 INFO]: [Incision-Test-1.0.0] [DEBUG] [Incision][DEBUG] weave inject top/maplex/incisiontest/fixture/ComplexOpcodeFixture.touchFields()I kinds=[LEAD] static=false
[15:22:36 INFO]: [Incision-Test-1.0.0] [DEBUG] [Incision][DEBUG] weave inject top/maplex/incisiontest/fixture/ComplexOpcodeFixture.multiFieldPut()I kinds=[LEAD] static=false
[15:22:36 INFO]: [Incision-Test-1.0.0] [DEBUG] [Incision][DEBUG] weave inject top/maplex/incisiontest/fixture/ComplexOpcodeFixture.emptyBody()V kinds=[LEAD] static=false
[15:22:36 INFO]: [Incision-Test-1.0.0] [DEBUG] [Incision][DEBUG] weave inject top/maplex/incisiontest/fixture/ComplexOpcodeFixture.buildBuffer()Ljava/lang/String; kinds=[LEAD] static=false
[15:22:36 INFO]: [Incision-Test-1.0.0] [DEBUG] [Incision][DEBUG] weave inject top/maplex/incisiontest/fixture/ComplexOpcodeFixture.typeCheck(Ljava/lang/Object;)I kinds=[LEAD] static=false
[15:22:36 INFO]: [Incision-Test-1.0.0] [DEBUG] [Incision][DEBUG] weave inject top/maplex/incisiontest/fixture/ComplexOpcodeFixture.arrays()I kinds=[LEAD] static=false
[15:22:36 INFO]: [Incision-Test-1.0.0] [DEBUG] [Incision][DEBUG] weave inject top/maplex/incisiontest/fixture/ComplexOpcodeFixture.chainInvoke()I kinds=[GRAFT] static=false
[15:22:36 INFO]: [Incision-Test-1.0.0] [DEBUG] [Incision][DEBUG] weave inject top/maplex/incisiontest/fixture/ComplexOpcodeFixture.arithmetic(I)I kinds=[LEAD] static=false
[15:22:36 INFO]: [Incision-Test-1.0.0] [DEBUG] [Incision][DEBUG] weave inject top/maplex/incisiontest/fixture/ComplexOpcodeFixture.loadStrings()Ljava/lang/String; kinds=[LEAD] static=false
[15:22:36 INFO]: [Incision-Test-1.0.0] [DEBUG] [Incision][DEBUG] weave inject top/maplex/incisiontest/fixture/ComplexOpcodeFixture.densePattern()I kinds=[LEAD] static=false
[15:22:36 INFO]: [Incision-Test-1.0.0] [DEBUG] [Incision][DEBUG] weave inject top/maplex/incisiontest/fixture/ComplexOpcodeFixture.branch(Z)I kinds=[LEAD] static=false
[15:22:36 INFO]: [Incision-Test-1.0.0] [DEBUG] [Incision][DEBUG] weave inject top/maplex/incisiontest/fixture/ComplexOpcodeFixture.staticCalls()I kinds=[LEAD] static=false
[15:22:36 INFO]: [Incision-Test-1.0.0] [DEBUG] [Incision][DEBUG] weave inject top/maplex/incisiontest/fixture/ComplexOpcodeFixture.touchFields()I kinds=[LEAD] static=false
[15:22:36 INFO]: [Incision-Test-1.0.0] [DEBUG] [Incision][DEBUG] weave inject top/maplex/incisiontest/fixture/ComplexOpcodeFixture.multiFieldPut()I kinds=[LEAD] static=false
[15:22:36 INFO]: [Incision-Test-1.0.0] [DEBUG] [Incision][DEBUG] weave inject top/maplex/incisiontest/fixture/ComplexOpcodeFixture.buildBuffer()Ljava/lang/String; kinds=[LEAD] static=false
[15:22:36 INFO]: [Incision-Test-1.0.0] [DEBUG] [Incision][DEBUG] weave inject top/maplex/incisiontest/fixture/PerformanceFixture.lead(I)I kinds=[LEAD] static=false
[15:22:36 INFO]: [Incision-Test-1.0.0] [DEBUG] [Incision][DEBUG] weave inject top/maplex/incisiontest/fixture/PerformanceFixture.leadTrail(I)I kinds=[LEAD] static=false
[15:22:36 INFO]: [Incision-Test-1.0.0] [DEBUG] [Incision][DEBUG] weave inject net/minecraft/server/v1_12_R1/MinecraftServer.getPlayerCount()I kinds=[LEAD] static=false
[15:22:36 INFO]: [Incision-Test-1.0.0] [DEBUG] [Incision][DEBUG] weave inject top/maplex/incisiontest/fixture/ComplexOpcodeFixture.typeCheck(Ljava/lang/Object;)I kinds=[LEAD] static=false
[15:22:36 INFO]: [Incision-Test-1.0.0] [DEBUG] [Incision][DEBUG] weave inject top/maplex/incisiontest/fixture/ComplexOpcodeFixture.arrays()I kinds=[LEAD] static=false
[15:22:36 INFO]: [Incision-Test-1.0.0] [DEBUG] [Incision][DEBUG] weave inject top/maplex/incisiontest/fixture/ComplexOpcodeFixture.chainInvoke()I kinds=[GRAFT] static=false
[15:22:36 INFO]: [Incision-Test-1.0.0] [DEBUG] [Incision][DEBUG] weave inject top/maplex/incisiontest/fixture/ComplexOpcodeFixture.arithmetic(I)I kinds=[LEAD] static=false
[15:22:36 INFO]: [Incision-Test-1.0.0] [DEBUG] [Incision][DEBUG] weave inject top/maplex/incisiontest/fixture/ComplexOpcodeFixture.loadStrings()Ljava/lang/String; kinds=[LEAD] static=false
[15:22:36 INFO]: [Incision-Test-1.0.0] [DEBUG] [Incision][DEBUG] weave inject top/maplex/incisiontest/fixture/ComplexOpcodeFixture.branch(Z)I kinds=[LEAD] static=false
[15:22:36 INFO]: [Incision-Test-1.0.0] [DEBUG] [Incision][DEBUG] weave inject top/maplex/incisiontest/fixture/ComplexOpcodeFixture.staticCalls()I kinds=[LEAD] static=false
[15:22:36 INFO]: [Incision-Test-1.0.0] [DEBUG] [Incision][DEBUG] weave inject top/maplex/incisiontest/fixture/ComplexOpcodeFixture.touchFields()I kinds=[LEAD] static=false
[15:22:36 INFO]: [Incision-Test-1.0.0] [DEBUG] [Incision][DEBUG] weave inject top/maplex/incisiontest/fixture/ComplexOpcodeFixture.multiFieldPut()I kinds=[LEAD] static=false
[15:22:36 INFO]: [Incision-Test-1.0.0] [DEBUG] [Incision][DEBUG] weave inject top/maplex/incisiontest/fixture/ComplexOpcodeFixture.buildBuffer()Ljava/lang/String; kinds=[LEAD] static=false
[15:22:36 INFO]: [Incision-Test-1.0.0] [DEBUG] [Incision][DEBUG] weave inject top/maplex/incisiontest/fixture/ComplexOpcodeFixture.typeCheck(Ljava/lang/Object;)I kinds=[LEAD] static=false
[15:22:36 INFO]: [Incision-Test-1.0.0] [DEBUG] [Incision][DEBUG] weave inject top/maplex/incisiontest/fixture/ComplexOpcodeFixture.arrays()I kinds=[LEAD] static=false
[15:22:36 INFO]: [Incision-Test-1.0.0] [DEBUG] [Incision][DEBUG] weave inject top/maplex/incisiontest/fixture/ComplexOpcodeFixture.chainInvoke()I kinds=[GRAFT] static=false
[15:22:36 INFO]: [Incision-Test-1.0.0] [DEBUG] [Incision][DEBUG] weave inject top/maplex/incisiontest/fixture/ComplexOpcodeFixture.arithmetic(I)I kinds=[LEAD] static=false
[15:22:36 INFO]: [Incision-Test-1.0.0] [DEBUG] [Incision][DEBUG] weave inject top/maplex/incisiontest/fixture/ComplexOpcodeFixture.loadStrings()Ljava/lang/String; kinds=[LEAD] static=false
[15:22:36 INFO]: [Incision-Test-1.0.0] [DEBUG] [Incision][DEBUG] weave inject top/maplex/incisiontest/fixture/ComplexOpcodeFixture.branch(Z)I kinds=[LEAD] static=false
[15:22:36 INFO]: [Incision-Test-1.0.0] [DEBUG] [Incision][DEBUG] weave inject top/maplex/incisiontest/fixture/ComplexOpcodeFixture.staticCalls()I kinds=[LEAD] static=false
[15:22:36 INFO]: [Incision-Test-1.0.0] [DEBUG] [Incision][DEBUG] weave inject top/maplex/incisiontest/fixture/ComplexOpcodeFixture.touchFields()I kinds=[LEAD] static=false
[15:22:36 INFO]: [Incision-Test-1.0.0] [DEBUG] [Incision][DEBUG] weave inject top/maplex/incisiontest/fixture/ComplexOpcodeFixture.multiFieldPut()I kinds=[LEAD] static=false
[15:22:36 INFO]: [Incision-Test-1.0.0] [DEBUG] [Incision][DEBUG] weave inject top/maplex/incisiontest/fixture/ComplexOpcodeFixture.buildBuffer()Ljava/lang/String; kinds=[LEAD] static=false
[15:22:36 INFO]: [Incision-Test-1.0.0] [DEBUG] [Incision][DEBUG] weave inject top/maplex/incisiontest/fixture/PerformanceFixture.leadTrail(I)I kinds=[LEAD] static=false
[15:22:36 INFO]: [Incision-Test-1.0.0] [Incision] AutoHeal: classLoader=org.bukkit.plugin.java.PluginClassLoader@5dbcc115 removed=292 advice
[15:22:36 INFO]: [Incision-Test-1.0.0] [DEBUG] [Incision][DEBUG] weave inject top/maplex/incisiontest/fixture/ComplexOpcodeFixture.typeCheck(Ljava/lang/Object;)I kinds=[LEAD] static=false
[15:22:36 INFO]: [Incision-Test-1.0.0] [DEBUG] [Incision][DEBUG] weave inject top/maplex/incisiontest/fixture/ComplexOpcodeFixture.arrays()I kinds=[LEAD] static=false
[15:22:36 INFO]: [Incision-Test-1.0.0] [DEBUG] [Incision][DEBUG] weave inject top/maplex/incisiontest/fixture/ComplexOpcodeFixture.chainInvoke()I kinds=[GRAFT] static=false
[15:22:36 INFO]: [Incision-Test-1.0.0] [DEBUG] [Incision][DEBUG] weave inject top/maplex/incisiontest/fixture/ComplexOpcodeFixture.arithmetic(I)I kinds=[LEAD] static=false
[15:22:36 INFO]: [Incision-Test-1.0.0] [DEBUG] [Incision][DEBUG] weave inject top/maplex/incisiontest/fixture/ComplexOpcodeFixture.loadStrings()Ljava/lang/String; kinds=[LEAD] static=false
[15:22:36 INFO]: [Incision-Test-1.0.0] [DEBUG] [Incision][DEBUG] weave inject top/maplex/incisiontest/fixture/ComplexOpcodeFixture.branch(Z)I kinds=[LEAD] static=false
[15:22:36 INFO]: [Incision-Test-1.0.0] [DEBUG] [Incision][DEBUG] weave inject top/maplex/incisiontest/fixture/ComplexOpcodeFixture.staticCalls()I kinds=[LEAD] static=false
[15:22:36 INFO]: [Incision-Test-1.0.0] [DEBUG] [Incision][DEBUG] weave inject top/maplex/incisiontest/fixture/ComplexOpcodeFixture.touchFields()I kinds=[LEAD] static=false
[15:22:36 INFO]: [Incision-Test-1.0.0] [DEBUG] [Incision][DEBUG] weave inject top/maplex/incisiontest/fixture/ComplexOpcodeFixture.multiFieldPut()I kinds=[LEAD] static=false
[15:22:36 INFO]: [Incision-Test-1.0.0] [DEBUG] [Incision][DEBUG] weave inject top/maplex/incisiontest/fixture/ComplexOpcodeFixture.buildBuffer()Ljava/lang/String; kinds=[LEAD] static=false
[15:22:36 INFO]: [Incision-Test-1.0.0] [DEBUG] [Incision][DEBUG] weave inject top/maplex/incisiontest/fixture/ComplexOpcodeFixture.typeCheck(Ljava/lang/Object;)I kinds=[LEAD] static=false
[15:22:36 INFO]: [Incision-Test-1.0.0] [DEBUG] [Incision][DEBUG] weave inject top/maplex/incisiontest/fixture/ComplexOpcodeFixture.arrays()I kinds=[LEAD] static=false
[15:22:36 INFO]: [Incision-Test-1.0.0] [DEBUG] [Incision][DEBUG] weave inject top/maplex/incisiontest/fixture/ComplexOpcodeFixture.chainInvoke()I kinds=[GRAFT] static=false
[15:22:36 INFO]: [Incision-Test-1.0.0] [DEBUG] [Incision][DEBUG] weave inject top/maplex/incisiontest/fixture/ComplexOpcodeFixture.arithmetic(I)I kinds=[LEAD] static=false
[15:22:36 INFO]: [Incision-Test-1.0.0] [DEBUG] [Incision][DEBUG] weave inject top/maplex/incisiontest/fixture/ComplexOpcodeFixture.loadStrings()Ljava/lang/String; kinds=[LEAD] static=false
[15:22:36 INFO]: [Incision-Test-1.0.0] [DEBUG] [Incision][DEBUG] weave inject top/maplex/incisiontest/fixture/ComplexOpcodeFixture.branch(Z)I kinds=[LEAD] static=false
[15:22:36 INFO]: [Incision-Test-1.0.0] [DEBUG] [Incision][DEBUG] weave inject top/maplex/incisiontest/fixture/ComplexOpcodeFixture.staticCalls()I kinds=[LEAD] static=false
[15:22:36 INFO]: [Incision-Test-1.0.0] [DEBUG] [Incision][DEBUG] weave inject top/maplex/incisiontest/fixture/ComplexOpcodeFixture.touchFields()I kinds=[LEAD] static=false
[15:22:36 INFO]: [Incision-Test-1.0.0] [DEBUG] [Incision][DEBUG] weave inject top/maplex/incisiontest/fixture/ComplexOpcodeFixture.multiFieldPut()I kinds=[LEAD] static=false
[15:22:36 INFO]: [Incision-Test-1.0.0] [DEBUG] [Incision][DEBUG] weave inject top/maplex/incisiontest/fixture/ComplexOpcodeFixture.buildBuffer()Ljava/lang/String; kinds=[LEAD] static=false
[15:22:36 INFO]: [Incision-Test-1.0.0] [DEBUG] [Incision][DEBUG] weave inject top/maplex/incisiontest/fixture/ComplexOpcodeFixture.typeCheck(Ljava/lang/Object;)I kinds=[LEAD] static=false
[15:22:36 INFO]: [Incision-Test-1.0.0] [DEBUG] [Incision][DEBUG] weave inject top/maplex/incisiontest/fixture/ComplexOpcodeFixture.arrays()I kinds=[LEAD] static=false
[15:22:36 INFO]: [Incision-Test-1.0.0] [DEBUG] [Incision][DEBUG] weave inject top/maplex/incisiontest/fixture/ComplexOpcodeFixture.chainInvoke()I kinds=[GRAFT] static=false
[15:22:36 INFO]: [Incision-Test-1.0.0] [DEBUG] [Incision][DEBUG] weave inject top/maplex/incisiontest/fixture/ComplexOpcodeFixture.arithmetic(I)I kinds=[LEAD] static=false
[15:22:36 INFO]: [Incision-Test-1.0.0] [DEBUG] [Incision][DEBUG] weave inject top/maplex/incisiontest/fixture/ComplexOpcodeFixture.loadStrings()Ljava/lang/String; kinds=[LEAD] static=false
[15:22:36 INFO]: [Incision-Test-1.0.0] [DEBUG] [Incision][DEBUG] weave inject top/maplex/incisiontest/fixture/ComplexOpcodeFixture.branch(Z)I kinds=[LEAD] static=false
[15:22:36 INFO]: [Incision-Test-1.0.0] [DEBUG] [Incision][DEBUG] weave inject top/maplex/incisiontest/fixture/ComplexOpcodeFixture.staticCalls()I kinds=[LEAD] static=false
[15:22:36 INFO]: [Incision-Test-1.0.0] [DEBUG] [Incision][DEBUG] weave inject top/maplex/incisiontest/fixture/ComplexOpcodeFixture.touchFields()I kinds=[LEAD] static=false
[15:22:36 INFO]: [Incision-Test-1.0.0] [DEBUG] [Incision][DEBUG] weave inject top/maplex/incisiontest/fixture/ComplexOpcodeFixture.multiFieldPut()I kinds=[LEAD] static=false
[15:22:36 INFO]: [Incision-Test-1.0.0] [DEBUG] [Incision][DEBUG] weave inject top/maplex/incisiontest/fixture/ComplexOpcodeFixture.buildBuffer()Ljava/lang/String; kinds=[LEAD] static=false
[15:22:36 INFO]: [Incision-Test-1.0.0] [DEBUG] [Incision][DEBUG] weave inject top/maplex/incisiontest/fixture/ComplexOpcodeFixture.typeCheck(Ljava/lang/Object;)I kinds=[LEAD] static=false
[15:22:36 INFO]: [Incision-Test-1.0.0] [DEBUG] [Incision][DEBUG] weave inject top/maplex/incisiontest/fixture/ComplexOpcodeFixture.arrays()I kinds=[LEAD] static=false
[15:22:36 INFO]: [Incision-Test-1.0.0] [DEBUG] [Incision][DEBUG] weave inject top/maplex/incisiontest/fixture/ComplexOpcodeFixture.chainInvoke()I kinds=[GRAFT] static=false
[15:22:36 INFO]: [Incision-Test-1.0.0] [DEBUG] [Incision][DEBUG] weave inject top/maplex/incisiontest/fixture/ComplexOpcodeFixture.arithmetic(I)I kinds=[LEAD] static=false
[15:22:36 INFO]: [Incision-Test-1.0.0] [DEBUG] [Incision][DEBUG] weave inject top/maplex/incisiontest/fixture/ComplexOpcodeFixture.loadStrings()Ljava/lang/String; kinds=[LEAD] static=false
[15:22:36 INFO]: [Incision-Test-1.0.0] [DEBUG] [Incision][DEBUG] weave inject top/maplex/incisiontest/fixture/ComplexOpcodeFixture.branch(Z)I kinds=[LEAD] static=false
[15:22:36 INFO]: [Incision-Test-1.0.0] [DEBUG] [Incision][DEBUG] weave inject top/maplex/incisiontest/fixture/ComplexOpcodeFixture.staticCalls()I kinds=[LEAD] static=false
[15:22:36 INFO]: [Incision-Test-1.0.0] [DEBUG] [Incision][DEBUG] weave inject top/maplex/incisiontest/fixture/ComplexOpcodeFixture.touchFields()I kinds=[LEAD] static=false
[15:22:36 INFO]: [Incision-Test-1.0.0] [DEBUG] [Incision][DEBUG] weave inject top/maplex/incisiontest/fixture/ComplexOpcodeFixture.multiFieldPut()I kinds=[LEAD] static=false
[15:22:36 INFO]: [Incision-Test-1.0.0] [DEBUG] [Incision][DEBUG] weave inject top/maplex/incisiontest/fixture/ComplexOpcodeFixture.buildBuffer()Ljava/lang/String; kinds=[LEAD] static=false
[15:22:36 INFO]: [Incision-Test-1.0.0] [DEBUG] [Incision][DEBUG] weave inject top/maplex/incisiontest/fixture/ComplexOpcodeFixture.typeCheck(Ljava/lang/Object;)I kinds=[LEAD] static=false
[15:22:36 INFO]: [Incision-Test-1.0.0] [DEBUG] [Incision][DEBUG] weave inject top/maplex/incisiontest/fixture/ComplexOpcodeFixture.arrays()I kinds=[LEAD] static=false
[15:22:36 INFO]: [Incision-Test-1.0.0] [DEBUG] [Incision][DEBUG] weave inject top/maplex/incisiontest/fixture/ComplexOpcodeFixture.chainInvoke()I kinds=[GRAFT] static=false
[15:22:36 INFO]: [Incision-Test-1.0.0] [DEBUG] [Incision][DEBUG] weave inject top/maplex/incisiontest/fixture/ComplexOpcodeFixture.arithmetic(I)I kinds=[LEAD] static=false
[15:22:36 INFO]: [Incision-Test-1.0.0] [DEBUG] [Incision][DEBUG] weave inject top/maplex/incisiontest/fixture/ComplexOpcodeFixture.loadStrings()Ljava/lang/String; kinds=[LEAD] static=false
[15:22:36 INFO]: [Incision-Test-1.0.0] [DEBUG] [Incision][DEBUG] weave inject top/maplex/incisiontest/fixture/ComplexOpcodeFixture.branch(Z)I kinds=[LEAD] static=false
[15:22:36 INFO]: [Incision-Test-1.0.0] [DEBUG] [Incision][DEBUG] weave inject top/maplex/incisiontest/fixture/ComplexOpcodeFixture.staticCalls()I kinds=[LEAD] static=false
[15:22:36 INFO]: [Incision-Test-1.0.0] [DEBUG] [Incision][DEBUG] weave inject top/maplex/incisiontest/fixture/ComplexOpcodeFixture.touchFields()I kinds=[LEAD] static=false
[15:22:36 INFO]: [Incision-Test-1.0.0] [DEBUG] [Incision][DEBUG] weave inject top/maplex/incisiontest/fixture/ComplexOpcodeFixture.multiFieldPut()I kinds=[LEAD] static=false
[15:22:36 INFO]: [Incision-Test-1.0.0] [DEBUG] [Incision][DEBUG] weave inject top/maplex/incisiontest/fixture/ComplexOpcodeFixture.buildBuffer()Ljava/lang/String; kinds=[LEAD] static=false
[15:22:36 INFO]: [Incision-Test-1.0.0] [DEBUG] [Incision][DEBUG] weave inject top/maplex/incisiontest/fixture/ComplexOpcodeFixture.typeCheck(Ljava/lang/Object;)I kinds=[LEAD] static=false
[15:22:36 INFO]: [Incision-Test-1.0.0] [DEBUG] [Incision][DEBUG] weave inject top/maplex/incisiontest/fixture/ComplexOpcodeFixture.arrays()I kinds=[LEAD] static=false
[15:22:36 INFO]: [Incision-Test-1.0.0] [DEBUG] [Incision][DEBUG] weave inject top/maplex/incisiontest/fixture/ComplexOpcodeFixture.chainInvoke()I kinds=[GRAFT] static=false
[15:22:36 INFO]: [Incision-Test-1.0.0] [DEBUG] [Incision][DEBUG] weave inject top/maplex/incisiontest/fixture/ComplexOpcodeFixture.arithmetic(I)I kinds=[LEAD] static=false
[15:22:36 INFO]: [Incision-Test-1.0.0] [DEBUG] [Incision][DEBUG] weave inject top/maplex/incisiontest/fixture/ComplexOpcodeFixture.loadStrings()Ljava/lang/String; kinds=[LEAD] static=false
[15:22:36 INFO]: [Incision-Test-1.0.0] [DEBUG] [Incision][DEBUG] weave inject top/maplex/incisiontest/fixture/ComplexOpcodeFixture.branch(Z)I kinds=[LEAD] static=false
[15:22:36 INFO]: [Incision-Test-1.0.0] [DEBUG] [Incision][DEBUG] weave inject top/maplex/incisiontest/fixture/ComplexOpcodeFixture.staticCalls()I kinds=[LEAD] static=false
[15:22:36 INFO]: [Incision-Test-1.0.0] [DEBUG] [Incision][DEBUG] weave inject top/maplex/incisiontest/fixture/ComplexOpcodeFixture.touchFields()I kinds=[LEAD] static=false
[15:22:36 INFO]: [Incision-Test-1.0.0] [DEBUG] [Incision][DEBUG] weave inject top/maplex/incisiontest/fixture/ComplexOpcodeFixture.multiFieldPut()I kinds=[LEAD] static=false
[15:22:36 INFO]: [Incision-Test-1.0.0] [DEBUG] [Incision][DEBUG] weave inject top/maplex/incisiontest/fixture/ComplexOpcodeFixture.buildBuffer()Ljava/lang/String; kinds=[LEAD] static=false
[15:22:36 INFO]: [Incision-Test-1.0.0] [DEBUG] [Incision][DEBUG] weave inject top/maplex/incisiontest/fixture/ComplexOpcodeFixture.arrays()I kinds=[LEAD] static=false
[15:22:36 INFO]: [Incision-Test-1.0.0] [DEBUG] [Incision][DEBUG] weave inject top/maplex/incisiontest/fixture/ComplexOpcodeFixture.chainInvoke()I kinds=[GRAFT] static=false
[15:22:36 INFO]: [Incision-Test-1.0.0] [DEBUG] [Incision][DEBUG] weave inject top/maplex/incisiontest/fixture/ComplexOpcodeFixture.arithmetic(I)I kinds=[LEAD] static=false
[15:22:36 INFO]: [Incision-Test-1.0.0] [DEBUG] [Incision][DEBUG] weave inject top/maplex/incisiontest/fixture/ComplexOpcodeFixture.loadStrings()Ljava/lang/String; kinds=[LEAD] static=false
[15:22:36 INFO]: [Incision-Test-1.0.0] [DEBUG] [Incision][DEBUG] weave inject top/maplex/incisiontest/fixture/ComplexOpcodeFixture.branch(Z)I kinds=[LEAD] static=false
[15:22:36 INFO]: [Incision-Test-1.0.0] [DEBUG] [Incision][DEBUG] weave inject top/maplex/incisiontest/fixture/ComplexOpcodeFixture.staticCalls()I kinds=[LEAD] static=false
[15:22:36 INFO]: [Incision-Test-1.0.0] [DEBUG] [Incision][DEBUG] weave inject top/maplex/incisiontest/fixture/ComplexOpcodeFixture.touchFields()I kinds=[LEAD] static=false
[15:22:36 INFO]: [Incision-Test-1.0.0] [DEBUG] [Incision][DEBUG] weave inject top/maplex/incisiontest/fixture/ComplexOpcodeFixture.multiFieldPut()I kinds=[LEAD] static=false
[15:22:36 INFO]: [Incision-Test-1.0.0] [DEBUG] [Incision][DEBUG] weave inject top/maplex/incisiontest/fixture/ComplexOpcodeFixture.buildBuffer()Ljava/lang/String; kinds=[LEAD] static=false
[15:22:36 INFO]: [Incision-Test-1.0.0] [DEBUG] [Incision][DEBUG] weave inject top/maplex/incisiontest/fixture/ComplexOpcodeFixture.arrays()I kinds=[LEAD] static=false
[15:22:36 INFO]: [Incision-Test-1.0.0] [DEBUG] [Incision][DEBUG] weave inject top/maplex/incisiontest/fixture/ComplexOpcodeFixture.chainInvoke()I kinds=[GRAFT] static=false
[15:22:36 INFO]: [Incision-Test-1.0.0] [DEBUG] [Incision][DEBUG] weave inject top/maplex/incisiontest/fixture/ComplexOpcodeFixture.arithmetic(I)I kinds=[LEAD] static=false
[15:22:36 INFO]: [Incision-Test-1.0.0] [DEBUG] [Incision][DEBUG] weave inject top/maplex/incisiontest/fixture/ComplexOpcodeFixture.loadStrings()Ljava/lang/String; kinds=[LEAD] static=false
[15:22:36 INFO]: [Incision-Test-1.0.0] [DEBUG] [Incision][DEBUG] weave inject top/maplex/incisiontest/fixture/ComplexOpcodeFixture.branch(Z)I kinds=[LEAD] static=false
[15:22:36 INFO]: [Incision-Test-1.0.0] [DEBUG] [Incision][DEBUG] weave inject top/maplex/incisiontest/fixture/ComplexOpcodeFixture.staticCalls()I kinds=[LEAD] static=false
[15:22:36 INFO]: [Incision-Test-1.0.0] [DEBUG] [Incision][DEBUG] weave inject top/maplex/incisiontest/fixture/ComplexOpcodeFixture.touchFields()I kinds=[LEAD] static=false
[15:22:36 INFO]: [Incision-Test-1.0.0] [DEBUG] [Incision][DEBUG] weave inject top/maplex/incisiontest/fixture/ComplexOpcodeFixture.multiFieldPut()I kinds=[LEAD] static=false
[15:22:36 INFO]: [Incision-Test-1.0.0] [DEBUG] [Incision][DEBUG] weave inject top/maplex/incisiontest/fixture/ComplexOpcodeFixture.buildBuffer()Ljava/lang/String; kinds=[LEAD] static=false
[15:22:36 INFO]: [Incision-Test-1.0.0] [DEBUG] [Incision][DEBUG] weave inject top/maplex/incisiontest/fixture/ComplexOpcodeFixture.arrays()I kinds=[LEAD] static=false
[15:22:36 INFO]: [Incision-Test-1.0.0] [DEBUG] [Incision][DEBUG] weave inject top/maplex/incisiontest/fixture/ComplexOpcodeFixture.chainInvoke()I kinds=[GRAFT] static=false
[15:22:36 INFO]: [Incision-Test-1.0.0] [DEBUG] [Incision][DEBUG] weave inject top/maplex/incisiontest/fixture/ComplexOpcodeFixture.arithmetic(I)I kinds=[LEAD] static=false
[15:22:36 INFO]: [Incision-Test-1.0.0] [DEBUG] [Incision][DEBUG] weave inject top/maplex/incisiontest/fixture/ComplexOpcodeFixture.loadStrings()Ljava/lang/String; kinds=[LEAD] static=false
[15:22:36 INFO]: [Incision-Test-1.0.0] [DEBUG] [Incision][DEBUG] weave inject top/maplex/incisiontest/fixture/ComplexOpcodeFixture.branch(Z)I kinds=[LEAD] static=false
[15:22:36 INFO]: [Incision-Test-1.0.0] [DEBUG] [Incision][DEBUG] weave inject top/maplex/incisiontest/fixture/ComplexOpcodeFixture.staticCalls()I kinds=[LEAD] static=false
[15:22:36 INFO]: [Incision-Test-1.0.0] [DEBUG] [Incision][DEBUG] weave inject top/maplex/incisiontest/fixture/ComplexOpcodeFixture.touchFields()I kinds=[LEAD] static=false
[15:22:36 INFO]: [Incision-Test-1.0.0] [DEBUG] [Incision][DEBUG] weave inject top/maplex/incisiontest/fixture/ComplexOpcodeFixture.multiFieldPut()I kinds=[LEAD] static=false
[15:22:36 INFO]: [Incision-Test-1.0.0] [DEBUG] [Incision][DEBUG] weave inject top/maplex/incisiontest/fixture/ComplexOpcodeFixture.buildBuffer()Ljava/lang/String; kinds=[LEAD] static=false
[15:22:36 INFO]: [Incision-Test-1.0.0] [DEBUG] [Incision][DEBUG] weave inject top/maplex/incisiontest/fixture/ComplexOpcodeFixture.arrays()I kinds=[LEAD] static=false
[15:22:36 INFO]: [Incision-Test-1.0.0] [DEBUG] [Incision][DEBUG] weave inject top/maplex/incisiontest/fixture/ComplexOpcodeFixture.chainInvoke()I kinds=[GRAFT] static=false
[15:22:36 INFO]: [Incision-Test-1.0.0] [DEBUG] [Incision][DEBUG] weave inject top/maplex/incisiontest/fixture/ComplexOpcodeFixture.arithmetic(I)I kinds=[LEAD] static=false
[15:22:36 INFO]: [Incision-Test-1.0.0] [DEBUG] [Incision][DEBUG] weave inject top/maplex/incisiontest/fixture/ComplexOpcodeFixture.loadStrings()Ljava/lang/String; kinds=[LEAD] static=false
[15:22:36 INFO]: [Incision-Test-1.0.0] [DEBUG] [Incision][DEBUG] weave inject top/maplex/incisiontest/fixture/ComplexOpcodeFixture.branch(Z)I kinds=[LEAD] static=false
[15:22:36 INFO]: [Incision-Test-1.0.0] [DEBUG] [Incision][DEBUG] weave inject top/maplex/incisiontest/fixture/ComplexOpcodeFixture.touchFields()I kinds=[LEAD] static=false
[15:22:36 INFO]: [Incision-Test-1.0.0] [DEBUG] [Incision][DEBUG] weave inject top/maplex/incisiontest/fixture/ComplexOpcodeFixture.multiFieldPut()I kinds=[LEAD] static=false
[15:22:36 INFO]: [Incision-Test-1.0.0] [DEBUG] [Incision][DEBUG] weave inject top/maplex/incisiontest/fixture/ComplexOpcodeFixture.buildBuffer()Ljava/lang/String; kinds=[LEAD] static=false
[15:22:36 INFO]: [Incision-Test-1.0.0] [DEBUG] [Incision][DEBUG] weave inject top/maplex/incisiontest/fixture/ComplexOpcodeFixture.arrays()I kinds=[LEAD] static=false
[15:22:36 INFO]: [Incision-Test-1.0.0] [DEBUG] [Incision][DEBUG] weave inject top/maplex/incisiontest/fixture/ComplexOpcodeFixture.chainInvoke()I kinds=[GRAFT] static=false
[15:22:36 INFO]: [Incision-Test-1.0.0] [DEBUG] [Incision][DEBUG] weave inject top/maplex/incisiontest/fixture/ComplexOpcodeFixture.loadStrings()Ljava/lang/String; kinds=[LEAD] static=false
[15:22:36 INFO]: [Incision-Test-1.0.0] [DEBUG] [Incision][DEBUG] weave inject top/maplex/incisiontest/fixture/ComplexOpcodeFixture.branch(Z)I kinds=[LEAD] static=false
[15:22:36 INFO]: [Incision-Test-1.0.0] [DEBUG] [Incision][DEBUG] weave inject top/maplex/incisiontest/fixture/ComplexOpcodeFixture.touchFields()I kinds=[LEAD] static=false
[15:22:36 INFO]: [Incision-Test-1.0.0] [DEBUG] [Incision][DEBUG] weave inject top/maplex/incisiontest/fixture/ComplexOpcodeFixture.multiFieldPut()I kinds=[LEAD] static=false
[15:22:36 INFO]: [Incision-Test-1.0.0] [DEBUG] [Incision][DEBUG] weave inject top/maplex/incisiontest/fixture/ComplexOpcodeFixture.buildBuffer()Ljava/lang/String; kinds=[LEAD] static=false
[15:22:36 INFO]: [Incision-Test-1.0.0] [DEBUG] [Incision][DEBUG] weave inject top/maplex/incisiontest/fixture/ComplexOpcodeFixture.arrays()I kinds=[LEAD] static=false
[15:22:36 INFO]: [Incision-Test-1.0.0] [DEBUG] [Incision][DEBUG] weave inject top/maplex/incisiontest/fixture/ComplexOpcodeFixture.chainInvoke()I kinds=[GRAFT] static=false
[15:22:36 INFO]: [Incision-Test-1.0.0] [DEBUG] [Incision][DEBUG] weave inject top/maplex/incisiontest/fixture/ComplexOpcodeFixture.loadStrings()Ljava/lang/String; kinds=[LEAD] static=false
[15:22:36 INFO]: [Incision-Test-1.0.0] [DEBUG] [Incision][DEBUG] weave inject top/maplex/incisiontest/fixture/ComplexOpcodeFixture.touchFields()I kinds=[LEAD] static=false
[15:22:36 INFO]: [Incision-Test-1.0.0] [DEBUG] [Incision][DEBUG] weave inject top/maplex/incisiontest/fixture/ComplexOpcodeFixture.multiFieldPut()I kinds=[LEAD] static=false
[15:22:36 INFO]: [Incision-Test-1.0.0] [DEBUG] [Incision][DEBUG] weave inject top/maplex/incisiontest/fixture/ComplexOpcodeFixture.buildBuffer()Ljava/lang/String; kinds=[LEAD] static=false
[15:22:36 INFO]: [Incision-Test-1.0.0] [DEBUG] [Incision][DEBUG] weave inject top/maplex/incisiontest/fixture/ComplexOpcodeFixture.arrays()I kinds=[LEAD] static=false
[15:22:36 INFO]: [Incision-Test-1.0.0] [DEBUG] [Incision][DEBUG] weave inject top/maplex/incisiontest/fixture/ComplexOpcodeFixture.chainInvoke()I kinds=[GRAFT] static=false
[15:22:36 INFO]: [Incision-Test-1.0.0] [DEBUG] [Incision][DEBUG] weave inject top/maplex/incisiontest/fixture/ComplexOpcodeFixture.touchFields()I kinds=[LEAD] static=false
[15:22:36 INFO]: [Incision-Test-1.0.0] [DEBUG] [Incision][DEBUG] weave inject top/maplex/incisiontest/fixture/ComplexOpcodeFixture.multiFieldPut()I kinds=[LEAD] static=false
[15:22:36 INFO]: [Incision-Test-1.0.0] [DEBUG] [Incision][DEBUG] weave inject top/maplex/incisiontest/fixture/ComplexOpcodeFixture.buildBuffer()Ljava/lang/String; kinds=[LEAD] static=false
[15:22:36 INFO]: [Incision-Test-1.0.0] [DEBUG] [Incision][DEBUG] weave inject top/maplex/incisiontest/fixture/ComplexOpcodeFixture.arrays()I kinds=[LEAD] static=false
[15:22:36 INFO]: [Incision-Test-1.0.0] [DEBUG] [Incision][DEBUG] weave inject top/maplex/incisiontest/fixture/ComplexOpcodeFixture.chainInvoke()I kinds=[GRAFT] static=false
[15:22:36 INFO]: [Incision-Test-1.0.0] [DEBUG] [Incision][DEBUG] weave inject top/maplex/incisiontest/fixture/ComplexOpcodeFixture.touchFields()I kinds=[LEAD] static=false
[15:22:36 INFO]: [Incision-Test-1.0.0] [DEBUG] [Incision][DEBUG] weave inject top/maplex/incisiontest/fixture/ComplexOpcodeFixture.multiFieldPut()I kinds=[LEAD] static=false
[15:22:36 INFO]: [Incision-Test-1.0.0] [DEBUG] [Incision][DEBUG] weave inject top/maplex/incisiontest/fixture/ComplexOpcodeFixture.buildBuffer()Ljava/lang/String; kinds=[LEAD] static=false
[15:22:36 INFO]: [Incision-Test-1.0.0] [DEBUG] [Incision][DEBUG] weave inject top/maplex/incisiontest/fixture/ComplexOpcodeFixture.arrays()I kinds=[LEAD] static=false
[15:22:36 INFO]: [Incision-Test-1.0.0] [DEBUG] [Incision][DEBUG] weave inject top/maplex/incisiontest/fixture/ComplexOpcodeFixture.chainInvoke()I kinds=[GRAFT] static=false
[15:22:36 INFO]: [Incision-Test-1.0.0] [DEBUG] [Incision][DEBUG] weave inject top/maplex/incisiontest/fixture/ComplexOpcodeFixture.touchFields()I kinds=[LEAD] static=false
[15:22:36 INFO]: [Incision-Test-1.0.0] [DEBUG] [Incision][DEBUG] weave inject top/maplex/incisiontest/fixture/ComplexOpcodeFixture.multiFieldPut()I kinds=[LEAD] static=false
[15:22:36 INFO]: [Incision-Test-1.0.0] [DEBUG] [Incision][DEBUG] weave inject top/maplex/incisiontest/fixture/ComplexOpcodeFixture.buildBuffer()Ljava/lang/String; kinds=[LEAD] static=false
[15:22:37 INFO]: [Incision-Test-1.0.0] [DEBUG] [Incision][DEBUG] weave inject top/maplex/incisiontest/fixture/ComplexOpcodeFixture.arrays()I kinds=[LEAD] static=false
[15:22:37 INFO]: [Incision-Test-1.0.0] [DEBUG] [Incision][DEBUG] weave inject top/maplex/incisiontest/fixture/ComplexOpcodeFixture.chainInvoke()I kinds=[GRAFT] static=false
[15:22:37 INFO]: [Incision-Test-1.0.0] [DEBUG] [Incision][DEBUG] weave inject top/maplex/incisiontest/fixture/ComplexOpcodeFixture.touchFields()I kinds=[LEAD] static=false
[15:22:37 INFO]: [Incision-Test-1.0.0] [DEBUG] [Incision][DEBUG] weave inject top/maplex/incisiontest/fixture/ComplexOpcodeFixture.multiFieldPut()I kinds=[LEAD] static=false
[15:22:37 INFO]: [Incision-Test-1.0.0] [DEBUG] [Incision][DEBUG] weave inject top/maplex/incisiontest/fixture/ComplexOpcodeFixture.buildBuffer()Ljava/lang/String; kinds=[LEAD] static=false
[15:22:37 INFO]: [Incision-Test-1.0.0] [DEBUG] [Incision][DEBUG] weave inject top/maplex/incisiontest/fixture/ComplexOpcodeFixture.arrays()I kinds=[LEAD] static=false
[15:22:37 INFO]: [Incision-Test-1.0.0] [DEBUG] [Incision][DEBUG] weave inject top/maplex/incisiontest/fixture/ComplexOpcodeFixture.chainInvoke()I kinds=[GRAFT] static=false
[15:22:37 INFO]: [Incision-Test-1.0.0] [DEBUG] [Incision][DEBUG] weave inject top/maplex/incisiontest/fixture/ComplexOpcodeFixture.touchFields()I kinds=[LEAD] static=false
[15:22:37 INFO]: [Incision-Test-1.0.0] [DEBUG] [Incision][DEBUG] weave inject top/maplex/incisiontest/fixture/ComplexOpcodeFixture.multiFieldPut()I kinds=[LEAD] static=false
[15:22:37 INFO]: [Incision-Test-1.0.0] [DEBUG] [Incision][DEBUG] weave inject top/maplex/incisiontest/fixture/ComplexOpcodeFixture.buildBuffer()Ljava/lang/String; kinds=[LEAD] static=false
[15:22:37 INFO]: [Incision-Test-1.0.0] [DEBUG] [Incision][DEBUG] weave inject top/maplex/incisiontest/fixture/ComplexOpcodeFixture.arrays()I kinds=[LEAD] static=false
[15:22:37 INFO]: [Incision-Test-1.0.0] [DEBUG] [Incision][DEBUG] weave inject top/maplex/incisiontest/fixture/ComplexOpcodeFixture.chainInvoke()I kinds=[GRAFT] static=false
[15:22:37 INFO]: [Incision-Test-1.0.0] [DEBUG] [Incision][DEBUG] weave inject top/maplex/incisiontest/fixture/ComplexOpcodeFixture.touchFields()I kinds=[LEAD] static=false
[15:22:37 INFO]: [Incision-Test-1.0.0] [DEBUG] [Incision][DEBUG] weave inject top/maplex/incisiontest/fixture/ComplexOpcodeFixture.buildBuffer()Ljava/lang/String; kinds=[LEAD] static=false
[15:22:37 INFO]: [Incision-Test-1.0.0] [DEBUG] [Incision][DEBUG] weave inject top/maplex/incisiontest/fixture/ComplexOpcodeFixture.arrays()I kinds=[LEAD] static=false
[15:22:37 INFO]: [Incision-Test-1.0.0] [DEBUG] [Incision][DEBUG] weave inject top/maplex/incisiontest/fixture/ComplexOpcodeFixture.touchFields()I kinds=[LEAD] static=false
[15:22:37 INFO]: [Incision-Test-1.0.0] [DEBUG] [Incision][DEBUG] weave inject top/maplex/incisiontest/fixture/ComplexOpcodeFixture.buildBuffer()Ljava/lang/String; kinds=[LEAD] static=false
[15:22:37 INFO]: [Incision-Test-1.0.0] [DEBUG] [Incision][DEBUG] weave inject top/maplex/incisiontest/fixture/ComplexOpcodeFixture.arrays()I kinds=[LEAD] static=false
[15:22:37 INFO]: [Incision-Test-1.0.0] [DEBUG] [Incision][DEBUG] weave inject top/maplex/incisiontest/fixture/ComplexOpcodeFixture.touchFields()I kinds=[LEAD] static=false
[15:22:37 INFO]: [Incision-Test-1.0.0] [DEBUG] [Incision][DEBUG] weave inject top/maplex/incisiontest/fixture/ComplexOpcodeFixture.arrays()I kinds=[LEAD] static=false
[15:22:37 INFO]: [Incision-Test-1.0.0] [DEBUG] injectAll(DISABLE): 201 个类, 用时 1,790 毫秒
[15:22:37 INFO]: [Incision-Test-1.0.0] [DEBUG]   - ClassVisitorAwake: 1,790 毫秒
[15:22:37 INFO]: [Incision-Test-1.0.0] [DEBUG] 生命周期 "DISABLE" 用时 1,789 毫秒。
[15:22:37 INFO]: Saving players
[15:22:37 INFO]: Saving worlds
[15:22:37 INFO]: Saving chunks for level 'world'/overworld
[15:22:37 INFO]: Saving chunks for level 'world_nether'/the_nether
[15:22:37 INFO]: Saving chunks for level 'world_the_end'/the_end
