
System Info: Java 16 (OpenJDK 64-Bit Server VM 16.0.2+7) Host: Windows 10 10.0 (amd64)
Loading libraries, please wait...
2026-07-28 15:22:38,273 main WARN Advanced terminal features are not available in this environment
[15:22:40 INFO]: Environment: authHost='https://authserver.mojang.com', accountsHost='https://api.mojang.com', sessionHost='https://sessionserver.mojang.com', servicesHost='https://api.minecraftservices.com', name='PROD'
[15:22:40 INFO]: Reloading ResourceManager: Default, bukkit
[15:22:40 INFO]: Loaded 7 recipes
[15:22:41 INFO]: Starting minecraft server version 1.16.5
[15:22:41 INFO]: Loading properties
[15:22:41 INFO]: This server is running Paper version git-Paper-794 (MC: 1.16.5) (Implementing API version 1.16.5-R0.1-SNAPSHOT)
[15:22:41 INFO]: Debug logging is disabled
[15:22:41 INFO]: Server Ping Player Sample Count: 12
[15:22:41 INFO]: Using 4 threads for Netty based IO
[15:22:41 INFO]: Default game type: SURVIVAL
[15:22:41 INFO]: Generating keypair
[15:22:41 INFO]: Starting Minecraft server on *:25565
[15:22:41 INFO]: Using default channel type
[15:22:41 INFO]: [Adyeshach-2.1.30] 加载依赖 org.jetbrains.kotlin:kotlin-stdlib:1.8.22
[15:22:41 INFO]: [Adyeshach-2.1.30] 加载依赖 org.jetbrains.kotlin:kotlin-stdlib-jdk8:1.8.22
[15:22:41 INFO]: [Adyeshach-2.1.30] 加载依赖 org.jetbrains.kotlinx:kotlinx-coroutines-core-jvm:1.7.3
[15:22:42 INFO]: [Adyeshach-2.1.30] 加载依赖 com.github.ben-manes.caffeine:caffeine:2.9.3
[15:22:42 INFO]: [Adyeshach-2.1.30] 加载依赖 org.yaml:snakeyaml:2.2
[15:22:42 INFO]: [Adyeshach-2.1.30] 加载依赖 com.typesafe:config:1.4.3
[15:22:42 INFO]: [Adyeshach-2.1.30] 加载依赖 com.electronwill.night-config:core:3.6.7
[15:22:42 INFO]: [Adyeshach-2.1.30] 加载依赖 com.electronwill.night-config:toml:3.6.7
[15:22:42 INFO]: [Adyeshach-2.1.30] 加载依赖 com.electronwill.night-config:json:3.6.7
[15:22:42 INFO]: [Adyeshach-2.1.30] 加载依赖 com.electronwill.night-config:hocon:3.6.7
[15:22:42 INFO]: [Adyeshach-2.1.30] 加载依赖 org.slf4j:slf4j-api:2.0.8
[15:22:42 INFO]: [Adyeshach-2.1.30] 加载依赖 com.zaxxer:HikariCP:4.0.3
[15:22:42 INFO]: [Adyeshach-2.1.30] 加载依赖 org.apache.commons:commons-jexl3:3.2.1
[15:22:42 INFO]: [Adyeshach-2.1.30] 加载依赖 org.apache.commons:commons-lang3:3.5
[15:22:42 INFO]: [Adyeshach] Generate MinecraftHelper in 42ms
[15:22:42 INFO]: [Adyeshach] Generate MinecraftEntitySpawner in 30ms
[15:22:42 INFO]: [Adyeshach] Generate MinecraftEntityOperator in 21ms
[15:22:42 INFO]: [Incision-Test-1.0.0] [DEBUG] 当前以调试模式运行。
[15:22:43 INFO]: [Incision-Test-1.0.0] [DEBUG] 基础依赖加载完成，用时 250 毫秒。
[15:22:43 INFO]: [Incision-Test-1.0.0] 正在下载依赖 io.izzel.taboolib:common-env:6.3.0-local-dev
[15:22:43 INFO]: [Incision-Test-1.0.0] [DEBUG] 从 common-env-6.3.0-local-dev-fae78078.jar 中加载 extra.properties 配置
[15:22:43 INFO]: [Incision-Test-1.0.0] 加载依赖 org.jetbrains.kotlin:kotlin-stdlib:2.3.0
[15:22:43 INFO]: [Incision-Test-1.0.0] 加载依赖 org.jetbrains.kotlin:kotlin-stdlib-jdk8:2.3.0
[15:22:43 INFO]: [Incision-Test-1.0.0] 加载依赖 org.jetbrains.kotlinx:kotlinx-coroutines-core-jvm:1.8.1
[15:22:43 INFO]: [Incision-Test-1.0.0] [DEBUG] RuntimeEnv 加载完成，用时 22 毫秒。
[15:22:43 INFO]: [Incision-Test-1.0.0] [DEBUG]  = 调用 top.maplex.incisiontest.taboolib.common.env.RuntimeEnv.init()
[15:22:43 INFO]: [Incision-Test-1.0.0] 正在下载依赖 io.izzel.taboolib:common-util:6.3.0-local-dev
[15:22:43 INFO]: [Incision-Test-1.0.0] [DEBUG] 从 common-util-6.3.0-local-dev-55516d5b.jar 中加载 extra.properties 配置
[15:22:43 INFO]: [Incision-Test-1.0.0] [DEBUG] ClassVisitorHandler 初始化完成。
[15:22:43 INFO]: [Incision-Test-1.0.0] [DEBUG]  = 调用 top.maplex.incisiontest.taboolib.common.inject.ClassVisitorHandler.init()
[15:22:43 INFO]: [Incision-Test-1.0.0] [DEBUG]  = 调用 top.maplex.incisiontest.taboolib.common.io.ProjectScannerKt.init()
[15:22:43 INFO]: [Incision-Test-1.0.0] 正在下载依赖 io.izzel.taboolib:common-legacy-api:6.3.0-local-dev
[15:22:43 WARN]: [Incision-Test] Loaded class org.apache.commons.lang3.JavaVersion from Adyeshach v2.1.30 which is not a depend, softdepend or loadbefore of this plugin.
[15:22:43 INFO]: [Incision-Test-1.0.0] 正在下载依赖 io.izzel.taboolib:common-platform-api:6.3.0-local-dev
[15:22:43 INFO]: [Incision-Test-1.0.0] [DEBUG] 从 common-platform-api-6.3.0-local-dev-4f1aa33f.jar 中加载 extra.properties 配置
[15:22:43 INFO]: [Incision-Test-1.0.0] [DEBUG]  = 调用 top.maplex.incisiontest.taboolib.common.platform.PlatformFactory.init()
[15:22:43 INFO]: [Incision-Test-1.0.0] 正在下载依赖 io.izzel.taboolib:bukkit-xseries:6.3.0-local-dev
[15:22:43 INFO]: [Incision-Test-1.0.0] 正在下载依赖 io.izzel.taboolib:bukkit-nms:6.3.0-local-dev
[15:22:43 INFO]: [Incision-Test-1.0.0] [DEBUG] 从 bukkit-nms-6.3.0-local-dev-3d7d438f.jar 中加载 extra.properties 配置
[15:22:43 INFO]: [Incision-Test-1.0.0] [DEBUG] PaperClassFinder 已生效。
[15:22:43 INFO]: [Incision-Test-1.0.0] [DEBUG]  = 调用 top.maplex.incisiontest.taboolib.module.nms.MeteorReflection.init()
[15:22:43 INFO]: [Incision-Test-1.0.0] 正在下载依赖 io.izzel.taboolib:bukkit-ui:6.3.0-local-dev
[15:22:43 INFO]: [Incision-Test-1.0.0] 正在下载依赖 io.izzel.taboolib:bukkit-nms-stable:6.3.0-local-dev
[15:22:43 INFO]: [Incision-Test-1.0.0] 正在下载依赖 io.izzel.taboolib:minecraft-kether:6.3.0-local-dev
[15:22:43 INFO]: [Incision-Test-1.0.0] 正在下载依赖 io.izzel.taboolib:platform-bukkit-impl:6.3.0-local-dev
[15:22:43 INFO]: [Incision-Test-1.0.0] 正在下载依赖 io.izzel.taboolib:bukkit-hook:6.3.0-local-dev
[15:22:43 INFO]: [Incision-Test-1.0.0] 正在下载依赖 io.izzel.taboolib:bukkit-ui-legacy:6.3.0-local-dev
[15:22:43 INFO]: [Incision-Test-1.0.0] 正在下载依赖 io.izzel.taboolib:database:6.3.0-local-dev
[15:22:43 INFO]: [Incision-Test-1.0.0] 正在下载依赖 io.izzel.taboolib:bukkit-nms-legacy:6.3.0-local-dev
[15:22:43 INFO]: [Incision-Test-1.0.0] 正在下载依赖 io.izzel.taboolib:bukkit-nms-tag:6.3.0-local-dev
[15:22:44 INFO]: [Incision-Test-1.0.0] 正在下载依赖 io.izzel.taboolib:bukkit-ui-12100:6.3.0-local-dev
[15:22:44 INFO]: [Incision-Test-1.0.0] 正在下载依赖 io.izzel.taboolib:platform-bukkit:6.3.0-local-dev
[15:22:44 INFO]: [Incision-Test-1.0.0] 正在下载依赖 io.izzel.taboolib:bukkit-nms-tag-modern:6.3.0-local-dev
[15:22:44 INFO]: [Incision-Test-1.0.0] 正在下载依赖 io.izzel.taboolib:bukkit-nms-tag-legacy:6.3.0-local-dev
[15:22:44 INFO]: [Incision-Test-1.0.0] 正在下载依赖 io.izzel.taboolib:minecraft-command-helper:6.3.0-local-dev
[15:22:44 INFO]: [Incision-Test-1.0.0] 正在下载依赖 io.izzel.taboolib:incision:6.3.0-local-dev
[15:22:44 INFO]: [Incision-Test-1.0.0] 正在下载依赖 io.izzel.taboolib:bukkit-util:6.3.0-local-dev
[15:22:44 INFO]: [Incision-Test-1.0.0] 正在下载依赖 io.izzel.taboolib:minecraft-i18n:6.3.0-local-dev
[15:22:44 INFO]: [Incision-Test-1.0.0] 正在下载依赖 io.izzel.taboolib:basic-configuration:6.3.0-local-dev
[15:22:44 INFO]: [Incision-Test-1.0.0] 正在下载依赖 io.izzel.taboolib:basic-submit-chain:6.3.0-local-dev
[15:22:44 INFO]: [Incision-Test-1.0.0] 正在下载依赖 io.izzel.taboolib:minecraft-chat:6.3.0-local-dev
[15:22:44 INFO]: [Incision-Test-1.0.0] [DEBUG] 所有依赖加载完成，用时 1,308 毫秒。
[15:22:44 INFO]: [Incision-Test-1.0.0] [DEBUG] ProjectScanner 扫描到 526 个类，用时 35 毫秒。
[15:22:44 INFO]: [Incision-Test-1.0.0] [DEBUG] ClassVisitor 第一阶段过滤: 2,739 -> 1,200 个候选类，用时 9 毫秒。
[15:22:44 INFO]: [Incision-Test-1.0.0] [DEBUG] ClassVisitor 第二阶段过滤: 1,200 -> 201 个有效类，用时 3 毫秒。
[15:22:44 INFO]: [Incision-Test-1.0.0] [DEBUG] ClassVisitor 总用时 145 毫秒。
[15:22:44 INFO]: [Incision-Test-1.0.0] [DEBUG] RunningClasses (All)            : 2,739
[15:22:44 INFO]: [Incision-Test-1.0.0] [DEBUG] RunningClasses (Jar)            : 526
[15:22:44 INFO]: [Incision-Test-1.0.0] [DEBUG] RunningClasses (Included)       : 201
[15:22:44 INFO]: [Incision-Test-1.0.0] 正在下载依赖 org.openjdk.jmh:jmh-core:1.37 (传递模式)
[15:22:44 INFO]: [Incision-Test-1.0.0] Downloading ... https://maven.aliyun.com/repository/central/org/openjdk/jmh/jmh-core/1.37/jmh-core-1.37.pom
[15:22:44 INFO]: [Incision-Test-1.0.0] Downloading ... https://maven.aliyun.com/repository/central/org/openjdk/jmh/jmh-core/1.37/jmh-core-1.37.jar
[15:22:44 INFO]: [Incision-Test-1.0.0] 加载依赖 org.openjdk.jmh:jmh-core:1.37
[15:22:44 INFO]: [Incision-Test-1.0.0] 正在下载依赖 org.apache.commons:commons-math3:3.6.1 (传递模式)
[15:22:44 INFO]: [Incision-Test-1.0.0] Downloading ... https://maven.aliyun.com/repository/central/org/apache/commons/commons-math3/3.6.1/commons-math3-3.6.1.pom
[15:22:44 INFO]: [Incision-Test-1.0.0] Downloading ... https://maven.aliyun.com/repository/central/org/apache/commons/commons-math3/3.6.1/commons-math3-3.6.1.jar
[15:22:45 INFO]: [Incision-Test-1.0.0] 加载依赖 org.apache.commons:commons-math3:3.6.1
[15:22:45 INFO]: [Incision-Test-1.0.0] 正在下载依赖 net.bytebuddy:byte-buddy-agent:1.14.18 (传递模式)
[15:22:45 INFO]: [Incision-Test-1.0.0] Downloading ... https://maven.aliyun.com/repository/central/net/bytebuddy/byte-buddy-agent/1.14.18/byte-buddy-agent-1.14.18.pom
[15:22:45 INFO]: [Incision-Test-1.0.0] Downloading ... https://maven.aliyun.com/repository/central/net/bytebuddy/byte-buddy-agent/1.14.18/byte-buddy-agent-1.14.18.jar
[15:22:45 INFO]: [Incision-Test-1.0.0] 加载依赖 net.bytebuddy:byte-buddy-agent:1.14.18
[15:22:45 INFO]: [Incision-Test-1.0.0] 加载依赖 org.yaml:snakeyaml:2.6
[15:22:45 INFO]: [Incision-Test-1.0.0] [DEBUG] [Incision][DEBUG] asm-tree probe: loader=org.bukkit.plugin.java.PluginClassLoader core=file:/E:/Minecraft-Server/incisionTest/run-1.16.5-paper/cache/taboolib/top.maplex.incisiontest/asm-9.8-bc746a17.jar tree=file:/E:/Minecraft-Server/incisionTest/run-1.16.5-paper/cache/taboolib/top.maplex.incisiontest/asm-tree-9.8-9faf6fa8.jar
[15:22:45 INFO]: [Incision-Test-1.0.0] [DEBUG] [Incision][DEBUG] asm-tree probe OK: name=top/maplex/incisiontest/taboolib/module/incision/IncisionBootstrap methods=8
[15:22:45 INFO]: [Incision-Test-1.0.0] [Incision] TabooLibNmsResolver 已启用: nms=v1_16_R3,unobf=false,uniCB=false,mojang=false,impl=RemapTranslationLegacy
[15:22:45 INFO]: [Incision-Test-1.0.0] [Incision] JvmtiBackend: JVMTI native loaded from C:\Users\ADMINI~1\AppData\Local\Temp\incision-native\incision-jvmti-e6191845.dll
[15:22:45 INFO]: [Incision-Test-1.0.0] [DEBUG] [Incision][DEBUG] JvmtiBackend.defineClass: io.izzel.incision.bridge.IncisionBridge in bootstrap
[15:22:45 INFO]: [Incision-Test-1.0.0] [Incision] IncisionBridge 已注入 bootstrap ClassLoader (JVMTI)
[15:22:45 INFO]: [Incision-Test-1.0.0] [Incision] IncisionBridge dispatcher 已注册 (CL=bootstrap)
[15:22:45 INFO]: [Incision-Test-1.0.0] [Incision] Incision CONST: api=2 resolver=RemapRouter[TabooLibNmsResolver]
[15:22:45 INFO]: [Incision-Test-1.0.0] [Incision] PipelineBackend installed into TabooLib RemapTranslation.extraTransformers
[15:22:45 INFO]: [Incision-Test-1.0.0] [DEBUG] 跨平台服务初始化完成，用时 652 毫秒。
[15:22:45 INFO]: [Incision-Test-1.0.0] [DEBUG]   唤醒: 21
[15:22:45 INFO]: [Incision-Test-1.0.0] [DEBUG]   注入: 20
[15:22:45 INFO]: [Incision-Test-1.0.0] [DEBUG]   服务: 6
[15:22:45 INFO]: [Incision-Test-1.0.0] [DEBUG]  = PlatformOpenContainer (BukkitOpenContainer)
[15:22:45 INFO]: [Incision-Test-1.0.0] [DEBUG]  = PlatformListener (BukkitListener)
[15:22:45 INFO]: [Incision-Test-1.0.0] [DEBUG]  = PlatformAdapter (BukkitAdapter)
[15:22:45 INFO]: [Incision-Test-1.0.0] [DEBUG]  = PlatformIO (BukkitIO)
[15:22:45 INFO]: [Incision-Test-1.0.0] [DEBUG]  = PlatformExecutor (BukkitExecutor)
[15:22:45 INFO]: [Incision-Test-1.0.0] [DEBUG]  = PlatformCommand (BukkitCommand)
[15:22:45 INFO]: [Incision-Test-1.0.0] [DEBUG] ProjectScanner 扫描到 8 个资源文件，用时 0 毫秒。
[15:22:45 INFO]: [Incision-Test-1.0.0] [DEBUG] Paper 映射表已加载，用时 46 毫秒。
[15:22:45 INFO]: [Incision-Test-1.0.0] [DEBUG] Classes: 4,218, Fields: 19,270, Methods: 23,687
[15:22:45 INFO]: [Incision-Test-1.0.0] [DEBUG] [Incision][DEBUG] resolveOwner: net/minecraft/world/item/enchantment/EnchantmentHelper → net/minecraft/server/v1_16_R3/EnchantmentManager
[15:22:45 INFO]: [Incision-Test-1.0.0] [DEBUG] [Incision][DEBUG] resolveOwner: net/minecraft/server/level/ServerLevel → net/minecraft/server/v1_16_R3/WorldServer
[15:22:45 INFO]: [Incision-Test-1.0.0] [DEBUG] [Incision][DEBUG] resolveOwner: net/minecraft/world/item/ItemStack → net/minecraft/server/v1_16_R3/ItemStack
[15:22:45 INFO]: [Incision-Test-1.0.0] [DEBUG] [Incision][DEBUG] resolveOwner: net/minecraft/world/entity/Entity → net/minecraft/server/v1_16_R3/Entity
[15:22:45 INFO]: [Incision-Test-1.0.0] [DEBUG] [Incision][DEBUG] resolveOwner: net/minecraft/world/damagesource/DamageSource → net/minecraft/server/v1_16_R3/DamageSource
[15:22:45 INFO]: [Incision-Test-1.0.0] [DEBUG] [Incision][DEBUG] resolveOwner: net/minecraft/world/item/enchantment/EnchantmentHelper → net/minecraft/server/v1_16_R3/EnchantmentManager
[15:22:45 INFO]: [Incision-Test-1.0.0] [DEBUG] [Incision][DEBUG] resolveOwner: net/minecraft/server/level/ServerLevel → net/minecraft/server/v1_16_R3/WorldServer
[15:22:45 INFO]: [Incision-Test-1.0.0] [DEBUG] [Incision][DEBUG] resolveOwner: net/minecraft/world/item/ItemStack → net/minecraft/server/v1_16_R3/ItemStack
[15:22:45 INFO]: [Incision-Test-1.0.0] [DEBUG] [Incision][DEBUG] resolveOwner: net/minecraft/world/entity/Entity → net/minecraft/server/v1_16_R3/Entity
[15:22:45 INFO]: [Incision-Test-1.0.0] [DEBUG] [Incision][DEBUG] resolveOwner: net/minecraft/world/damagesource/DamageSource → net/minecraft/server/v1_16_R3/DamageSource
[15:22:45 INFO]: [Incision-Test-1.0.0] [DEBUG] [Incision][DEBUG] register id=top.maplex.incisiontest.cases.SharpnessModifier#sharpness-modifier@2 targets=[net/minecraft/server/v1_16_R3/EnchantmentManager.modifyDamage(Lnet/minecraft/server/v1_16_R3/WorldServer;Lnet/minecraft/server/v1_16_R3/ItemStack;Lnet/minecraft/server/v1_16_R3/Entity;Lnet/minecraft/server/v1_16_R3/DamageSource;F)F]
[15:22:45 INFO]: [Incision-Test-1.0.0] [DEBUG] [Incision][DEBUG] installWeaver status=PENDING_LOAD owner=net/minecraft/server/v1_16_R3/EnchantmentManager resolved=net/minecraft/server/v1_16_R3/EnchantmentManager advices=1 total=1 backend=JVMTI
[15:22:45 INFO]: [Incision-Test-1.0.0] [DEBUG] [Incision][DEBUG] Surgeon 扫描: top.maplex.incisiontest.cases.SharpnessModifier → 1 suture / 1 advice
[15:22:45 INFO]: [Incision-Test-1.0.0] [DEBUG] [Incision][DEBUG] register id=top.maplex.incisiontest.cases.SurgeonAnchorMatrixPriorityDefault#defaultPriority@4 targets=[top/maplex/incisiontest/fixture/AnchorMatrixFixture_Priority.prioritySurgeonTarget()Ljava/lang/String;]
[15:22:45 INFO]: [Incision-Test-1.0.0] [DEBUG] [Incision][DEBUG] installWeaver status=PENDING_LOAD owner=top/maplex/incisiontest/fixture/AnchorMatrixFixture_Priority resolved=top/maplex/incisiontest/fixture/AnchorMatrixFixture_Priority advices=1 total=1 backend=JVMTI
[15:22:45 INFO]: [Incision-Test-1.0.0] [DEBUG] [Incision][DEBUG] Surgeon 扫描: top.maplex.incisiontest.cases.SurgeonAnchorMatrixPriorityDefault → 1 suture / 1 advice
[15:22:45 INFO]: [Incision-Test-1.0.0] [DEBUG] [Incision][DEBUG] Site selector: anchor=INVOKE mode=EXACT target=top/maplex/incisiontest/fixture/OffsetFixture.helper(I)I ordinal=0 matches=1..1
[15:22:45 INFO]: [Incision-Test-1.0.0] [DEBUG] [Incision][DEBUG] register id=top.maplex.incisiontest.cases.SurgeonOffsetCases#onFirstHelperBefore@37 targets=[top/maplex/incisiontest/fixture/OffsetFixture.chain()I]
[15:22:45 INFO]: [Incision-Test-1.0.0] [DEBUG] [Incision][DEBUG] Site selector: anchor=INVOKE mode=EXACT target=top/maplex/incisiontest/fixture/OffsetFixture.helper(I)I ordinal=1 matches=1..1
[15:22:45 INFO]: [Incision-Test-1.0.0] [DEBUG] [Incision][DEBUG] register id=top.maplex.incisiontest.cases.SurgeonOffsetCases#onSecondHelperBefore@38 targets=[top/maplex/incisiontest/fixture/OffsetFixture.chain()I]
[15:22:45 INFO]: [Incision-Test-1.0.0] [DEBUG] [Incision][DEBUG] Site selector: anchor=INVOKE mode=EXACT target=top/maplex/incisiontest/fixture/OffsetFixture.helper(I)I ordinal=2 matches=1..1
[15:22:45 INFO]: [Incision-Test-1.0.0] [DEBUG] [Incision][DEBUG] register id=top.maplex.incisiontest.cases.SurgeonOffsetCases#onThirdHelperBefore@39 targets=[top/maplex/incisiontest/fixture/OffsetFixture.chain()I]
[15:22:45 INFO]: [Incision-Test-1.0.0] [DEBUG] [Incision][DEBUG] Site selector: anchor=INVOKE mode=EXACT target=top/maplex/incisiontest/fixture/OffsetFixture.helper(I)I ordinal=0 matches=1..1
[15:22:45 INFO]: [Incision-Test-1.0.0] [DEBUG] [Incision][DEBUG] register id=top.maplex.incisiontest.cases.SurgeonOffsetCases#onFirstHelperAfterOffset1@40 targets=[top/maplex/incisiontest/fixture/OffsetFixture.chain()I]
[15:22:45 INFO]: [Incision-Test-1.0.0] [DEBUG] [Incision][DEBUG] Site selector: anchor=INVOKE mode=EXACT target=top/maplex/incisiontest/fixture/OffsetFixture.helper(I)I ordinal=0 matches=1..1
[15:22:45 INFO]: [Incision-Test-1.0.0] [DEBUG] [Incision][DEBUG] register id=top.maplex.incisiontest.cases.SurgeonOffsetCases#onFirstHelperBeforeOffsetZero@41 targets=[top/maplex/incisiontest/fixture/OffsetFixture.chain()I]
[15:22:45 INFO]: [Incision-Test-1.0.0] [DEBUG] [Incision][DEBUG] Site selector: anchor=INVOKE mode=EXACT target=top/maplex/incisiontest/fixture/OffsetFixture.helper(I)I ordinal=-1 matches=1..-1
[15:22:45 INFO]: [Incision-Test-1.0.0] [DEBUG] [Incision][DEBUG] register id=top.maplex.incisiontest.cases.SurgeonOffsetCases#onAfterOffset1All@42 targets=[top/maplex/incisiontest/fixture/OffsetFixture.chainWithGap()I]
[15:22:45 INFO]: [Incision-Test-1.0.0] [DEBUG] [Incision][DEBUG] Site selector: anchor=INVOKE mode=EXACT target=top/maplex/incisiontest/fixture/OffsetFixture.helper(I)I ordinal=-1 matches=1..-1
[15:22:45 INFO]: [Incision-Test-1.0.0] [DEBUG] [Incision][DEBUG] register id=top.maplex.incisiontest.cases.SurgeonOffsetCases#onAfterOffset2All@43 targets=[top/maplex/incisiontest/fixture/OffsetFixture.chainWithGap()I]
[15:22:45 INFO]: [Incision-Test-1.0.0] [DEBUG] [Incision][DEBUG] Site selector: anchor=INVOKE mode=EXACT target=top/maplex/incisiontest/fixture/OffsetFixture.helper(I)I ordinal=-1 matches=1..-1
[15:22:45 INFO]: [Incision-Test-1.0.0] [DEBUG] [Incision][DEBUG] register id=top.maplex.incisiontest.cases.SurgeonOffsetCases#onBeforeNegOffset@44 targets=[top/maplex/incisiontest/fixture/OffsetFixture.chainWithGap()I]
[15:22:45 INFO]: [Incision-Test-1.0.0] [DEBUG] [Incision][DEBUG] Site selector: anchor=INVOKE mode=EXACT target=top/maplex/incisiontest/fixture/OffsetFixture.helper(I)I ordinal=0 matches=1..1
[15:22:45 INFO]: [Incision-Test-1.0.0] [DEBUG] [Incision][DEBUG] register id=top.maplex.incisiontest.cases.SurgeonOffsetCases#onOrdinal0AfterOffset1@45 targets=[top/maplex/incisiontest/fixture/OffsetFixture.chainWithGap()I]
[15:22:45 INFO]: [Incision-Test-1.0.0] [DEBUG] [Incision][DEBUG] Site selector: anchor=INVOKE mode=EXACT target=top/maplex/incisiontest/fixture/OffsetFixture.helper(I)I ordinal=2 matches=1..1
[15:22:45 INFO]: [Incision-Test-1.0.0] [DEBUG] [Incision][DEBUG] register id=top.maplex.incisiontest.cases.SurgeonOffsetCases#onOrdinal2AfterOffset2@46 targets=[top/maplex/incisiontest/fixture/OffsetFixture.chainWithGap()I]
[15:22:45 INFO]: [Incision-Test-1.0.0] [DEBUG] [Incision][DEBUG] Site selector: anchor=INVOKE mode=EXACT target=top/maplex/incisiontest/fixture/OffsetFixture.helper(I)I ordinal=-1 matches=1..-1
[15:22:45 INFO]: [Incision-Test-1.0.0] [DEBUG] [Incision][DEBUG] register id=top.maplex.incisiontest.cases.SurgeonOffsetCases#onAnyOrdinal@47 targets=[top/maplex/incisiontest/fixture/OffsetFixture.chain()I]
[15:22:45 INFO]: [Incision-Test-1.0.0] [DEBUG] [Incision][DEBUG] Site selector: anchor=INVOKE mode=EXACT target=top/maplex/incisiontest/fixture/OffsetFixture.helper(I)I ordinal=0 matches=1..1
[15:22:45 INFO]: [Incision-Test-1.0.0] [DEBUG] [Incision][DEBUG] register id=top.maplex.incisiontest.cases.SurgeonOffsetCases#onOffsetPlus5@48 targets=[top/maplex/incisiontest/fixture/OffsetFixture.chainWithGap()I]
[15:22:45 INFO]: [Incision-Test-1.0.0] [DEBUG] [Incision][DEBUG] Site selector: anchor=INVOKE mode=EXACT target=top/maplex/incisiontest/fixture/OffsetFixture.helper(I)I ordinal=1 matches=1..1
[15:22:45 INFO]: [Incision-Test-1.0.0] [DEBUG] [Incision][DEBUG] register id=top.maplex.incisiontest.cases.SurgeonOffsetCases#onOffsetMinus2@49 targets=[top/maplex/incisiontest/fixture/OffsetFixture.chainWithGap()I]
[15:22:45 INFO]: [Incision-Test-1.0.0] [DEBUG] [Incision][DEBUG] Site selector: anchor=INVOKE mode=EXACT target=top/maplex/incisiontest/fixture/OffsetFixture.helper(I)I ordinal=-1 matches=1..-1
[15:22:45 INFO]: [Incision-Test-1.0.0] [DEBUG] [Incision][DEBUG] register id=top.maplex.incisiontest.cases.SurgeonOffsetCases#onBeforeOffset2@50 targets=[top/maplex/incisiontest/fixture/OffsetFixture.chainWithGap()I]
[15:22:45 INFO]: [Incision-Test-1.0.0] [DEBUG] [Incision][DEBUG] Site selector: anchor=INVOKE mode=EXACT target=top/maplex/incisiontest/fixture/OffsetFixture.helper(I)I ordinal=-1 matches=1..-1
[15:22:45 INFO]: [Incision-Test-1.0.0] [DEBUG] [Incision][DEBUG] register id=top.maplex.incisiontest.cases.SurgeonOffsetCases#onAfterOffset0@51 targets=[top/maplex/incisiontest/fixture/OffsetFixture.chain()I]
[15:22:45 INFO]: [Incision-Test-1.0.0] [DEBUG] [Incision][DEBUG] Site selector: anchor=INVOKE mode=EXACT target=top/maplex/incisiontest/fixture/OffsetFixture.helper(I)I ordinal=1 matches=1..1
[15:22:45 INFO]: [Incision-Test-1.0.0] [DEBUG] [Incision][DEBUG] register id=top.maplex.incisiontest.cases.SurgeonOffsetCases#onOrdinal1AfterOffset1@52 targets=[top/maplex/incisiontest/fixture/OffsetFixture.chainWithGap()I]
[15:22:45 INFO]: [Incision-Test-1.0.0] [DEBUG] [Incision][DEBUG] Site selector: anchor=FIELD_GET mode=EXACT target=top/maplex/incisiontest/fixture/OffsetFixture.counterI ordinal=0 matches=1..1
[15:22:45 INFO]: [Incision-Test-1.0.0] [DEBUG] [Incision][DEBUG] register id=top.maplex.incisiontest.cases.SurgeonOffsetCases#onFieldGetOffset@53 targets=[top/maplex/incisiontest/fixture/OffsetFixture.chainWithGap()I]
[15:22:45 INFO]: [Incision-Test-1.0.0] [DEBUG] [Incision][DEBUG] Site selector: anchor=FIELD_PUT mode=EXACT target=top/maplex/incisiontest/fixture/OffsetFixture.counterI ordinal=0 matches=1..1
[15:22:45 INFO]: [Incision-Test-1.0.0] [DEBUG] [Incision][DEBUG] register id=top.maplex.incisiontest.cases.SurgeonOffsetCases#onFieldPutOffset@54 targets=[top/maplex/incisiontest/fixture/OffsetFixture.chainWithGap()I]
[15:22:45 INFO]: [Incision-Test-1.0.0] [DEBUG] [Incision][DEBUG] installWeaver status=PENDING_LOAD owner=top/maplex/incisiontest/fixture/OffsetFixture resolved=top/maplex/incisiontest/fixture/OffsetFixture advices=18 total=18 backend=JVMTI
[15:22:45 INFO]: [Incision-Test-1.0.0] [DEBUG] [Incision][DEBUG] Surgeon 扫描: top.maplex.incisiontest.cases.SurgeonOffsetCases → 18 suture / 18 advice
[15:22:45 INFO]: [Incision-Test-1.0.0] [DEBUG] [Incision][DEBUG] register id=top.maplex.incisiontest.cases.Pri0Surgeon#pri0@0 targets=[top/maplex/incisiontest/fixture/SurgeonPriorityExtremeFixture.threeSurgeonTarget()Ljava/util/List;]
[15:22:45 INFO]: [Incision-Test-1.0.0] [DEBUG] [Incision][DEBUG] installWeaver status=PENDING_LOAD owner=top/maplex/incisiontest/fixture/SurgeonPriorityExtremeFixture resolved=top/maplex/incisiontest/fixture/SurgeonPriorityExtremeFixture advices=1 total=1 backend=JVMTI
[15:22:45 INFO]: [Incision-Test-1.0.0] [DEBUG] [Incision][DEBUG] Surgeon 扫描: top.maplex.incisiontest.cases.Pri0Surgeon → 1 suture / 1 advice
[15:22:45 INFO]: [Incision-Test-1.0.0] [DEBUG] [Incision][DEBUG] register id=top.maplex.incisiontest.cases.SurgeonPriorityNegativeCases#adviceNegative@0 targets=[top/maplex/incisiontest/fixture/SurgeonPriorityFixture.pSharedTarget()Ljava/util/List;]
[15:22:45 INFO]: [Incision-Test-1.0.0] [DEBUG] [Incision][DEBUG] installWeaver status=PENDING_LOAD owner=top/maplex/incisiontest/fixture/SurgeonPriorityFixture resolved=top/maplex/incisiontest/fixture/SurgeonPriorityFixture advices=1 total=1 backend=JVMTI
[15:22:45 INFO]: [Incision-Test-1.0.0] [DEBUG] [Incision][DEBUG] Surgeon 扫描: top.maplex.incisiontest.cases.SurgeonPriorityNegativeCases → 1 suture / 1 advice
[15:22:45 INFO]: [Incision-Test-1.0.0] [DEBUG] [Incision][DEBUG] register id=top.maplex.incisiontest.cases.SurgeonAnchorMatrixPriorityOperation#opPriority200@10 targets=[top/maplex/incisiontest/fixture/AnchorMatrixFixture_Priority.priorityOperationTarget()Ljava/lang/String;]
[15:22:45 INFO]: [Incision-Test-1.0.0] [DEBUG] [Incision][DEBUG] register id=top.maplex.incisiontest.cases.SurgeonAnchorMatrixPriorityOperation#opPriority50@11 targets=[top/maplex/incisiontest/fixture/AnchorMatrixFixture_Priority.priorityOperationTarget()Ljava/lang/String;]
[15:22:45 INFO]: [Incision-Test-1.0.0] [DEBUG] [Incision][DEBUG] register id=top.maplex.incisiontest.cases.SurgeonAnchorMatrixPriorityOperation#opPriorityNeg10@12 targets=[top/maplex/incisiontest/fixture/AnchorMatrixFixture_Priority.priorityOperationTarget()Ljava/lang/String;]
[15:22:45 INFO]: [Incision-Test-1.0.0] [DEBUG] [Incision][DEBUG] register id=top.maplex.incisiontest.cases.SurgeonAnchorMatrixPriorityOperation#opPriorityDefault@13 targets=[top/maplex/incisiontest/fixture/AnchorMatrixFixture_Priority.priorityOperationTarget()Ljava/lang/String;]
[15:22:45 INFO]: [Incision-Test-1.0.0] [DEBUG] [Incision][DEBUG] installWeaver status=PENDING_LOAD owner=top/maplex/incisiontest/fixture/AnchorMatrixFixture_Priority resolved=top/maplex/incisiontest/fixture/AnchorMatrixFixture_Priority advices=4 total=5 backend=JVMTI
[15:22:45 INFO]: [Incision-Test-1.0.0] [DEBUG] [Incision][DEBUG] Surgeon 扫描: top.maplex.incisiontest.cases.SurgeonAnchorMatrixPriorityOperation → 4 suture / 4 advice
[15:22:45 INFO]: [Incision-Test-1.0.0] [DEBUG] [Incision][DEBUG] register id=top.maplex.incisiontest.cases.SurgeonAnchorMatrixPriorityHigh#highPriority@2 targets=[top/maplex/incisiontest/fixture/AnchorMatrixFixture_Priority.prioritySurgeonTarget()Ljava/lang/String;]
[15:22:45 INFO]: [Incision-Test-1.0.0] [DEBUG] [Incision][DEBUG] installWeaver status=PENDING_LOAD owner=top/maplex/incisiontest/fixture/AnchorMatrixFixture_Priority resolved=top/maplex/incisiontest/fixture/AnchorMatrixFixture_Priority advices=1 total=6 backend=JVMTI
[15:22:45 INFO]: [Incision-Test-1.0.0] [DEBUG] [Incision][DEBUG] Surgeon 扫描: top.maplex.incisiontest.cases.SurgeonAnchorMatrixPriorityHigh → 1 suture / 1 advice
[15:22:45 INFO]: [Incision-Test-1.0.0] [DEBUG] [Incision][DEBUG] register id=top.maplex.incisiontest.cases.SurgeonKotlinTargetCases#onCompanionOnly@8 targets=[top/maplex/incisiontest/fixture/SurgeonKotlinTargetFixture$Companion.companionOnlyEcho(Ljava/lang/String;)Ljava/lang/String;]
[15:22:45 INFO]: [Incision-Test-1.0.0] [DEBUG] [Incision][DEBUG] register id=top.maplex.incisiontest.cases.SurgeonKotlinTargetCases#onStaticOnly@9 targets=[top/maplex/incisiontest/fixture/SurgeonKotlinTargetFixture.staticOnlyEcho(Ljava/lang/String;)Ljava/lang/String;]
[15:22:45 INFO]: [Incision-Test-1.0.0] [DEBUG] [Incision][DEBUG] register id=top.maplex.incisiontest.cases.SurgeonKotlinTargetCases#both-static-path@10 targets=[top/maplex/incisiontest/fixture/SurgeonKotlinTargetFixture.bothEcho(Ljava/lang/String;)Ljava/lang/String;]
[15:22:45 INFO]: [Incision-Test-1.0.0] [DEBUG] [Incision][DEBUG] register id=top.maplex.incisiontest.cases.SurgeonKotlinTargetCases#both-companion-path@11 targets=[top/maplex/incisiontest/fixture/SurgeonKotlinTargetFixture$Companion.bothEcho(Ljava/lang/String;)Ljava/lang/String;]
[15:22:45 INFO]: [Incision-Test-1.0.0] [DEBUG] [Incision][DEBUG] installWeaver status=PENDING_LOAD owner=top/maplex/incisiontest/fixture/SurgeonKotlinTargetFixture$Companion resolved=top/maplex/incisiontest/fixture/SurgeonKotlinTargetFixture$Companion advices=2 total=2 backend=JVMTI
[15:22:45 INFO]: [Incision-Test-1.0.0] [DEBUG] [Incision][DEBUG] installWeaver status=PENDING_LOAD owner=top/maplex/incisiontest/fixture/SurgeonKotlinTargetFixture resolved=top/maplex/incisiontest/fixture/SurgeonKotlinTargetFixture advices=2 total=2 backend=JVMTI
[15:22:45 INFO]: [Incision-Test-1.0.0] [DEBUG] [Incision][DEBUG] Surgeon 扫描: top.maplex.incisiontest.cases.SurgeonKotlinTargetCases → 4 suture / 4 advice
[15:22:45 INFO]: [Incision-Test-1.0.0] [DEBUG] [Incision][DEBUG] register id=top.maplex.incisiontest.cases.Pri100Surgeon#pri100@0 targets=[top/maplex/incisiontest/fixture/SurgeonPriorityExtremeFixture.threeSurgeonTarget()Ljava/util/List;]
[15:22:45 INFO]: [Incision-Test-1.0.0] [DEBUG] [Incision][DEBUG] installWeaver status=PENDING_LOAD owner=top/maplex/incisiontest/fixture/SurgeonPriorityExtremeFixture resolved=top/maplex/incisiontest/fixture/SurgeonPriorityExtremeFixture advices=1 total=2 backend=JVMTI
[15:22:45 INFO]: [Incision-Test-1.0.0] [DEBUG] [Incision][DEBUG] Surgeon 扫描: top.maplex.incisiontest.cases.Pri100Surgeon → 1 suture / 1 advice
[15:22:45 INFO]: [Incision-Test-1.0.0] [DEBUG] [Incision][DEBUG] register id=top.maplex.incisiontest.cases.SurgeonPriorityMaxCases#adviceMax@2 targets=[top/maplex/incisiontest/fixture/SurgeonPriorityExtremeFixture.extremeMaxTarget()I]
[15:22:45 INFO]: [Incision-Test-1.0.0] [DEBUG] [Incision][DEBUG] installWeaver status=PENDING_LOAD owner=top/maplex/incisiontest/fixture/SurgeonPriorityExtremeFixture resolved=top/maplex/incisiontest/fixture/SurgeonPriorityExtremeFixture advices=1 total=3 backend=JVMTI
[15:22:45 INFO]: [Incision-Test-1.0.0] [DEBUG] [Incision][DEBUG] Surgeon 扫描: top.maplex.incisiontest.cases.SurgeonPriorityMaxCases → 1 suture / 1 advice
[15:22:45 INFO]: [Incision-Test-1.0.0] [DEBUG] [Incision][DEBUG] register id=top.maplex.incisiontest.cases.AdyeshachIntegrationCases#apiLead@12 targets=[ink/ptms/adyeshach/impl/DefaultAdyeshachAPI.getMinecraftAPI()Link/ptms/adyeshach/core/AdyeshachMinecraftAPI;]
[15:22:45 INFO]: [Incision-Test-1.0.0] [DEBUG] [Incision][DEBUG] register id=top.maplex.incisiontest.cases.AdyeshachIntegrationCases#apiTrail@13 targets=[ink/ptms/adyeshach/impl/DefaultAdyeshachAPI.getMinecraftAPI()Link/ptms/adyeshach/core/AdyeshachMinecraftAPI;]
[15:22:45 INFO]: [Incision-Test-1.0.0] [DEBUG] [Incision][DEBUG] register id=top.maplex.incisiontest.cases.AdyeshachIntegrationCases#literalLead@14 targets=[ink/ptms/adyeshach/impl/nms/DefaultMinecraftHelper.literalChatBaseComponent(Ljava/lang/String;)Ljava/lang/Object;]
[15:22:45 INFO]: [Incision-Test-1.0.0] [DEBUG] [Incision][DEBUG] register id=top.maplex.incisiontest.cases.AdyeshachIntegrationCases#literalTrail@15 targets=[ink/ptms/adyeshach/impl/nms/DefaultMinecraftHelper.literalChatBaseComponent(Ljava/lang/String;)Ljava/lang/Object;]
[15:22:45 INFO]: [Incision-Test-1.0.0] [DEBUG] [Incision][DEBUG] register id=top.maplex.incisiontest.cases.AdyeshachIntegrationCases#literalSplice@16 targets=[ink/ptms/adyeshach/impl/nms/DefaultMinecraftHelper.literalChatBaseComponent(Ljava/lang/String;)Ljava/lang/Object;]
[15:22:45 INFO]: [Incision-Test-1.0.0] [DEBUG] [Incision][DEBUG] Site selector: anchor=INVOKE mode=EXACT target=org/bukkit/craftbukkit/v1_16_R3/util/CraftChatMessage.fromString(Ljava/lang/String;)[Lnet/minecraft/server/v1_16_R3/IChatBaseComponent; ordinal=0 matches=1..1
[15:22:45 INFO]: [Incision-Test-1.0.0] [DEBUG] [Incision][DEBUG] register id=top.maplex.incisiontest.cases.AdyeshachIntegrationCases#craftChatInvoke@17 targets=[ink/ptms/adyeshach/impl/nms/DefaultMinecraftHelper.literalChatBaseComponent(Ljava/lang/String;)Ljava/lang/Object;]
[15:22:45 INFO]: [Incision-Test-1.0.0] [DEBUG] [Incision][DEBUG] JvmtiBackend.onClassFileLoad: ink/ptms/adyeshach/impl/DefaultAdyeshachAPI (1 transformers, 20238 bytes)
[15:22:45 INFO]: [Incision-Test-1.0.0] [DEBUG] [Incision][DEBUG] weave inject ink/ptms/adyeshach/impl/DefaultAdyeshachAPI.getMinecraftAPI()Link/ptms/adyeshach/core/AdyeshachMinecraftAPI; kinds=[LEAD, TRAIL] static=false
[15:22:45 INFO]: [Incision-Test-1.0.0] [DEBUG] [Incision][DEBUG] JvmtiBackend.onClassFileLoad: ink/ptms/adyeshach/impl/DefaultAdyeshachAPI → changed=true (20666 bytes)
[15:22:45 INFO]: [Incision-Test-1.0.0] [DEBUG] [Incision][DEBUG] JvmtiBackend.retransform ink.ptms.adyeshach.impl.DefaultAdyeshachAPI → true (loaded=1 transformed=1)
[15:22:45 INFO]: [Incision-Test-1.0.0] [DEBUG] [Incision][DEBUG] installWeaver status=INSTALLED owner=ink/ptms/adyeshach/impl/DefaultAdyeshachAPI resolved=ink/ptms/adyeshach/impl/DefaultAdyeshachAPI advices=2 total=2 backend=JVMTI
[15:22:45 INFO]: [Incision-Test-1.0.0] [DEBUG] [Incision][DEBUG] JvmtiBackend.onClassFileLoad: ink/ptms/adyeshach/impl/nms/DefaultMinecraftHelper (1 transformers, 18510 bytes)
[15:22:45 INFO]: [Incision-Test-1.0.0] [DEBUG] [Incision][DEBUG] weave inject ink/ptms/adyeshach/impl/nms/DefaultMinecraftHelper.literalChatBaseComponent(Ljava/lang/String;)Ljava/lang/Object; kinds=[SPLICE, LEAD, GRAFT, TRAIL] static=false
[15:22:45 WARN]: java.lang.ClassNotFoundException: ink.ptms.adyeshach.impl.nms.DefaultMinecraftHelper$$IncisionBodies
[15:22:45 WARN]: 	at org.bukkit.plugin.java.PluginClassLoader.loadClass0(PluginClassLoader.java:155)
[15:22:45 WARN]: 	at org.bukkit.plugin.java.PluginClassLoader.loadClass(PluginClassLoader.java:114)
[15:22:45 WARN]: 	at java.base/java.lang.ClassLoader.loadClass(ClassLoader.java:519)
[15:22:45 WARN]: 	at java.base/java.lang.Class.forName0(Native Method)
[15:22:45 WARN]: 	at java.base/java.lang.Class.forName(Class.java:466)
[15:22:45 WARN]: 	at ink.ptms.adyeshach.taboolib.module.nms.AsmClassLoader.findClass(AsmClassLoader.kt:9)
[15:22:45 WARN]: 	at java.base/java.lang.ClassLoader.loadClass(ClassLoader.java:586)
[15:22:45 WARN]: 	at java.base/java.lang.ClassLoader.loadClass(ClassLoader.java:519)
[15:22:45 WARN]: 	at java.base/java.lang.Class.forName0(Native Method)
[15:22:45 WARN]: 	at java.base/java.lang.Class.forName(Class.java:466)
[15:22:45 WARN]: 	at top.maplex.incisiontest.taboolib.module.incision.weaver.Scalpel.isClassDefined(Scalpel.kt:292)
[15:22:45 WARN]: 	at top.maplex.incisiontest.taboolib.module.incision.weaver.Scalpel.generateAndRegisterBodies(Scalpel.kt:245)
[15:22:45 WARN]: 	at top.maplex.incisiontest.taboolib.module.incision.weaver.Scalpel.weave(Scalpel.kt:68)
[15:22:45 WARN]: 	at top.maplex.incisiontest.taboolib.module.incision.dsl.Scalpel$installWeaver$installation$1.invoke(Scalpel.kt:196)
[15:22:45 WARN]: 	at top.maplex.incisiontest.taboolib.module.incision.dsl.Scalpel$installWeaver$installation$1.invoke(Scalpel.kt:196)
[15:22:45 WARN]: 	at top.maplex.incisiontest.taboolib.module.incision.loader.Backend$install$guarded$1.invoke(Backend.kt:47)
[15:22:45 WARN]: 	at top.maplex.incisiontest.taboolib.module.incision.loader.Backend$install$guarded$1.invoke(Backend.kt:44)
[15:22:45 WARN]: 	at top.maplex.incisiontest.taboolib.module.incision.loader.JvmtiBackend.onClassFileLoad(JvmtiBackend.kt:80)
[15:22:45 WARN]: 	at top.maplex.incisiontest.taboolib.module.incision.loader.JvmtiBackend.nRetransformByName(Native Method)
[15:22:45 WARN]: 	at top.maplex.incisiontest.taboolib.module.incision.loader.JvmtiBackend.retransform(JvmtiBackend.kt:55)
[15:22:45 WARN]: 	at top.maplex.incisiontest.taboolib.module.incision.loader.Backend.install(Backend.kt:57)
[15:22:45 WARN]: 	at top.maplex.incisiontest.taboolib.module.incision.dsl.Scalpel.installWeaver$incision(Scalpel.kt:196)
[15:22:45 WARN]: 	at top.maplex.incisiontest.taboolib.module.incision.loader.SurgeonScanner.visitEnd(SurgeonScanner.kt:128)
[15:22:45 WARN]: 	at top.maplex.incisiontest.taboolib.common.inject.ClassVisitorHandler.injectSingleVisitor(ClassVisitorHandler.java:323)
[15:22:45 WARN]: 	at top.maplex.incisiontest.taboolib.common.inject.ClassVisitorHandler.injectAll(ClassVisitorHandler.java:286)
[15:22:45 WARN]: 	at top.maplex.incisiontest.taboolib.common.inject.ClassVisitorHandler.lambda$init$0(ClassVisitorHandler.java:43)
[15:22:45 WARN]: 	at top.maplex.incisiontest.taboolib.common.TabooLib$2.run(TabooLib.java:119)
[15:22:45 WARN]: 	at top.maplex.incisiontest.taboolib.common.TabooLib.lambda$lifeCycle$0(TabooLib.java:86)
[15:22:45 WARN]: 	at top.maplex.incisiontest.taboolib.common.TabooLib.execution(TabooLib.java:228)
[15:22:45 WARN]: 	at top.maplex.incisiontest.taboolib.common.TabooLib.lifeCycle(TabooLib.java:79)
[15:22:45 WARN]: 	at top.maplex.incisiontest.taboolib.platform.BukkitPlugin.lambda$static$0(BukkitPlugin.java:73)
[15:22:45 WARN]: 	at top.maplex.incisiontest.taboolib.common.TabooLib.execution(TabooLib.java:228)
[15:22:45 WARN]: 	at top.maplex.incisiontest.taboolib.platform.BukkitPlugin.<clinit>(BukkitPlugin.java:38)
[15:22:45 WARN]: 	at java.base/java.lang.Class.forName0(Native Method)
[15:22:45 WARN]: 	at java.base/java.lang.Class.forName(Class.java:466)
[15:22:45 WARN]: 	at org.bukkit.plugin.java.PluginClassLoader.<init>(PluginClassLoader.java:82)
[15:22:45 WARN]: 	at org.bukkit.plugin.java.JavaPluginLoader.loadPlugin(JavaPluginLoader.java:153)
[15:22:45 WARN]: 	at org.bukkit.plugin.SimplePluginManager.loadPlugin(SimplePluginManager.java:414)
[15:22:45 WARN]: 	at org.bukkit.plugin.SimplePluginManager.loadPlugins(SimplePluginManager.java:322)
[15:22:45 WARN]: 	at org.bukkit.craftbukkit.v1_16_R3.CraftServer.loadPlugins(CraftServer.java:393)
[15:22:45 WARN]: 	at net.minecraft.server.v1_16_R3.DedicatedServer.init(DedicatedServer.java:269)
[15:22:45 WARN]: 	at net.minecraft.server.v1_16_R3.MinecraftServer.w(MinecraftServer.java:1074)
[15:22:45 WARN]: 	at net.minecraft.server.v1_16_R3.MinecraftServer.lambda$a$0(MinecraftServer.java:291)
[15:22:45 WARN]: 	at java.base/java.lang.Thread.run(Thread.java:831)
[15:22:45 WARN]: java.lang.ClassNotFoundException: ink.ptms.adyeshach.impl.nms.DefaultMinecraftHelper$$IncisionBodies
[15:22:45 WARN]: 	at org.bukkit.plugin.java.PluginClassLoader.loadClass0(PluginClassLoader.java:155)
[15:22:45 WARN]: 	at org.bukkit.plugin.java.PluginClassLoader.loadClass(PluginClassLoader.java:114)
[15:22:45 WARN]: 	at java.base/java.lang.ClassLoader.loadClass(ClassLoader.java:519)
[15:22:45 WARN]: 	at java.base/java.lang.Class.forName0(Native Method)
[15:22:45 WARN]: 	at java.base/java.lang.Class.forName(Class.java:466)
[15:22:45 WARN]: 	at ink.ptms.adyeshach.taboolib.module.nms.AsmClassLoader.findClass(AsmClassLoader.kt:9)
[15:22:45 WARN]: 	at java.base/java.lang.ClassLoader.loadClass(ClassLoader.java:586)
[15:22:45 WARN]: 	at java.base/java.lang.ClassLoader.loadClass(ClassLoader.java:519)
[15:22:45 WARN]: 	at java.base/java.lang.Class.forName0(Native Method)
[15:22:45 WARN]: 	at java.base/java.lang.Class.forName(Class.java:466)
[15:22:45 WARN]: 	at top.maplex.incisiontest.taboolib.module.incision.weaver.Scalpel.isClassDefined(Scalpel.kt:292)
[15:22:45 WARN]: 	at top.maplex.incisiontest.taboolib.module.incision.weaver.Scalpel.defineBodiesInTargetLoader(Scalpel.kt:285)
[15:22:45 WARN]: 	at top.maplex.incisiontest.taboolib.module.incision.weaver.Scalpel.generateAndRegisterBodies(Scalpel.kt:261)
[15:22:45 WARN]: 	at top.maplex.incisiontest.taboolib.module.incision.weaver.Scalpel.weave(Scalpel.kt:68)
[15:22:45 WARN]: 	at top.maplex.incisiontest.taboolib.module.incision.dsl.Scalpel$installWeaver$installation$1.invoke(Scalpel.kt:196)
[15:22:45 WARN]: 	at top.maplex.incisiontest.taboolib.module.incision.dsl.Scalpel$installWeaver$installation$1.invoke(Scalpel.kt:196)
[15:22:45 WARN]: 	at top.maplex.incisiontest.taboolib.module.incision.loader.Backend$install$guarded$1.invoke(Backend.kt:47)
[15:22:45 WARN]: 	at top.maplex.incisiontest.taboolib.module.incision.loader.Backend$install$guarded$1.invoke(Backend.kt:44)
[15:22:45 WARN]: 	at top.maplex.incisiontest.taboolib.module.incision.loader.JvmtiBackend.onClassFileLoad(JvmtiBackend.kt:80)
[15:22:45 WARN]: 	at top.maplex.incisiontest.taboolib.module.incision.loader.JvmtiBackend.nRetransformByName(Native Method)
[15:22:45 WARN]: 	at top.maplex.incisiontest.taboolib.module.incision.loader.JvmtiBackend.retransform(JvmtiBackend.kt:55)
[15:22:45 WARN]: 	at top.maplex.incisiontest.taboolib.module.incision.loader.Backend.install(Backend.kt:57)
[15:22:45 WARN]: 	at top.maplex.incisiontest.taboolib.module.incision.dsl.Scalpel.installWeaver$incision(Scalpel.kt:196)
[15:22:45 WARN]: 	at top.maplex.incisiontest.taboolib.module.incision.loader.SurgeonScanner.visitEnd(SurgeonScanner.kt:128)
[15:22:45 WARN]: 	at top.maplex.incisiontest.taboolib.common.inject.ClassVisitorHandler.injectSingleVisitor(ClassVisitorHandler.java:323)
[15:22:45 WARN]: 	at top.maplex.incisiontest.taboolib.common.inject.ClassVisitorHandler.injectAll(ClassVisitorHandler.java:286)
[15:22:45 WARN]: 	at top.maplex.incisiontest.taboolib.common.inject.ClassVisitorHandler.lambda$init$0(ClassVisitorHandler.java:43)
[15:22:45 WARN]: 	at top.maplex.incisiontest.taboolib.common.TabooLib$2.run(TabooLib.java:119)
[15:22:45 WARN]: 	at top.maplex.incisiontest.taboolib.common.TabooLib.lambda$lifeCycle$0(TabooLib.java:86)
[15:22:45 WARN]: 	at top.maplex.incisiontest.taboolib.common.TabooLib.execution(TabooLib.java:228)
[15:22:45 WARN]: 	at top.maplex.incisiontest.taboolib.common.TabooLib.lifeCycle(TabooLib.java:79)
[15:22:45 WARN]: 	at top.maplex.incisiontest.taboolib.platform.BukkitPlugin.lambda$static$0(BukkitPlugin.java:73)
[15:22:45 WARN]: 	at top.maplex.incisiontest.taboolib.common.TabooLib.execution(TabooLib.java:228)
[15:22:45 WARN]: 	at top.maplex.incisiontest.taboolib.platform.BukkitPlugin.<clinit>(BukkitPlugin.java:38)
[15:22:45 WARN]: 	at java.base/java.lang.Class.forName0(Native Method)
[15:22:45 WARN]: 	at java.base/java.lang.Class.forName(Class.java:466)
[15:22:45 WARN]: 	at org.bukkit.plugin.java.PluginClassLoader.<init>(PluginClassLoader.java:82)
[15:22:45 WARN]: 	at org.bukkit.plugin.java.JavaPluginLoader.loadPlugin(JavaPluginLoader.java:153)
[15:22:45 WARN]: 	at org.bukkit.plugin.SimplePluginManager.loadPlugin(SimplePluginManager.java:414)
[15:22:45 WARN]: 	at org.bukkit.plugin.SimplePluginManager.loadPlugins(SimplePluginManager.java:322)
[15:22:45 WARN]: 	at org.bukkit.craftbukkit.v1_16_R3.CraftServer.loadPlugins(CraftServer.java:393)
[15:22:45 WARN]: 	at net.minecraft.server.v1_16_R3.DedicatedServer.init(DedicatedServer.java:269)
[15:22:45 WARN]: 	at net.minecraft.server.v1_16_R3.MinecraftServer.w(MinecraftServer.java:1074)
[15:22:45 WARN]: 	at net.minecraft.server.v1_16_R3.MinecraftServer.lambda$a$0(MinecraftServer.java:291)
[15:22:45 WARN]: 	at java.base/java.lang.Thread.run(Thread.java:831)
[15:22:45 INFO]: [Incision-Test-1.0.0] [DEBUG] [Incision][DEBUG] JvmtiBackend.defineClass: ink.ptms.adyeshach.impl.nms.DefaultMinecraftHelper$$IncisionBodies in ink.ptms.adyeshach.taboolib.module.nms.AsmClassLoader@61a8b23d
[15:22:45 INFO]: [Incision-Test-1.0.0] [DEBUG] [Incision][DEBUG] Bodies class defined in target loader: ink.ptms.adyeshach.impl.nms.DefaultMinecraftHelper$$IncisionBodies loader=ink.ptms.adyeshach.taboolib.module.nms.AsmClassLoader
[15:22:45 INFO]: [Incision-Test-1.0.0] [DEBUG] [Incision][DEBUG] JvmtiBackend.onClassFileLoad: ink/ptms/adyeshach/impl/nms/DefaultMinecraftHelper → changed=true (19426 bytes)
[15:22:45 INFO]: [Incision-Test-1.0.0] [DEBUG] [Incision][DEBUG] JvmtiBackend.retransform ink.ptms.adyeshach.impl.nms.DefaultMinecraftHelper → true (loaded=1 transformed=1)
[15:22:45 INFO]: [Incision-Test-1.0.0] [DEBUG] [Incision][DEBUG] installWeaver status=INSTALLED owner=ink/ptms/adyeshach/impl/nms/DefaultMinecraftHelper resolved=ink/ptms/adyeshach/impl/nms/DefaultMinecraftHelper advices=4 total=4 backend=JVMTI
[15:22:45 INFO]: [Incision-Test-1.0.0] [DEBUG] [Incision][DEBUG] Surgeon 扫描: top.maplex.incisiontest.cases.AdyeshachIntegrationCases → 6 suture / 6 advice
[15:22:45 INFO]: [Incision-Test-1.0.0] [DEBUG] [Incision][DEBUG] register id=top.maplex.incisiontest.cases.OperationEnabledPriorityCases#aTNeg10@19 targets=[top/maplex/incisiontest/fixture/OperationEnabledPriorityFixture.cellTPriNeg10()I]
[15:22:45 INFO]: [Incision-Test-1.0.0] [DEBUG] [Incision][DEBUG] register id=top.maplex.incisiontest.cases.OperationEnabledPriorityCases#aT0@20 targets=[top/maplex/incisiontest/fixture/OperationEnabledPriorityFixture.cellTPri0()I]
[15:22:45 INFO]: [Incision-Test-1.0.0] [DEBUG] [Incision][DEBUG] register id=top.maplex.incisiontest.cases.OperationEnabledPriorityCases#aT5@21 targets=[top/maplex/incisiontest/fixture/OperationEnabledPriorityFixture.cellTPri5()I]
[15:22:45 INFO]: [Incision-Test-1.0.0] [DEBUG] [Incision][DEBUG] register id=top.maplex.incisiontest.cases.OperationEnabledPriorityCases#aT100@22 targets=[top/maplex/incisiontest/fixture/OperationEnabledPriorityFixture.cellTPri100()I]
[15:22:45 INFO]: [Incision-Test-1.0.0] [DEBUG] [Incision][DEBUG] register id=top.maplex.incisiontest.cases.OperationEnabledPriorityCases#aFNeg10@23 targets=[top/maplex/incisiontest/fixture/OperationEnabledPriorityFixture.cellFPriNeg10()I]
[15:22:45 INFO]: [Incision-Test-1.0.0] [DEBUG] [Incision][DEBUG] register id=top.maplex.incisiontest.cases.OperationEnabledPriorityCases#aF0@24 targets=[top/maplex/incisiontest/fixture/OperationEnabledPriorityFixture.cellFPri0()I]
[15:22:45 INFO]: [Incision-Test-1.0.0] [DEBUG] [Incision][DEBUG] register id=top.maplex.incisiontest.cases.OperationEnabledPriorityCases#aF5@25 targets=[top/maplex/incisiontest/fixture/OperationEnabledPriorityFixture.cellFPri5()I]
[15:22:45 INFO]: [Incision-Test-1.0.0] [DEBUG] [Incision][DEBUG] register id=top.maplex.incisiontest.cases.OperationEnabledPriorityCases#aF100@26 targets=[top/maplex/incisiontest/fixture/OperationEnabledPriorityFixture.cellFPri100()I]
[15:22:45 INFO]: [Incision-Test-1.0.0] [DEBUG] [Incision][DEBUG] register id=top.maplex.incisiontest.cases.OperationEnabledPriorityCases#same-pri-first@27 targets=[top/maplex/incisiontest/fixture/OperationEnabledPriorityFixture.samePriorityTarget()Ljava/util/List;]
[15:22:45 INFO]: [Incision-Test-1.0.0] [DEBUG] [Incision][DEBUG] register id=top.maplex.incisiontest.cases.OperationEnabledPriorityCases#same-pri-second@28 targets=[top/maplex/incisiontest/fixture/OperationEnabledPriorityFixture.samePriorityTarget()Ljava/util/List;]
[15:22:45 INFO]: [Incision-Test-1.0.0] [DEBUG] [Incision][DEBUG] register id=top.maplex.incisiontest.cases.OperationEnabledPriorityCases#cycle-advice@29 targets=[top/maplex/incisiontest/fixture/OperationEnabledPriorityFixture.cycleTarget()I]
[15:22:45 INFO]: [Incision-Test-1.0.0] [DEBUG] [Incision][DEBUG] installWeaver status=PENDING_LOAD owner=top/maplex/incisiontest/fixture/OperationEnabledPriorityFixture resolved=top/maplex/incisiontest/fixture/OperationEnabledPriorityFixture advices=11 total=11 backend=JVMTI
[15:22:45 INFO]: [Incision-Test-1.0.0] [DEBUG] [Incision][DEBUG] Surgeon 扫描: top.maplex.incisiontest.cases.OperationEnabledPriorityCases → 11 suture / 11 advice
[15:22:45 INFO]: [Incision-Test-1.0.0] [DEBUG] [Incision][DEBUG] resolveOwner: net/minecraft/server/MinecraftServer → net/minecraft/server/v1_16_R3/MinecraftServer
[15:22:45 INFO]: [Incision-Test-1.0.0] [DEBUG] [Incision][DEBUG] resolveOwner: net/minecraft/server/dedicated/DedicatedServer → net/minecraft/server/v1_16_R3/DedicatedServer
[15:22:45 INFO]: [Incision-Test-1.0.0] [DEBUG] [Incision][DEBUG] resolveOwner: net/minecraft/server/MinecraftServer → net/minecraft/server/v1_16_R3/MinecraftServer
[15:22:45 INFO]: [Incision-Test-1.0.0] [DEBUG] [Incision][DEBUG] resolveOwner: net/minecraft/server/dedicated/DedicatedServer → net/minecraft/server/v1_16_R3/DedicatedServer
[15:22:45 INFO]: [Incision-Test-1.0.0] [DEBUG] [Incision][DEBUG] register id=top.maplex.incisiontest.cases.SurgeonCrossClCases#onIsHardcore@4 targets=[net/minecraft/server/v1_16_R3/MinecraftServer.isHardcore()Z, net/minecraft/server/v1_16_R3/DedicatedServer.isHardcore()Z]
[15:22:45 INFO]: [Incision-Test-1.0.0] [DEBUG] [Incision][DEBUG] resolveOwner: net/minecraft/server/MinecraftServer → net/minecraft/server/v1_16_R3/MinecraftServer
[15:22:45 INFO]: [Incision-Test-1.0.0] [DEBUG] [Incision][DEBUG] resolveOwner: net/minecraft/server/MinecraftServer → net/minecraft/server/v1_16_R3/MinecraftServer
[15:22:45 INFO]: [Incision-Test-1.0.0] [DEBUG] [Incision][DEBUG] register id=top.maplex.incisiontest.cases.SurgeonCrossClCases#onGetPlayerCount@5 targets=[net/minecraft/server/v1_16_R3/MinecraftServer.getPlayerCount()I]
[15:22:45 INFO]: [Incision-Test-1.0.0] [DEBUG] [Incision][DEBUG] register id=top.maplex.incisiontest.cases.SurgeonCrossClCases#onGetMaxPlayers@8 targets=[org/bukkit/Bukkit.getMaxPlayers()I]
[15:22:45 INFO]: [Incision-Test-1.0.0] [DEBUG] [Incision][DEBUG] JvmtiBackend.onClassFileLoad: net/minecraft/server/v1_16_R3/MinecraftServer (1 transformers, 98228 bytes)
[15:22:45 INFO]: [Incision-Test-1.0.0] [DEBUG] [Incision][DEBUG] weave inject net/minecraft/server/v1_16_R3/MinecraftServer.isHardcore()Z kinds=[LEAD] static=false
[15:22:45 INFO]: [Incision-Test-1.0.0] [DEBUG] [Incision][DEBUG] weave inject net/minecraft/server/v1_16_R3/MinecraftServer.getPlayerCount()I kinds=[LEAD] static=false
[15:22:45 INFO]: [Incision-Test-1.0.0] [DEBUG] [Incision][DEBUG] JvmtiBackend.onClassFileLoad: net/minecraft/server/v1_16_R3/MinecraftServer → changed=true (98629 bytes)
[15:22:45 INFO]: [Incision-Test-1.0.0] [DEBUG] [Incision][DEBUG] JvmtiBackend.retransform net.minecraft.server.v1_16_R3.MinecraftServer → true (loaded=1 transformed=1)
[15:22:45 INFO]: [Incision-Test-1.0.0] [DEBUG] [Incision][DEBUG] installWeaver status=INSTALLED owner=net/minecraft/server/v1_16_R3/MinecraftServer resolved=net/minecraft/server/v1_16_R3/MinecraftServer advices=2 total=2 backend=JVMTI
[15:22:45 INFO]: [Incision-Test-1.0.0] [DEBUG] [Incision][DEBUG] JvmtiBackend.onClassFileLoad: net/minecraft/server/v1_16_R3/DedicatedServer (1 transformers, 34007 bytes)
[15:22:45 INFO]: [Incision-Test-1.0.0] [DEBUG] [Incision][DEBUG] weave inject net/minecraft/server/v1_16_R3/DedicatedServer.isHardcore()Z kinds=[LEAD] static=false
[15:22:45 INFO]: [Incision-Test-1.0.0] [DEBUG] [Incision][DEBUG] JvmtiBackend.onClassFileLoad: net/minecraft/server/v1_16_R3/DedicatedServer → changed=true (34252 bytes)
[15:22:45 INFO]: [Incision-Test-1.0.0] [DEBUG] [Incision][DEBUG] JvmtiBackend.retransform net.minecraft.server.v1_16_R3.DedicatedServer → true (loaded=1 transformed=1)
[15:22:45 INFO]: [Incision-Test-1.0.0] [DEBUG] [Incision][DEBUG] installWeaver status=INSTALLED owner=net/minecraft/server/v1_16_R3/DedicatedServer resolved=net/minecraft/server/v1_16_R3/DedicatedServer advices=1 total=1 backend=JVMTI
[15:22:45 INFO]: [Incision-Test-1.0.0] [DEBUG] [Incision][DEBUG] JvmtiBackend.onClassFileLoad: org/bukkit/Bukkit (1 transformers, 21636 bytes)
[15:22:45 INFO]: [Incision-Test-1.0.0] [DEBUG] [Incision][DEBUG] weave inject org/bukkit/Bukkit.getMaxPlayers()I kinds=[LEAD] static=true
[15:22:45 INFO]: [Incision-Test-1.0.0] [DEBUG] [Incision][DEBUG] JvmtiBackend.onClassFileLoad: org/bukkit/Bukkit → changed=true (21856 bytes)
[15:22:45 INFO]: [Incision-Test-1.0.0] [DEBUG] [Incision][DEBUG] JvmtiBackend.retransform org.bukkit.Bukkit → true (loaded=1 transformed=1)
[15:22:45 INFO]: [Incision-Test-1.0.0] [DEBUG] [Incision][DEBUG] installWeaver status=INSTALLED owner=org/bukkit/Bukkit resolved=org/bukkit/Bukkit advices=1 total=1 backend=JVMTI
[15:22:45 INFO]: [Incision-Test-1.0.0] [DEBUG] [Incision][DEBUG] Surgeon 扫描: top.maplex.incisiontest.cases.SurgeonCrossClCases → 3 suture / 4 advice
[15:22:45 INFO]: [Incision-Test-1.0.0] [DEBUG] [Incision][DEBUG] register id=top.maplex.incisiontest.cases.SurgeonAdvancedCases#onReturnsBoolExcise@4 targets=[top/maplex/incisiontest/fixture/SurgeonAdvancedTargetFixture.returnsBoolean(Z)Z]
[15:22:45 INFO]: [Incision-Test-1.0.0] [DEBUG] [Incision][DEBUG] register id=top.maplex.incisiontest.cases.SurgeonAdvancedCases#onLongCalcBypass@5 targets=[top/maplex/incisiontest/fixture/SurgeonAdvancedTargetFixture.longCalc(JJ)J]
[15:22:45 INFO]: [Incision-Test-1.0.0] [DEBUG] [Incision][DEBUG] installWeaver status=PENDING_LOAD owner=top/maplex/incisiontest/fixture/SurgeonAdvancedTargetFixture resolved=top/maplex/incisiontest/fixture/SurgeonAdvancedTargetFixture advices=2 total=2 backend=JVMTI
[15:22:45 INFO]: [Incision-Test-1.0.0] [DEBUG] [Incision][DEBUG] Surgeon 扫描: top.maplex.incisiontest.cases.SurgeonAdvancedCases → 2 suture / 2 advice
[15:22:45 INFO]: [Incision-Test-1.0.0] [DEBUG] [Incision][DEBUG] register id=top.maplex.incisiontest.cases.AccessorTheatreDslCases#onDescribe@6 targets=[top/maplex/incisiontest/fixture/AccessorChildFixture.describe()Ljava/lang/String;]
[15:22:45 INFO]: [Incision-Test-1.0.0] [DEBUG] [Incision][DEBUG] installWeaver status=PENDING_LOAD owner=top/maplex/incisiontest/fixture/AccessorChildFixture resolved=top/maplex/incisiontest/fixture/AccessorChildFixture advices=1 total=1 backend=JVMTI
[15:22:45 INFO]: [Incision-Test-1.0.0] [DEBUG] [Incision][DEBUG] Surgeon 扫描: top.maplex.incisiontest.cases.AccessorTheatreDslCases → 1 suture / 1 advice
[15:22:45 INFO]: [Incision-Test-1.0.0] [DEBUG] [Incision][DEBUG] register id=top.maplex.incisiontest.cases.SurgeonAnchorMatrixScopeCases#leadFullDescriptor@20 targets=[top/maplex/incisiontest/fixture/AnchorMatrixFixture_Scope.scopeMethodFull(Ljava/lang/String;)Ljava/lang/String;]
[15:22:45 INFO]: [Incision-Test-1.0.0] [DEBUG] [Incision][DEBUG] register id=top.maplex.incisiontest.cases.SurgeonAnchorMatrixScopeCases#leadWildArgs@21 targets=[top/maplex/incisiontest/fixture/AnchorMatrixFixture_Scope.scopeMethodWild(*)*]
[15:22:45 INFO]: [Incision-Test-1.0.0] [DEBUG] [Incision][DEBUG] register id=top.maplex.incisiontest.cases.SurgeonAnchorMatrixScopeCases#leadExactTarget@22 targets=[top/maplex/incisiontest/fixture/AnchorMatrixFixture_Scope.scopeStarTarget()Ljava/lang/String;]
[15:22:45 INFO]: [Incision-Test-1.0.0] [DEBUG] [Incision][DEBUG] register id=top.maplex.incisiontest.cases.SurgeonAnchorMatrixScopeCases#trailClassAndMethodA@23 targets=[top/maplex/incisiontest/fixture/AnchorMatrixFixture_Scope.scopeClassA()I]
[15:22:45 INFO]: [Incision-Test-1.0.0] [DEBUG] [Incision][DEBUG] register id=top.maplex.incisiontest.cases.SurgeonAnchorMatrixScopeCases#trailClassAndMethodB@24 targets=[top/maplex/incisiontest/fixture/AnchorMatrixFixture_Scope.scopeClassB()I]
[15:22:45 INFO]: [Incision-Test-1.0.0] [DEBUG] [Incision][DEBUG] register id=top.maplex.incisiontest.cases.SurgeonAnchorMatrixScopeCases#spliceFull@25 targets=[top/maplex/incisiontest/fixture/AnchorMatrixFixture_Scope.scopeShorthandArgs(Ljava/lang/String;I)Ljava/lang/String;]
[15:22:45 INFO]: [Incision-Test-1.0.0] [DEBUG] [Incision][DEBUG] Site selector: anchor=INVOKE mode=EXACT target=top/maplex/incisiontest/fixture/AnchorMatrixFixture_Scope.inner1()I ordinal=0 matches=1..1
[15:22:45 INFO]: [Incision-Test-1.0.0] [DEBUG] [Incision][DEBUG] register id=top.maplex.incisiontest.cases.SurgeonAnchorMatrixScopeCases#bypassFullDescriptor@26 targets=[top/maplex/incisiontest/fixture/AnchorMatrixFixture_Scope.scopeInvokeHelper()I]
[15:22:45 INFO]: [Incision-Test-1.0.0] [DEBUG] [Incision][DEBUG] Site selector: anchor=INVOKE mode=EXACT target=top/maplex/incisiontest/fixture/AnchorMatrixFixture_Scope.inner2()I ordinal=0 matches=1..1
[15:22:45 INFO]: [Incision-Test-1.0.0] [DEBUG] [Incision][DEBUG] register id=top.maplex.incisiontest.cases.SurgeonAnchorMatrixScopeCases#graftFullDescriptor@27 targets=[top/maplex/incisiontest/fixture/AnchorMatrixFixture_Scope.scopeInvokeHelper()I]
[15:22:45 INFO]: [Incision-Test-1.0.0] [DEBUG] [Incision][DEBUG] Site selector: anchor=HEAD mode=EXACT target=. ordinal=0 matches=1..1
[15:22:45 INFO]: [Incision-Test-1.0.0] [DEBUG] [Incision][DEBUG] register id=top.maplex.incisiontest.cases.SurgeonAnchorMatrixScopeCases#trimFullDescriptor@28 targets=[top/maplex/incisiontest/fixture/AnchorMatrixFixture_Scope.scopeTrimArgs(Ljava/lang/String;I)Ljava/lang/String;]
[15:22:45 INFO]: [Incision-Test-1.0.0] [DEBUG] [Incision][DEBUG] installWeaver status=PENDING_LOAD owner=top/maplex/incisiontest/fixture/AnchorMatrixFixture_Scope resolved=top/maplex/incisiontest/fixture/AnchorMatrixFixture_Scope advices=9 total=9 backend=JVMTI
[15:22:45 INFO]: [Incision-Test-1.0.0] [DEBUG] [Incision][DEBUG] Surgeon 扫描: top.maplex.incisiontest.cases.SurgeonAnchorMatrixScopeCases → 9 suture / 9 advice
[15:22:45 INFO]: [Incision-Test-1.0.0] [DEBUG] [Incision][DEBUG] register id=top.maplex.incisiontest.cases.SurgeonAnchorMatrixCases#headLead@42 targets=[top/maplex/incisiontest/fixture/AnchorMatrixFixture.matrixSimpleReturn()Ljava/lang/String;]
[15:22:45 INFO]: [Incision-Test-1.0.0] [DEBUG] [Incision][DEBUG] register id=top.maplex.incisiontest.cases.SurgeonAnchorMatrixCases#tailTrailNormal@43 targets=[top/maplex/incisiontest/fixture/AnchorMatrixFixture.matrixSimpleReturn()Ljava/lang/String;]
[15:22:45 INFO]: [Incision-Test-1.0.0] [DEBUG] [Incision][DEBUG] register id=top.maplex.incisiontest.cases.SurgeonAnchorMatrixCases#trailMultiReturn@44 targets=[top/maplex/incisiontest/fixture/AnchorMatrixFixture.matrixMultiReturn(Z)I]
[15:22:45 INFO]: [Incision-Test-1.0.0] [DEBUG] [Incision][DEBUG] register id=top.maplex.incisiontest.cases.SurgeonAnchorMatrixCases#trailOnThrow@45 targets=[top/maplex/incisiontest/fixture/AnchorMatrixFixture.matrixThrowUncaught(Z)Ljava/lang/String;]
[15:22:45 INFO]: [Incision-Test-1.0.0] [DEBUG] [Incision][DEBUG] Site selector: anchor=INVOKE mode=EXACT target=top/maplex/incisiontest/fixture/AnchorMatrixFixture.helperA(I)I ordinal=0 matches=1..1
[15:22:45 INFO]: [Incision-Test-1.0.0] [DEBUG] [Incision][DEBUG] register id=top.maplex.incisiontest.cases.SurgeonAnchorMatrixCases#graftInvokeBefore0@46 targets=[top/maplex/incisiontest/fixture/AnchorMatrixFixture.matrixInvokeChain(I)I]
[15:22:45 INFO]: [Incision-Test-1.0.0] [DEBUG] [Incision][DEBUG] Site selector: anchor=INVOKE mode=EXACT target=top/maplex/incisiontest/fixture/AnchorMatrixFixture.helperA(I)I ordinal=1 matches=1..1
[15:22:45 INFO]: [Incision-Test-1.0.0] [DEBUG] [Incision][DEBUG] register id=top.maplex.incisiontest.cases.SurgeonAnchorMatrixCases#graftInvokeBefore1@47 targets=[top/maplex/incisiontest/fixture/AnchorMatrixFixture.matrixInvokeChain(I)I]
[15:22:45 INFO]: [Incision-Test-1.0.0] [DEBUG] [Incision][DEBUG] Site selector: anchor=INVOKE mode=EXACT target=top/maplex/incisiontest/fixture/AnchorMatrixFixture.helperA(I)I ordinal=-1 matches=1..-1
[15:22:45 INFO]: [Incision-Test-1.0.0] [DEBUG] [Incision][DEBUG] register id=top.maplex.incisiontest.cases.SurgeonAnchorMatrixCases#graftInvokeBeforeAll@48 targets=[top/maplex/incisiontest/fixture/AnchorMatrixFixture.matrixInvokeChain(I)I]
[15:22:45 INFO]: [Incision-Test-1.0.0] [DEBUG] [Incision][DEBUG] Site selector: anchor=INVOKE mode=EXACT target=top/maplex/incisiontest/fixture/AnchorMatrixFixture.helperA(I)I ordinal=0 matches=1..1
[15:22:45 INFO]: [Incision-Test-1.0.0] [DEBUG] [Incision][DEBUG] register id=top.maplex.incisiontest.cases.SurgeonAnchorMatrixCases#graftInvokeAfter0@49 targets=[top/maplex/incisiontest/fixture/AnchorMatrixFixture.matrixInvokeChain(I)I]
[15:22:45 INFO]: [Incision-Test-1.0.0] [DEBUG] [Incision][DEBUG] Site selector: anchor=FIELD_GET mode=EXACT target=top/maplex/incisiontest/fixture/AnchorMatrixFixture.counterI ordinal=0 matches=1..1
[15:22:45 INFO]: [Incision-Test-1.0.0] [DEBUG] [Incision][DEBUG] register id=top.maplex.incisiontest.cases.SurgeonAnchorMatrixCases#graftFieldGet@50 targets=[top/maplex/incisiontest/fixture/AnchorMatrixFixture.matrixFieldRead()I]
[15:22:45 INFO]: [Incision-Test-1.0.0] [DEBUG] [Incision][DEBUG] Site selector: anchor=FIELD_PUT mode=EXACT target=top/maplex/incisiontest/fixture/AnchorMatrixFixture.lastWrittenI ordinal=0 matches=1..1
[15:22:45 INFO]: [Incision-Test-1.0.0] [DEBUG] [Incision][DEBUG] register id=top.maplex.incisiontest.cases.SurgeonAnchorMatrixCases#graftFieldPut@51 targets=[top/maplex/incisiontest/fixture/AnchorMatrixFixture.matrixFieldWrite(I)V]
[15:22:45 INFO]: [Incision-Test-1.0.0] [DEBUG] [Incision][DEBUG] Site selector: anchor=NEW mode=EXACT target=java/util/ArrayList. ordinal=0 matches=1..1
[15:22:45 INFO]: [Incision-Test-1.0.0] [DEBUG] [Incision][DEBUG] register id=top.maplex.incisiontest.cases.SurgeonAnchorMatrixCases#graftNew@52 targets=[top/maplex/incisiontest/fixture/AnchorMatrixFixture.matrixAllocate()Ljava/util/ArrayList;]
[15:22:45 INFO]: [Incision-Test-1.0.0] [DEBUG] [Incision][DEBUG] Site selector: anchor=THROW mode=EXACT target=. ordinal=0 matches=1..1
[15:22:45 INFO]: [Incision-Test-1.0.0] [DEBUG] [Incision][DEBUG] register id=top.maplex.incisiontest.cases.SurgeonAnchorMatrixCases#graftThrow@53 targets=[top/maplex/incisiontest/fixture/AnchorMatrixFixture.matrixThrowUncaught(Z)Ljava/lang/String;]
[15:22:45 INFO]: [Incision-Test-1.0.0] [DEBUG] [Incision][DEBUG] Site selector: anchor=INVOKE mode=EXACT target=top/maplex/incisiontest/fixture/AnchorMatrixFixture.helperA(I)I ordinal=0 matches=1..1
[15:22:45 INFO]: [Incision-Test-1.0.0] [DEBUG] [Incision][DEBUG] register id=top.maplex.incisiontest.cases.SurgeonAnchorMatrixCases#bypassReplace@54 targets=[top/maplex/incisiontest/fixture/AnchorMatrixFixture.matrixInvokeMixed(I)I]
[15:22:45 INFO]: [Incision-Test-1.0.0] [DEBUG] [Incision][DEBUG] Site selector: anchor=RETURN mode=EXACT target=. ordinal=0 matches=1..1
[15:22:45 INFO]: [Incision-Test-1.0.0] [DEBUG] [Incision][DEBUG] register id=top.maplex.incisiontest.cases.SurgeonAnchorMatrixCases#trimReturnPlain@55 targets=[top/maplex/incisiontest/fixture/AnchorMatrixFixture.matrixPlainReturn()I]
[15:22:45 INFO]: [Incision-Test-1.0.0] [DEBUG] [Incision][DEBUG] Site selector: anchor=HEAD mode=EXACT target=. ordinal=0 matches=1..1
[15:22:45 INFO]: [Incision-Test-1.0.0] [DEBUG] [Incision][DEBUG] register id=top.maplex.incisiontest.cases.SurgeonAnchorMatrixCases#trimArg0@56 targets=[top/maplex/incisiontest/fixture/AnchorMatrixFixture.matrixEcho(Ljava/lang/String;)Ljava/lang/String;]
[15:22:45 INFO]: [Incision-Test-1.0.0] [DEBUG] [Incision][DEBUG] Site selector: anchor=HEAD mode=EXACT target=. ordinal=0 matches=1..1
[15:22:45 INFO]: [Incision-Test-1.0.0] [DEBUG] [Incision][DEBUG] register id=top.maplex.incisiontest.cases.SurgeonAnchorMatrixCases#trimArg1@57 targets=[top/maplex/incisiontest/fixture/AnchorMatrixFixture.matrixCombine(Ljava/lang/String;Ljava/lang/String;)Ljava/lang/String;]
[15:22:45 INFO]: [Incision-Test-1.0.0] [DEBUG] [Incision][DEBUG] register id=top.maplex.incisiontest.cases.SurgeonAnchorMatrixCases#exciseFullReplace@58 targets=[top/maplex/incisiontest/fixture/AnchorMatrixFixture.matrixExciseTarget()Ljava/lang/String;]
[15:22:45 INFO]: [Incision-Test-1.0.0] [DEBUG] [Incision][DEBUG] register id=top.maplex.incisiontest.cases.SurgeonAnchorMatrixCases#spliceProceedAndKeep@59 targets=[top/maplex/incisiontest/fixture/AnchorMatrixFixture.matrixSpliceTarget(I)I]
[15:22:45 INFO]: [Incision-Test-1.0.0] [DEBUG] [Incision][DEBUG] installWeaver status=PENDING_LOAD owner=top/maplex/incisiontest/fixture/AnchorMatrixFixture resolved=top/maplex/incisiontest/fixture/AnchorMatrixFixture advices=18 total=18 backend=JVMTI
[15:22:45 INFO]: [Incision-Test-1.0.0] [DEBUG] [Incision][DEBUG] Surgeon 扫描: top.maplex.incisiontest.cases.SurgeonAnchorMatrixCases → 18 suture / 18 advice
[15:22:45 INFO]: [Incision-Test-1.0.0] [DEBUG] [Incision][DEBUG] Site selector: anchor=HEAD mode=EXACT target=. ordinal=0 matches=1..1
[15:22:45 INFO]: [Incision-Test-1.0.0] [DEBUG] [Incision][DEBUG] register id=top.maplex.incisiontest.cases.SurgeonAnchorMatrixTrimCases#trimArgSingle@18 targets=[top/maplex/incisiontest/fixture/AnchorMatrixFixture_Trim.trimSingleArg(Ljava/lang/String;)Ljava/lang/String;]
[15:22:45 INFO]: [Incision-Test-1.0.0] [DEBUG] [Incision][DEBUG] Site selector: anchor=HEAD mode=EXACT target=. ordinal=0 matches=1..1
[15:22:45 INFO]: [Incision-Test-1.0.0] [DEBUG] [Incision][DEBUG] register id=top.maplex.incisiontest.cases.SurgeonAnchorMatrixTrimCases#trimArgDouble0@19 targets=[top/maplex/incisiontest/fixture/AnchorMatrixFixture_Trim.trimDoubleArg(Ljava/lang/String;Ljava/lang/String;)Ljava/lang/String;]
[15:22:45 INFO]: [Incision-Test-1.0.0] [DEBUG] [Incision][DEBUG] Site selector: anchor=HEAD mode=EXACT target=. ordinal=0 matches=1..1
[15:22:45 INFO]: [Incision-Test-1.0.0] [DEBUG] [Incision][DEBUG] register id=top.maplex.incisiontest.cases.SurgeonAnchorMatrixTrimCases#trimArgDouble1@20 targets=[top/maplex/incisiontest/fixture/AnchorMatrixFixture_Trim.trimDoubleArg(Ljava/lang/String;Ljava/lang/String;)Ljava/lang/String;]
[15:22:45 INFO]: [Incision-Test-1.0.0] [DEBUG] [Incision][DEBUG] Site selector: anchor=HEAD mode=EXACT target=. ordinal=0 matches=1..1
[15:22:45 INFO]: [Incision-Test-1.0.0] [DEBUG] [Incision][DEBUG] register id=top.maplex.incisiontest.cases.SurgeonAnchorMatrixTrimCases#trimArgTriple2@21 targets=[top/maplex/incisiontest/fixture/AnchorMatrixFixture_Trim.trimTripleArg(Ljava/lang/String;Ljava/lang/String;Ljava/lang/String;)Ljava/lang/String;]
[15:22:45 INFO]: [Incision-Test-1.0.0] [DEBUG] [Incision][DEBUG] Site selector: anchor=HEAD mode=EXACT target=. ordinal=0 matches=1..1
[15:22:45 INFO]: [Incision-Test-1.0.0] [DEBUG] [Incision][DEBUG] register id=top.maplex.incisiontest.cases.SurgeonAnchorMatrixTrimCases#trimArgQuad3@22 targets=[top/maplex/incisiontest/fixture/AnchorMatrixFixture_Trim.trimQuadArg(Ljava/lang/String;Ljava/lang/String;Ljava/lang/String;Ljava/lang/String;)Ljava/lang/String;]
[15:22:45 INFO]: [Incision-Test-1.0.0] [DEBUG] [Incision][DEBUG] Site selector: anchor=RETURN mode=EXACT target=. ordinal=0 matches=1..1
[15:22:45 INFO]: [Incision-Test-1.0.0] [DEBUG] [Incision][DEBUG] register id=top.maplex.incisiontest.cases.SurgeonAnchorMatrixTrimCases#trimReturnInt@23 targets=[top/maplex/incisiontest/fixture/AnchorMatrixFixture_Trim.trimReturnInt()I]
[15:22:45 INFO]: [Incision-Test-1.0.0] [DEBUG] [Incision][DEBUG] Site selector: anchor=RETURN mode=EXACT target=. ordinal=0 matches=1..1
[15:22:45 INFO]: [Incision-Test-1.0.0] [DEBUG] [Incision][DEBUG] register id=top.maplex.incisiontest.cases.SurgeonAnchorMatrixTrimCases#trimReturnLong@24 targets=[top/maplex/incisiontest/fixture/AnchorMatrixFixture_Trim.trimReturnLong()J]
[15:22:45 INFO]: [Incision-Test-1.0.0] [DEBUG] [Incision][DEBUG] Site selector: anchor=RETURN mode=EXACT target=. ordinal=0 matches=1..1
[15:22:45 INFO]: [Incision-Test-1.0.0] [DEBUG] [Incision][DEBUG] register id=top.maplex.incisiontest.cases.SurgeonAnchorMatrixTrimCases#trimReturnString@25 targets=[top/maplex/incisiontest/fixture/AnchorMatrixFixture_Trim.trimReturnString()Ljava/lang/String;]
[15:22:45 INFO]: [Incision-Test-1.0.0] [DEBUG] [Incision][DEBUG] Site selector: anchor=RETURN mode=EXACT target=. ordinal=0 matches=1..1
[15:22:45 INFO]: [Incision-Test-1.0.0] [DEBUG] [Incision][DEBUG] register id=top.maplex.incisiontest.cases.SurgeonAnchorMatrixTrimCases#trimReturnBool@26 targets=[top/maplex/incisiontest/fixture/AnchorMatrixFixture_Trim.trimReturnBoolean()Z]
[15:22:45 INFO]: [Incision-Test-1.0.0] [DEBUG] [Incision][DEBUG] installWeaver status=PENDING_LOAD owner=top/maplex/incisiontest/fixture/AnchorMatrixFixture_Trim resolved=top/maplex/incisiontest/fixture/AnchorMatrixFixture_Trim advices=9 total=9 backend=JVMTI
[15:22:45 INFO]: [Incision-Test-1.0.0] [DEBUG] [Incision][DEBUG] Surgeon 扫描: top.maplex.incisiontest.cases.SurgeonAnchorMatrixTrimCases → 9 suture / 9 advice
[15:22:45 INFO]: [Incision-Test-1.0.0] [DEBUG] [Incision][DEBUG] register id=top.maplex.incisiontest.cases.OperationMatrixCases#adviceM1@19 targets=[top/maplex/incisiontest/fixture/OperationMatrixFixture.m1Default()I]
[15:22:45 INFO]: [Incision-Test-1.0.0] [DEBUG] [Incision][DEBUG] register id=top.maplex.incisiontest.cases.OperationMatrixCases#m2-cust@20 targets=[top/maplex/incisiontest/fixture/OperationMatrixFixture.m2CustomId()I]
[15:22:45 INFO]: [Incision-Test-1.0.0] [DEBUG] [Incision][DEBUG] register id=top.maplex.incisiontest.cases.OperationMatrixCases#adviceM3@21 targets=[top/maplex/incisiontest/fixture/OperationMatrixFixture.m3DisabledNoId()I]
[15:22:45 INFO]: [Incision-Test-1.0.0] [DEBUG] [Incision][DEBUG] register id=top.maplex.incisiontest.cases.OperationMatrixCases#adviceM4@22 targets=[top/maplex/incisiontest/fixture/OperationMatrixFixture.m4PriorityPositive()I]
[15:22:45 INFO]: [Incision-Test-1.0.0] [DEBUG] [Incision][DEBUG] register id=top.maplex.incisiontest.cases.OperationMatrixCases#adviceM5@23 targets=[top/maplex/incisiontest/fixture/OperationMatrixFixture.m5PriorityNegative()I]
[15:22:45 INFO]: [Incision-Test-1.0.0] [DEBUG] [Incision][DEBUG] register id=top.maplex.incisiontest.cases.OperationMatrixCases#m6-cust@24 targets=[top/maplex/incisiontest/fixture/OperationMatrixFixture.m6IdAndPriority()I]
[15:22:45 INFO]: [Incision-Test-1.0.0] [DEBUG] [Incision][DEBUG] register id=top.maplex.incisiontest.cases.OperationMatrixCases#m7-cust@25 targets=[top/maplex/incisiontest/fixture/OperationMatrixFixture.m7IdAndDisabled()I]
[15:22:45 INFO]: [Incision-Test-1.0.0] [DEBUG] [Incision][DEBUG] register id=top.maplex.incisiontest.cases.OperationMatrixCases#m8-cust@26 targets=[top/maplex/incisiontest/fixture/OperationMatrixFixture.m8AllThree()I]
[15:22:45 INFO]: [Incision-Test-1.0.0] [DEBUG] [Incision][DEBUG] register id=top.maplex.incisiontest.cases.OperationMatrixCases#adviceM9@27 targets=[top/maplex/incisiontest/fixture/OperationMatrixFixture.m9PriorityZeroExplicit()I]
[15:22:45 INFO]: [Incision-Test-1.0.0] [DEBUG] [Incision][DEBUG] register id=top.maplex.incisiontest.cases.OperationMatrixCases#orderHigh@28 targets=[top/maplex/incisiontest/fixture/OperationMatrixFixture.mOrderTarget()Ljava/util/List;]
[15:22:45 INFO]: [Incision-Test-1.0.0] [DEBUG] [Incision][DEBUG] register id=top.maplex.incisiontest.cases.OperationMatrixCases#orderMid@29 targets=[top/maplex/incisiontest/fixture/OperationMatrixFixture.mOrderTarget()Ljava/util/List;]
[15:22:45 INFO]: [Incision-Test-1.0.0] [DEBUG] [Incision][DEBUG] register id=top.maplex.incisiontest.cases.OperationMatrixCases#orderZero@30 targets=[top/maplex/incisiontest/fixture/OperationMatrixFixture.mOrderTarget()Ljava/util/List;]
[15:22:45 INFO]: [Incision-Test-1.0.0] [DEBUG] [Incision][DEBUG] register id=top.maplex.incisiontest.cases.OperationMatrixCases#orderLow@31 targets=[top/maplex/incisiontest/fixture/OperationMatrixFixture.mOrderTarget()Ljava/util/List;]
[15:22:45 INFO]: [Incision-Test-1.0.0] [DEBUG] [Incision][DEBUG] installWeaver status=PENDING_LOAD owner=top/maplex/incisiontest/fixture/OperationMatrixFixture resolved=top/maplex/incisiontest/fixture/OperationMatrixFixture advices=13 total=13 backend=JVMTI
[15:22:45 INFO]: [Incision-Test-1.0.0] [DEBUG] [Incision][DEBUG] Surgeon 扫描: top.maplex.incisiontest.cases.OperationMatrixCases → 13 suture / 13 advice
[15:22:45 INFO]: [Incision-Test-1.0.0] [DEBUG] [Incision][DEBUG] register id=top.maplex.incisiontest.cases.SurgeonVersionCases#onLegacy@29 targets=[top/maplex/incisiontest/fixture/SurgeonVersionTargetFixture.versionedTarget()Ljava/lang/String;]
[15:22:45 INFO]: [Incision-Test-1.0.0] [DEBUG] [Incision][DEBUG] @Surgeon top.maplex.incisiontest.cases.SurgeonVersionCases#onModern 因 @Version([1.17, 26.1]) 跳过 (current=1.16.5)
[15:22:45 INFO]: [Incision-Test-1.0.0] [DEBUG] [Incision][DEBUG] @Surgeon top.maplex.incisiontest.cases.SurgeonVersionCases#onFuture 因 @Version([26.1, ]) 跳过 (current=1.16.5)
[15:22:45 INFO]: [Incision-Test-1.0.0] [DEBUG] [Incision][DEBUG] register id=top.maplex.incisiontest.cases.SurgeonVersionCases#onNoop@32 targets=[top/maplex/incisiontest/fixture/SurgeonVersionTargetFixture.noopMatcherTarget()Ljava/lang/String;]
[15:22:45 INFO]: [Incision-Test-1.0.0] [DEBUG] [Incision][DEBUG] resolveOwner: net/minecraft/server/MinecraftServer → net/minecraft/server/v1_16_R3/MinecraftServer
[15:22:45 INFO]: [Incision-Test-1.0.0] [DEBUG] [Incision][DEBUG] resolveOwner: net/minecraft/server/MinecraftServer → net/minecraft/server/v1_16_R3/MinecraftServer
[15:22:45 INFO]: [Incision-Test-1.0.0] [DEBUG] [Incision][DEBUG] register id=top.maplex.incisiontest.cases.SurgeonVersionCases#onNmsGetPlayerCount@33 targets=[net/minecraft/server/v1_16_R3/MinecraftServer.getPlayerCount()I]
[15:22:45 INFO]: [Incision-Test-1.0.0] [DEBUG] [Incision][DEBUG] register id=top.maplex.incisiontest.cases.SurgeonVersionCases#onFakeInRange@34 targets=[top/maplex/incisiontest/fixture/SurgeonVersionTargetFixture.fakeMatcherInRange()Ljava/lang/String;]
[15:22:45 INFO]: [Incision-Test-1.0.0] [DEBUG] [Incision][DEBUG] @Surgeon top.maplex.incisiontest.cases.SurgeonVersionCases#onFakeBelowStart 因 @Version([3.0, 4.0]) 跳过 (current=2.5)
[15:22:45 INFO]: [Incision-Test-1.0.0] [DEBUG] [Incision][DEBUG] @Surgeon top.maplex.incisiontest.cases.SurgeonVersionCases#onFakeAboveEnd 因 @Version([0.1, 1.0]) 跳过 (current=2.5)
[15:22:45 INFO]: [Incision-Test-1.0.0] [DEBUG] [Incision][DEBUG] register id=top.maplex.incisiontest.cases.SurgeonVersionCases#onFakeBoundaryEnd@37 targets=[top/maplex/incisiontest/fixture/SurgeonVersionTargetFixture.fakeMatcherBoundaryEnd()Ljava/lang/String;]
[15:22:45 INFO]: [Incision-Test-1.0.0] [DEBUG] [Incision][DEBUG] register id=top.maplex.incisiontest.cases.SurgeonVersionCases#onFakeBoundaryStart@38 targets=[top/maplex/incisiontest/fixture/SurgeonVersionTargetFixture.fakeMatcherBoundaryStart()Ljava/lang/String;]
[15:22:45 WARN]: [Incision-Test-1.0.0] [Incision][WARN] VersionMatcher 解析失败: top.maplex.incisiontest.api.FailingVersionMatcher — java.lang.reflect.InvocationTargetException: null; fail-closed
[15:22:45 INFO]: [Incision-Test-1.0.0] [DEBUG] [Incision][DEBUG] register id=top.maplex.incisiontest.cases.SurgeonVersionCases#onMissingMatcherFallback@39 targets=[top/maplex/incisiontest/fixture/SurgeonVersionTargetFixture.missingMatcherFallback()Ljava/lang/String;]
[15:22:45 INFO]: [Incision-Test-1.0.0] [DEBUG] [Incision][DEBUG] @Surgeon top.maplex.incisiontest.cases.SurgeonVersionCases#onMultiRange0 因 @Version([0, 1]) 跳过 (current=2.5)
[15:22:45 INFO]: [Incision-Test-1.0.0] [DEBUG] [Incision][DEBUG] register id=top.maplex.incisiontest.cases.SurgeonVersionCases#onMultiRange1@41 targets=[top/maplex/incisiontest/fixture/SurgeonVersionTargetFixture.multiRangeByIndex()Ljava/lang/String;]
[15:22:45 INFO]: [Incision-Test-1.0.0] [DEBUG] [Incision][DEBUG] @Surgeon top.maplex.incisiontest.cases.SurgeonVersionCases#onMultiRange2 因 @Version([4, 5]) 跳过 (current=2.5)
[15:22:45 INFO]: [Incision-Test-1.0.0] [DEBUG] [Incision][DEBUG] installWeaver status=PENDING_LOAD owner=top/maplex/incisiontest/fixture/SurgeonVersionTargetFixture resolved=top/maplex/incisiontest/fixture/SurgeonVersionTargetFixture advices=7 total=7 backend=JVMTI
[15:22:45 INFO]: [Incision-Test-1.0.0] [DEBUG] [Incision][DEBUG] JvmtiBackend.onClassFileLoad: net/minecraft/server/v1_16_R3/MinecraftServer (1 transformers, 98228 bytes)
[15:22:45 INFO]: [Incision-Test-1.0.0] [DEBUG] [Incision][DEBUG] weave inject net/minecraft/server/v1_16_R3/MinecraftServer.isHardcore()Z kinds=[LEAD] static=false
[15:22:45 INFO]: [Incision-Test-1.0.0] [DEBUG] [Incision][DEBUG] weave inject net/minecraft/server/v1_16_R3/MinecraftServer.getPlayerCount()I kinds=[LEAD] static=false
[15:22:45 INFO]: [Incision-Test-1.0.0] [DEBUG] [Incision][DEBUG] JvmtiBackend.onClassFileLoad: net/minecraft/server/v1_16_R3/MinecraftServer → changed=true (98629 bytes)
[15:22:45 INFO]: [Incision-Test-1.0.0] [DEBUG] [Incision][DEBUG] JvmtiBackend.retransform net.minecraft.server.v1_16_R3.MinecraftServer → true (loaded=1 transformed=1)
[15:22:45 INFO]: [Incision-Test-1.0.0] [DEBUG] [Incision][DEBUG] installWeaver status=INSTALLED owner=net/minecraft/server/v1_16_R3/MinecraftServer resolved=net/minecraft/server/v1_16_R3/MinecraftServer advices=1 total=3 backend=JVMTI
[15:22:45 INFO]: [Incision-Test-1.0.0] [DEBUG] [Incision][DEBUG] Surgeon 扫描: top.maplex.incisiontest.cases.SurgeonVersionCases → 8 suture / 8 advice
[15:22:45 INFO]: [Incision-Test-1.0.0] [DEBUG] [Incision][DEBUG] register id=top.maplex.incisiontest.cases.AccessorUtilCases#onProcess@26 targets=[top/maplex/incisiontest/fixture/UtilFixture.process(Ljava/lang/String;ILjava/lang/Object;)Ljava/lang/String;]
[15:22:45 INFO]: [Incision-Test-1.0.0] [DEBUG] [Incision][DEBUG] installWeaver status=PENDING_LOAD owner=top/maplex/incisiontest/fixture/UtilFixture resolved=top/maplex/incisiontest/fixture/UtilFixture advices=1 total=1 backend=JVMTI
[15:22:45 INFO]: [Incision-Test-1.0.0] [DEBUG] [Incision][DEBUG] Surgeon 扫描: top.maplex.incisiontest.cases.AccessorUtilCases → 1 suture / 1 advice
[15:22:45 INFO]: [Incision-Test-1.0.0] [DEBUG] [Incision][DEBUG] resolveOwner: net/minecraft/world/item/enchantment/EnchantmentHelper → net/minecraft/server/v1_16_R3/EnchantmentManager
[15:22:45 INFO]: [Incision-Test-1.0.0] [DEBUG] [Incision][DEBUG] resolveOwner: net/minecraft/server/level/ServerLevel → net/minecraft/server/v1_16_R3/WorldServer
[15:22:45 INFO]: [Incision-Test-1.0.0] [DEBUG] [Incision][DEBUG] resolveOwner: net/minecraft/world/item/ItemStack → net/minecraft/server/v1_16_R3/ItemStack
[15:22:45 INFO]: [Incision-Test-1.0.0] [DEBUG] [Incision][DEBUG] resolveOwner: net/minecraft/world/entity/Entity → net/minecraft/server/v1_16_R3/Entity
[15:22:45 INFO]: [Incision-Test-1.0.0] [DEBUG] [Incision][DEBUG] resolveOwner: net/minecraft/world/damagesource/DamageSource → net/minecraft/server/v1_16_R3/DamageSource
[15:22:45 INFO]: [Incision-Test-1.0.0] [DEBUG] [Incision][DEBUG] resolveOwner: net/minecraft/world/item/enchantment/EnchantmentHelper → net/minecraft/server/v1_16_R3/EnchantmentManager
[15:22:45 INFO]: [Incision-Test-1.0.0] [DEBUG] [Incision][DEBUG] resolveOwner: net/minecraft/server/level/ServerLevel → net/minecraft/server/v1_16_R3/WorldServer
[15:22:45 INFO]: [Incision-Test-1.0.0] [DEBUG] [Incision][DEBUG] resolveOwner: net/minecraft/world/item/ItemStack → net/minecraft/server/v1_16_R3/ItemStack
[15:22:45 INFO]: [Incision-Test-1.0.0] [DEBUG] [Incision][DEBUG] resolveOwner: net/minecraft/world/entity/Entity → net/minecraft/server/v1_16_R3/Entity
[15:22:45 INFO]: [Incision-Test-1.0.0] [DEBUG] [Incision][DEBUG] resolveOwner: net/minecraft/world/damagesource/DamageSource → net/minecraft/server/v1_16_R3/DamageSource
[15:22:45 INFO]: [Incision-Test-1.0.0] [DEBUG] [Incision][DEBUG] register id=top.maplex.incisiontest.cases.SharpnessObserver#observeSharpness@0 targets=[net/minecraft/server/v1_16_R3/EnchantmentManager.modifyDamage(Lnet/minecraft/server/v1_16_R3/WorldServer;Lnet/minecraft/server/v1_16_R3/ItemStack;Lnet/minecraft/server/v1_16_R3/Entity;Lnet/minecraft/server/v1_16_R3/DamageSource;F)F]
[15:22:45 INFO]: [Incision-Test-1.0.0] [DEBUG] [Incision][DEBUG] installWeaver status=PENDING_LOAD owner=net/minecraft/server/v1_16_R3/EnchantmentManager resolved=net/minecraft/server/v1_16_R3/EnchantmentManager advices=1 total=2 backend=JVMTI
[15:22:45 INFO]: [Incision-Test-1.0.0] [DEBUG] [Incision][DEBUG] Surgeon 扫描: top.maplex.incisiontest.cases.SharpnessObserver → 1 suture / 1 advice
[15:22:45 INFO]: [Incision-Test-1.0.0] [DEBUG] [Incision][DEBUG] register id=top.maplex.incisiontest.cases.SurgeonAnchorMatrixPriorityLow#lowPriority@2 targets=[top/maplex/incisiontest/fixture/AnchorMatrixFixture_Priority.prioritySurgeonTarget()Ljava/lang/String;]
[15:22:45 INFO]: [Incision-Test-1.0.0] [DEBUG] [Incision][DEBUG] installWeaver status=PENDING_LOAD owner=top/maplex/incisiontest/fixture/AnchorMatrixFixture_Priority resolved=top/maplex/incisiontest/fixture/AnchorMatrixFixture_Priority advices=1 total=7 backend=JVMTI
[15:22:45 INFO]: [Incision-Test-1.0.0] [DEBUG] [Incision][DEBUG] Surgeon 扫描: top.maplex.incisiontest.cases.SurgeonAnchorMatrixPriorityLow → 1 suture / 1 advice
[15:22:45 INFO]: [Incision-Test-1.0.0] [DEBUG] [Incision][DEBUG] register id=top.maplex.incisiontest.cases.KotlinTargetMatrixCases#onFF@20 targets=[top/maplex/incisiontest/fixture/KotlinTargetMatrixFixture.ffEcho(Ljava/lang/String;)Ljava/lang/String;]
[15:22:45 INFO]: [Incision-Test-1.0.0] [DEBUG] [Incision][DEBUG] register id=top.maplex.incisiontest.cases.KotlinTargetMatrixCases#onFFAlt@21 targets=[top/maplex/incisiontest/fixture/KotlinTargetMatrixFixture.ffAltMethod(I)I]
[15:22:45 INFO]: [Incision-Test-1.0.0] [DEBUG] [Incision][DEBUG] register id=top.maplex.incisiontest.cases.KotlinTargetMatrixCases#onFT@22 targets=[top/maplex/incisiontest/fixture/KotlinTargetMatrixFixture.ftStaticEcho(Ljava/lang/String;)Ljava/lang/String;]
[15:22:45 INFO]: [Incision-Test-1.0.0] [DEBUG] [Incision][DEBUG] register id=top.maplex.incisiontest.cases.KotlinTargetMatrixCases#onFTAlt@23 targets=[top/maplex/incisiontest/fixture/KotlinTargetMatrixFixture.ftStaticAlt(I)I]
[15:22:45 INFO]: [Incision-Test-1.0.0] [DEBUG] [Incision][DEBUG] register id=top.maplex.incisiontest.cases.KotlinTargetMatrixCases#onTF@24 targets=[top/maplex/incisiontest/fixture/KotlinTargetMatrixFixture$Companion.tfCompanionEcho(Ljava/lang/String;)Ljava/lang/String;]
[15:22:45 INFO]: [Incision-Test-1.0.0] [DEBUG] [Incision][DEBUG] register id=top.maplex.incisiontest.cases.KotlinTargetMatrixCases#onTFAlt@25 targets=[top/maplex/incisiontest/fixture/KotlinTargetMatrixFixture$Companion.tfCompanionAlt(I)I]
[15:22:45 INFO]: [Incision-Test-1.0.0] [DEBUG] [Incision][DEBUG] register id=top.maplex.incisiontest.cases.KotlinTargetMatrixCases#onTTStatic@26 targets=[top/maplex/incisiontest/fixture/KotlinTargetMatrixFixture.ttBothEcho(Ljava/lang/String;)Ljava/lang/String;]
[15:22:45 INFO]: [Incision-Test-1.0.0] [DEBUG] [Incision][DEBUG] register id=top.maplex.incisiontest.cases.KotlinTargetMatrixCases#onTTCompanion@27 targets=[top/maplex/incisiontest/fixture/KotlinTargetMatrixFixture$Companion.ttBothEcho(Ljava/lang/String;)Ljava/lang/String;]
[15:22:45 INFO]: [Incision-Test-1.0.0] [DEBUG] [Incision][DEBUG] register id=top.maplex.incisiontest.cases.KotlinTargetMatrixCases#onTTAltStatic@28 targets=[top/maplex/incisiontest/fixture/KotlinTargetMatrixFixture.ttBothAlt(I)I]
[15:22:45 INFO]: [Incision-Test-1.0.0] [DEBUG] [Incision][DEBUG] register id=top.maplex.incisiontest.cases.KotlinTargetMatrixCases#onTTAltCompanion@29 targets=[top/maplex/incisiontest/fixture/KotlinTargetMatrixFixture$Companion.ttBothAlt(I)I]
[15:22:45 INFO]: [Incision-Test-1.0.0] [DEBUG] [Incision][DEBUG] installWeaver status=PENDING_LOAD owner=top/maplex/incisiontest/fixture/KotlinTargetMatrixFixture resolved=top/maplex/incisiontest/fixture/KotlinTargetMatrixFixture advices=6 total=6 backend=JVMTI
[15:22:45 INFO]: [Incision-Test-1.0.0] [DEBUG] [Incision][DEBUG] installWeaver status=PENDING_LOAD owner=top/maplex/incisiontest/fixture/KotlinTargetMatrixFixture$Companion resolved=top/maplex/incisiontest/fixture/KotlinTargetMatrixFixture$Companion advices=4 total=4 backend=JVMTI
[15:22:45 INFO]: [Incision-Test-1.0.0] [DEBUG] [Incision][DEBUG] Surgeon 扫描: top.maplex.incisiontest.cases.KotlinTargetMatrixCases → 10 suture / 10 advice
[15:22:45 INFO]: [Incision-Test-1.0.0] [DEBUG] [Incision][DEBUG] register id=top.maplex.incisiontest.cases.AccessorCases#onPublicDouble@18 targets=[top/maplex/incisiontest/fixture/AccessorFixture.publicDouble(I)I]
[15:22:46 INFO]: [Incision-Test-1.0.0] [DEBUG] [Incision][DEBUG] JvmtiBackend.onClassFileLoad: top/maplex/incisiontest/fixture/AccessorFixture (1 transformers, 3612 bytes)
[15:22:46 INFO]: [Incision-Test-1.0.0] [DEBUG] [Incision][DEBUG] weave inject top/maplex/incisiontest/fixture/AccessorFixture.publicDouble(I)I kinds=[LEAD] static=false
[15:22:46 INFO]: [Incision-Test-1.0.0] [DEBUG] [Incision][DEBUG] JvmtiBackend.onClassFileLoad: top/maplex/incisiontest/fixture/AccessorFixture → changed=true (3906 bytes)
[15:22:46 INFO]: [Incision-Test-1.0.0] [DEBUG] [Incision][DEBUG] JvmtiBackend.retransform top.maplex.incisiontest.fixture.AccessorFixture → true (loaded=1 transformed=1)
[15:22:46 INFO]: [Incision-Test-1.0.0] [DEBUG] [Incision][DEBUG] installWeaver status=INSTALLED owner=top/maplex/incisiontest/fixture/AccessorFixture resolved=top/maplex/incisiontest/fixture/AccessorFixture advices=1 total=1 backend=JVMTI
[15:22:46 INFO]: [Incision-Test-1.0.0] [DEBUG] [Incision][DEBUG] Surgeon 扫描: top.maplex.incisiontest.cases.AccessorCases → 1 suture / 1 advice
[15:22:46 INFO]: [Incision-Test-1.0.0] [DEBUG] [Incision][DEBUG] register id=top.maplex.incisiontest.cases.SurgeonInsnPatternCases#onAccumulatePattern@73 targets=[top/maplex/incisiontest/fixture/InsnPatternFixture.accumulate(I)I]
[15:22:46 INFO]: [Incision-Test-1.0.0] [DEBUG] [Incision][DEBUG] register id=top.maplex.incisiontest.cases.SurgeonInsnPatternCases#onArithmeticIconst5@74 targets=[top/maplex/incisiontest/fixture/ComplexOpcodeFixture.arithmetic(I)I]
[15:22:46 INFO]: [Incision-Test-1.0.0] [DEBUG] [Incision][DEBUG] register id=top.maplex.incisiontest.cases.SurgeonInsnPatternCases#onArithmeticSeq2@75 targets=[top/maplex/incisiontest/fixture/ComplexOpcodeFixture.arithmetic(I)I]
[15:22:46 INFO]: [Incision-Test-1.0.0] [DEBUG] [Incision][DEBUG] register id=top.maplex.incisiontest.cases.SurgeonInsnPatternCases#onArithmeticSeq4@76 targets=[top/maplex/incisiontest/fixture/ComplexOpcodeFixture.arithmetic(I)I]
[15:22:46 INFO]: [Incision-Test-1.0.0] [DEBUG] [Incision][DEBUG] register id=top.maplex.incisiontest.cases.SurgeonInsnPatternCases#onArithmeticAny@77 targets=[top/maplex/incisiontest/fixture/ComplexOpcodeFixture.arithmetic(I)I]
[15:22:46 INFO]: [Incision-Test-1.0.0] [DEBUG] [Incision][DEBUG] register id=top.maplex.incisiontest.cases.SurgeonInsnPatternCases#onIconstFamilyRepeat@78 targets=[top/maplex/incisiontest/fixture/ComplexOpcodeFixture.arithmetic(I)I]
[15:22:46 INFO]: [Incision-Test-1.0.0] [DEBUG] [Incision][DEBUG] register id=top.maplex.incisiontest.cases.SurgeonInsnPatternCases#onLdcString@79 targets=[top/maplex/incisiontest/fixture/ComplexOpcodeFixture.loadStrings()Ljava/lang/String;]
[15:22:46 INFO]: [Incision-Test-1.0.0] [DEBUG] [Incision][DEBUG] register id=top.maplex.incisiontest.cases.SurgeonInsnPatternCases#onLdcCstFiltered@80 targets=[top/maplex/incisiontest/fixture/ComplexOpcodeFixture.loadStrings()Ljava/lang/String;]
[15:22:46 INFO]: [Incision-Test-1.0.0] [DEBUG] [Incision][DEBUG] register id=top.maplex.incisiontest.cases.SurgeonInsnPatternCases#onFieldGet@81 targets=[top/maplex/incisiontest/fixture/ComplexOpcodeFixture.touchFields()I]
[15:22:46 INFO]: [Incision-Test-1.0.0] [DEBUG] [Incision][DEBUG] register id=top.maplex.incisiontest.cases.SurgeonInsnPatternCases#onFieldPut@82 targets=[top/maplex/incisiontest/fixture/ComplexOpcodeFixture.touchFields()I]
[15:22:46 INFO]: [Incision-Test-1.0.0] [DEBUG] [Incision][DEBUG] register id=top.maplex.incisiontest.cases.SurgeonInsnPatternCases#onNewStringBuilder@83 targets=[top/maplex/incisiontest/fixture/ComplexOpcodeFixture.buildBuffer()Ljava/lang/String;]
[15:22:46 INFO]: [Incision-Test-1.0.0] [DEBUG] [Incision][DEBUG] register id=top.maplex.incisiontest.cases.SurgeonInsnPatternCases#onInvokeVirtualGlob@84 targets=[top/maplex/incisiontest/fixture/ComplexOpcodeFixture.buildBuffer()Ljava/lang/String;]
[15:22:46 INFO]: [Incision-Test-1.0.0] [DEBUG] [Incision][DEBUG] register id=top.maplex.incisiontest.cases.SurgeonInsnPatternCases#onInvokeStaticMath@85 targets=[top/maplex/incisiontest/fixture/ComplexOpcodeFixture.staticCalls()I]
[15:22:46 INFO]: [Incision-Test-1.0.0] [DEBUG] [Incision][DEBUG] register id=top.maplex.incisiontest.cases.SurgeonInsnPatternCases#onNewArray@86 targets=[top/maplex/incisiontest/fixture/ComplexOpcodeFixture.arrays()I]
[15:22:46 INFO]: [Incision-Test-1.0.0] [DEBUG] [Incision][DEBUG] register id=top.maplex.incisiontest.cases.SurgeonInsnPatternCases#onANewArray@87 targets=[top/maplex/incisiontest/fixture/ComplexOpcodeFixture.arrays()I]
[15:22:46 INFO]: [Incision-Test-1.0.0] [DEBUG] [Incision][DEBUG] register id=top.maplex.incisiontest.cases.SurgeonInsnPatternCases#onInstanceOf@88 targets=[top/maplex/incisiontest/fixture/ComplexOpcodeFixture.typeCheck(Ljava/lang/Object;)I]
[15:22:46 INFO]: [Incision-Test-1.0.0] [DEBUG] [Incision][DEBUG] register id=top.maplex.incisiontest.cases.SurgeonInsnPatternCases#onCheckCast@89 targets=[top/maplex/incisiontest/fixture/ComplexOpcodeFixture.typeCheck(Ljava/lang/Object;)I]
[15:22:46 INFO]: [Incision-Test-1.0.0] [DEBUG] [Incision][DEBUG] register id=top.maplex.incisiontest.cases.SurgeonInsnPatternCases#onIfeq@90 targets=[top/maplex/incisiontest/fixture/ComplexOpcodeFixture.branch(Z)I]
[15:22:46 INFO]: [Incision-Test-1.0.0] [DEBUG] [Incision][DEBUG] @Surgeon pattern 未命中，跳过 advice: top.maplex.incisiontest.cases.SurgeonInsnPatternCases#onGoto
[15:22:46 INFO]: [Incision-Test-1.0.0] [DEBUG] [Incision][DEBUG] register id=top.maplex.incisiontest.cases.SurgeonInsnPatternCases#onAthrow@92 targets=[top/maplex/incisiontest/fixture/ComplexOpcodeFixture.throwIt()Ljava/lang/String;]
[15:22:46 INFO]: [Incision-Test-1.0.0] [DEBUG] [Incision][DEBUG] register id=top.maplex.incisiontest.cases.SurgeonInsnPatternCases#onReturn@93 targets=[top/maplex/incisiontest/fixture/ComplexOpcodeFixture.arithmetic(I)I]
[15:22:46 INFO]: [Incision-Test-1.0.0] [DEBUG] [Incision][DEBUG] register id=top.maplex.incisiontest.cases.SurgeonInsnPatternCases#onSeq3@94 targets=[top/maplex/incisiontest/fixture/ComplexOpcodeFixture.loadStrings()Ljava/lang/String;]
[15:22:46 INFO]: [Incision-Test-1.0.0] [DEBUG] [Incision][DEBUG] register id=top.maplex.incisiontest.cases.SurgeonInsnPatternCases#onEmptyPattern@95 targets=[top/maplex/incisiontest/fixture/ComplexOpcodeFixture.emptyBody()V]
[15:22:46 INFO]: [Incision-Test-1.0.0] [DEBUG] [Incision][DEBUG] register id=top.maplex.incisiontest.cases.SurgeonInsnPatternCases#onSeq5@96 targets=[top/maplex/incisiontest/fixture/ComplexOpcodeFixture.densePattern()I]
[15:22:46 INFO]: [Incision-Test-1.0.0] [DEBUG] [Incision][DEBUG] register id=top.maplex.incisiontest.cases.SurgeonInsnPatternCases#onRepeat2@97 targets=[top/maplex/incisiontest/fixture/ComplexOpcodeFixture.multiFieldPut()I]
[15:22:46 INFO]: [Incision-Test-1.0.0] [DEBUG] [Incision][DEBUG] register id=top.maplex.incisiontest.cases.SurgeonInsnPatternCases#onRepeat5@98 targets=[top/maplex/incisiontest/fixture/ComplexOpcodeFixture.multiFieldPut()I]
[15:22:46 INFO]: [Incision-Test-1.0.0] [DEBUG] [Incision][DEBUG] register id=top.maplex.incisiontest.cases.SurgeonInsnPatternCases#onCstNumeric@99 targets=[top/maplex/incisiontest/fixture/ComplexOpcodeFixture.numberLdc()J]
[15:22:46 INFO]: [Incision-Test-1.0.0] [DEBUG] [Incision][DEBUG] register id=top.maplex.incisiontest.cases.SurgeonInsnPatternCases#onGlobOwnerJavaLang@100 targets=[top/maplex/incisiontest/fixture/ComplexOpcodeFixture.staticCalls()I]
[15:22:46 INFO]: [Incision-Test-1.0.0] [DEBUG] [Incision][DEBUG] register id=top.maplex.incisiontest.cases.SurgeonInsnPatternCases#onGlobNameSuffix@101 targets=[top/maplex/incisiontest/fixture/ComplexOpcodeFixture.staticCalls()I]
[15:22:46 INFO]: [Incision-Test-1.0.0] [DEBUG] [Incision][DEBUG] @Surgeon pattern 未命中，跳过 advice: top.maplex.incisiontest.cases.SurgeonInsnPatternCases#onGlobDesc
[15:22:46 INFO]: [Incision-Test-1.0.0] [DEBUG] [Incision][DEBUG] register id=top.maplex.incisiontest.cases.SurgeonInsnPatternCases#onDescExact@103 targets=[top/maplex/incisiontest/fixture/ComplexOpcodeFixture.staticCalls()I]
[15:22:46 INFO]: [Incision-Test-1.0.0] [DEBUG] [Incision][DEBUG] register id=top.maplex.incisiontest.cases.SurgeonInsnPatternCases#onInvokeInterface@104 targets=[top/maplex/incisiontest/fixture/ComplexOpcodeFixture.interfaceCall(Ljava/util/List;)I]
[15:22:46 INFO]: [Incision-Test-1.0.0] [DEBUG] [Incision][DEBUG] register id=top.maplex.incisiontest.cases.SurgeonInsnPatternCases#onInvokeSpecial@105 targets=[top/maplex/incisiontest/fixture/ComplexOpcodeFixture.buildBuffer()Ljava/lang/String;]
[15:22:46 INFO]: [Incision-Test-1.0.0] [DEBUG] [Incision][DEBUG] register id=top.maplex.incisiontest.cases.SurgeonInsnPatternCases#onArrayLength@106 targets=[top/maplex/incisiontest/fixture/ComplexOpcodeFixture.arrays()I]
[15:22:46 INFO]: [Incision-Test-1.0.0] [DEBUG] [Incision][DEBUG] @Surgeon pattern 未命中，跳过 advice: top.maplex.incisiontest.cases.SurgeonInsnPatternCases#onNop
[15:22:46 INFO]: [Incision-Test-1.0.0] [DEBUG] [Incision][DEBUG] register id=top.maplex.incisiontest.cases.SurgeonInsnPatternCases#onDup@108 targets=[top/maplex/incisiontest/fixture/ComplexOpcodeFixture.buildBuffer()Ljava/lang/String;]
[15:22:46 INFO]: [Incision-Test-1.0.0] [DEBUG] [Incision][DEBUG] JvmtiBackend.onClassFileLoad: top/maplex/incisiontest/fixture/InsnPatternFixture (1 transformers, 982 bytes)
[15:22:46 INFO]: [Incision-Test-1.0.0] [DEBUG] [Incision][DEBUG] weave inject top/maplex/incisiontest/fixture/InsnPatternFixture.accumulate(I)I kinds=[LEAD] static=false
[15:22:46 INFO]: [Incision-Test-1.0.0] [DEBUG] [Incision][DEBUG] JvmtiBackend.onClassFileLoad: top/maplex/incisiontest/fixture/InsnPatternFixture → changed=true (1277 bytes)
[15:22:46 INFO]: [Incision-Test-1.0.0] [DEBUG] [Incision][DEBUG] JvmtiBackend.retransform top.maplex.incisiontest.fixture.InsnPatternFixture → true (loaded=1 transformed=1)
[15:22:46 INFO]: [Incision-Test-1.0.0] [DEBUG] [Incision][DEBUG] installWeaver status=INSTALLED owner=top/maplex/incisiontest/fixture/InsnPatternFixture resolved=top/maplex/incisiontest/fixture/InsnPatternFixture advices=1 total=1 backend=JVMTI
[15:22:46 INFO]: [Incision-Test-1.0.0] [DEBUG] [Incision][DEBUG] JvmtiBackend.onClassFileLoad: top/maplex/incisiontest/fixture/ComplexOpcodeFixture (1 transformers, 4983 bytes)
[15:22:46 INFO]: [Incision-Test-1.0.0] [DEBUG] [Incision][DEBUG] weave inject top/maplex/incisiontest/fixture/ComplexOpcodeFixture.typeCheck(Ljava/lang/Object;)I kinds=[LEAD] static=false
[15:22:46 INFO]: [Incision-Test-1.0.0] [DEBUG] [Incision][DEBUG] weave inject top/maplex/incisiontest/fixture/ComplexOpcodeFixture.branch(Z)I kinds=[LEAD] static=false
[15:22:46 INFO]: [Incision-Test-1.0.0] [DEBUG] [Incision][DEBUG] weave inject top/maplex/incisiontest/fixture/ComplexOpcodeFixture.arrays()I kinds=[LEAD] static=false
[15:22:46 INFO]: [Incision-Test-1.0.0] [DEBUG] [Incision][DEBUG] weave inject top/maplex/incisiontest/fixture/ComplexOpcodeFixture.staticCalls()I kinds=[LEAD] static=false
[15:22:46 INFO]: [Incision-Test-1.0.0] [DEBUG] [Incision][DEBUG] weave inject top/maplex/incisiontest/fixture/ComplexOpcodeFixture.emptyBody()V kinds=[LEAD] static=false
[15:22:46 INFO]: [Incision-Test-1.0.0] [DEBUG] [Incision][DEBUG] weave inject top/maplex/incisiontest/fixture/ComplexOpcodeFixture.touchFields()I kinds=[LEAD] static=false
[15:22:46 INFO]: [Incision-Test-1.0.0] [DEBUG] [Incision][DEBUG] weave inject top/maplex/incisiontest/fixture/ComplexOpcodeFixture.numberLdc()J kinds=[LEAD] static=false
[15:22:46 INFO]: [Incision-Test-1.0.0] [DEBUG] [Incision][DEBUG] weave inject top/maplex/incisiontest/fixture/ComplexOpcodeFixture.multiFieldPut()I kinds=[LEAD] static=false
[15:22:46 INFO]: [Incision-Test-1.0.0] [DEBUG] [Incision][DEBUG] weave inject top/maplex/incisiontest/fixture/ComplexOpcodeFixture.loadStrings()Ljava/lang/String; kinds=[LEAD] static=false
[15:22:46 INFO]: [Incision-Test-1.0.0] [DEBUG] [Incision][DEBUG] weave inject top/maplex/incisiontest/fixture/ComplexOpcodeFixture.buildBuffer()Ljava/lang/String; kinds=[LEAD] static=false
[15:22:46 INFO]: [Incision-Test-1.0.0] [DEBUG] [Incision][DEBUG] weave inject top/maplex/incisiontest/fixture/ComplexOpcodeFixture.arithmetic(I)I kinds=[LEAD] static=false
[15:22:46 INFO]: [Incision-Test-1.0.0] [DEBUG] [Incision][DEBUG] weave inject top/maplex/incisiontest/fixture/ComplexOpcodeFixture.interfaceCall(Ljava/util/List;)I kinds=[LEAD] static=false
[15:22:46 INFO]: [Incision-Test-1.0.0] [DEBUG] [Incision][DEBUG] weave inject top/maplex/incisiontest/fixture/ComplexOpcodeFixture.densePattern()I kinds=[LEAD] static=false
[15:22:46 INFO]: [Incision-Test-1.0.0] [DEBUG] [Incision][DEBUG] weave inject top/maplex/incisiontest/fixture/ComplexOpcodeFixture.throwIt()Ljava/lang/String; kinds=[LEAD] static=false
[15:22:46 INFO]: [Incision-Test-1.0.0] [DEBUG] [Incision][DEBUG] JvmtiBackend.onClassFileLoad: top/maplex/incisiontest/fixture/ComplexOpcodeFixture → changed=true (6596 bytes)
[15:22:46 INFO]: [Incision-Test-1.0.0] [DEBUG] [Incision][DEBUG] JvmtiBackend.retransform top.maplex.incisiontest.fixture.ComplexOpcodeFixture → true (loaded=1 transformed=1)
[15:22:46 INFO]: [Incision-Test-1.0.0] [DEBUG] [Incision][DEBUG] installWeaver status=INSTALLED owner=top/maplex/incisiontest/fixture/ComplexOpcodeFixture resolved=top/maplex/incisiontest/fixture/ComplexOpcodeFixture advices=32 total=32 backend=JVMTI
[15:22:46 INFO]: [Incision-Test-1.0.0] [DEBUG] [Incision][DEBUG] Surgeon 扫描: top.maplex.incisiontest.cases.SurgeonInsnPatternCases → 33 suture / 33 advice
[15:22:46 INFO]: [Incision-Test-1.0.0] [DEBUG] [Incision][DEBUG] register id=top.maplex.incisiontest.cases.SurgeonVersionMatrixCases#onBothEmpty@39 targets=[top/maplex/incisiontest/fixture/SurgeonVersionMatrixFixture.bothEmpty()Ljava/lang/String;]
[15:22:46 INFO]: [Incision-Test-1.0.0] [DEBUG] [Incision][DEBUG] register id=top.maplex.incisiontest.cases.SurgeonVersionMatrixCases#onOnlyEndGiven@40 targets=[top/maplex/incisiontest/fixture/SurgeonVersionMatrixFixture.onlyEndGiven()Ljava/lang/String;]
[15:22:46 INFO]: [Incision-Test-1.0.0] [DEBUG] [Incision][DEBUG] register id=top.maplex.incisiontest.cases.SurgeonVersionMatrixCases#onOnlyStartGiven@41 targets=[top/maplex/incisiontest/fixture/SurgeonVersionMatrixFixture.onlyStartGiven()Ljava/lang/String;]
[15:22:46 INFO]: [Incision-Test-1.0.0] [DEBUG] [Incision][DEBUG] register id=top.maplex.incisiontest.cases.SurgeonVersionMatrixCases#onSinglePoint@42 targets=[top/maplex/incisiontest/fixture/SurgeonVersionMatrixFixture.singlePoint()Ljava/lang/String;]
[15:22:46 INFO]: [Incision-Test-1.0.0] [DEBUG] [Incision][DEBUG] @Surgeon top.maplex.incisiontest.cases.SurgeonVersionMatrixCases#onInvertedRange 因 @Version([9.0, 1.0]) 跳过 (current=2.5)
[15:22:46 INFO]: [Incision-Test-1.0.0] [DEBUG] [Incision][DEBUG] register id=top.maplex.incisiontest.cases.SurgeonVersionMatrixCases#onLeadVersioned@44 targets=[top/maplex/incisiontest/fixture/SurgeonVersionMatrixFixture.leadTarget()Ljava/lang/String;]
[15:22:46 INFO]: [Incision-Test-1.0.0] [DEBUG] [Incision][DEBUG] register id=top.maplex.incisiontest.cases.SurgeonVersionMatrixCases#onTrailVersioned@45 targets=[top/maplex/incisiontest/fixture/SurgeonVersionMatrixFixture.trailTarget()Ljava/lang/String;]
[15:22:46 INFO]: [Incision-Test-1.0.0] [DEBUG] [Incision][DEBUG] register id=top.maplex.incisiontest.cases.SurgeonVersionMatrixCases#onSpliceVersioned@46 targets=[top/maplex/incisiontest/fixture/SurgeonVersionMatrixFixture.spliceTarget()Ljava/lang/String;]
[15:22:46 INFO]: [Incision-Test-1.0.0] [DEBUG] [Incision][DEBUG] register id=top.maplex.incisiontest.cases.SurgeonVersionMatrixCases#onExciseVersioned@47 targets=[top/maplex/incisiontest/fixture/SurgeonVersionMatrixFixture.exciseTarget()Ljava/lang/String;]
[15:22:46 INFO]: [Incision-Test-1.0.0] [DEBUG] [Incision][DEBUG] Site selector: anchor=INVOKE mode=EXACT target=top/maplex/incisiontest/fixture/SurgeonVersionMatrixFixture.helperForBypass()I ordinal=0 matches=1..1
[15:22:46 INFO]: [Incision-Test-1.0.0] [DEBUG] [Incision][DEBUG] register id=top.maplex.incisiontest.cases.SurgeonVersionMatrixCases#onBypassVersioned@48 targets=[top/maplex/incisiontest/fixture/SurgeonVersionMatrixFixture.bypassCallerTarget()I]
[15:22:46 INFO]: [Incision-Test-1.0.0] [DEBUG] [Incision][DEBUG] Site selector: anchor=NEW mode=EXACT target=java/lang/StringBuilder. ordinal=0 matches=1..1
[15:22:46 INFO]: [Incision-Test-1.0.0] [DEBUG] [Incision][DEBUG] register id=top.maplex.incisiontest.cases.SurgeonVersionMatrixCases#onGraftVersioned@49 targets=[top/maplex/incisiontest/fixture/SurgeonVersionMatrixFixture.graftCallerTarget()I]
[15:22:46 INFO]: [Incision-Test-1.0.0] [DEBUG] [Incision][DEBUG] Site selector: anchor=RETURN mode=EXACT target=. ordinal=0 matches=1..1
[15:22:46 INFO]: [Incision-Test-1.0.0] [DEBUG] [Incision][DEBUG] register id=top.maplex.incisiontest.cases.SurgeonVersionMatrixCases#onTrimReturnVersioned@50 targets=[top/maplex/incisiontest/fixture/SurgeonVersionMatrixFixture.trimReturnTarget()I]
[15:22:46 INFO]: [Incision-Test-1.0.0] [DEBUG] [Incision][DEBUG] @Surgeon top.maplex.incisiontest.cases.SurgeonVersionMatrixCases#onDefaultMatcher 因 @Version([2.0, 3.0]) 跳过 (current=1.16.5)
[15:22:46 INFO]: [Incision-Test-1.0.0] [DEBUG] [Incision][DEBUG] register id=top.maplex.incisiontest.cases.SurgeonVersionMatrixCases#onExplicitNoop@52 targets=[top/maplex/incisiontest/fixture/SurgeonVersionMatrixFixture.explicitNoopMatcherTarget()Ljava/lang/String;]
[15:22:46 INFO]: [Incision-Test-1.0.0] [DEBUG] [Incision][DEBUG] register id=top.maplex.incisiontest.cases.SurgeonVersionMatrixCases#onFakeNoBounds@53 targets=[top/maplex/incisiontest/fixture/SurgeonVersionMatrixFixture.fakeMatcherNoBoundsTarget()Ljava/lang/String;]
[15:22:46 INFO]: [Incision-Test-1.0.0] [DEBUG] [Incision][DEBUG] register id=top.maplex.incisiontest.cases.SurgeonVersionMatrixCases#onSegLongerStart@54 targets=[top/maplex/incisiontest/fixture/SurgeonVersionMatrixFixture.segmentLongerStart()Ljava/lang/String;]
[15:22:46 INFO]: [Incision-Test-1.0.0] [DEBUG] [Incision][DEBUG] register id=top.maplex.incisiontest.cases.SurgeonVersionMatrixCases#onSegLongerEnd@55 targets=[top/maplex/incisiontest/fixture/SurgeonVersionMatrixFixture.segmentLongerEnd()Ljava/lang/String;]
[15:22:46 INFO]: [Incision-Test-1.0.0] [DEBUG] [Incision][DEBUG] @Surgeon top.maplex.incisiontest.cases.SurgeonVersionMatrixCases#onMicroStepBelow 因 @Version([2.6, 3.0]) 跳过 (current=2.5)
[15:22:46 INFO]: [Incision-Test-1.0.0] [DEBUG] [Incision][DEBUG] @Surgeon top.maplex.incisiontest.cases.SurgeonVersionMatrixCases#onMicroStepAbove 因 @Version([2.0, 2.4]) 跳过 (current=2.5)
[15:22:46 INFO]: [Incision-Test-1.0.0] [DEBUG] [Incision][DEBUG] installWeaver status=PENDING_LOAD owner=top/maplex/incisiontest/fixture/SurgeonVersionMatrixFixture resolved=top/maplex/incisiontest/fixture/SurgeonVersionMatrixFixture advices=15 total=15 backend=JVMTI
[15:22:46 INFO]: [Incision-Test-1.0.0] [DEBUG] [Incision][DEBUG] Surgeon 扫描: top.maplex.incisiontest.cases.SurgeonVersionMatrixCases → 15 suture / 15 advice
[15:22:46 INFO]: [Incision-Test-1.0.0] [DEBUG] [Incision][DEBUG] register id=top.maplex.incisiontest.cases.SurgeonAnchorMatrixSiteCases#anchorHead@30 targets=[top/maplex/incisiontest/fixture/AnchorMatrixFixture_Site.siteHeadMethod()Ljava/lang/String;]
[15:22:46 INFO]: [Incision-Test-1.0.0] [DEBUG] [Incision][DEBUG] register id=top.maplex.incisiontest.cases.SurgeonAnchorMatrixSiteCases#anchorTail@31 targets=[top/maplex/incisiontest/fixture/AnchorMatrixFixture_Site.siteTailMethod()Ljava/lang/String;]
[15:22:46 INFO]: [Incision-Test-1.0.0] [DEBUG] [Incision][DEBUG] Site selector: anchor=RETURN mode=EXACT target=. ordinal=0 matches=1..1
[15:22:46 INFO]: [Incision-Test-1.0.0] [DEBUG] [Incision][DEBUG] register id=top.maplex.incisiontest.cases.SurgeonAnchorMatrixSiteCases#anchorReturn@32 targets=[top/maplex/incisiontest/fixture/AnchorMatrixFixture_Site.siteReturnMethod()I]
[15:22:46 INFO]: [Incision-Test-1.0.0] [DEBUG] [Incision][DEBUG] Site selector: anchor=THROW mode=EXACT target=. ordinal=0 matches=1..1
[15:22:46 INFO]: [Incision-Test-1.0.0] [DEBUG] [Incision][DEBUG] register id=top.maplex.incisiontest.cases.SurgeonAnchorMatrixSiteCases#anchorThrow@33 targets=[top/maplex/incisiontest/fixture/AnchorMatrixFixture_Site.siteThrowMethod()Ljava/lang/String;]
[15:22:46 INFO]: [Incision-Test-1.0.0] [DEBUG] [Incision][DEBUG] Site selector: anchor=INVOKE mode=EXACT target=top/maplex/incisiontest/fixture/AnchorMatrixFixture_Site.helperSite(I)I ordinal=0 matches=1..1
[15:22:46 INFO]: [Incision-Test-1.0.0] [DEBUG] [Incision][DEBUG] register id=top.maplex.incisiontest.cases.SurgeonAnchorMatrixSiteCases#siteInvokeOrd0@34 targets=[top/maplex/incisiontest/fixture/AnchorMatrixFixture_Site.siteInvokeChain(I)I]
[15:22:46 INFO]: [Incision-Test-1.0.0] [DEBUG] [Incision][DEBUG] Site selector: anchor=INVOKE mode=EXACT target=top/maplex/incisiontest/fixture/AnchorMatrixFixture_Site.helperSite(I)I ordinal=1 matches=1..1
[15:22:46 INFO]: [Incision-Test-1.0.0] [DEBUG] [Incision][DEBUG] register id=top.maplex.incisiontest.cases.SurgeonAnchorMatrixSiteCases#siteInvokeOrd1@35 targets=[top/maplex/incisiontest/fixture/AnchorMatrixFixture_Site.siteInvokeChain(I)I]
[15:22:46 INFO]: [Incision-Test-1.0.0] [DEBUG] [Incision][DEBUG] Site selector: anchor=INVOKE mode=EXACT target=top/maplex/incisiontest/fixture/AnchorMatrixFixture_Site.helperSite(I)I ordinal=2 matches=1..1
[15:22:46 INFO]: [Incision-Test-1.0.0] [DEBUG] [Incision][DEBUG] register id=top.maplex.incisiontest.cases.SurgeonAnchorMatrixSiteCases#siteInvokeOrd2@36 targets=[top/maplex/incisiontest/fixture/AnchorMatrixFixture_Site.siteInvokeChain(I)I]
[15:22:46 INFO]: [Incision-Test-1.0.0] [DEBUG] [Incision][DEBUG] Site selector: anchor=INVOKE mode=EXACT target=top/maplex/incisiontest/fixture/AnchorMatrixFixture_Site.helperSite(I)I ordinal=-1 matches=1..-1
[15:22:46 INFO]: [Incision-Test-1.0.0] [DEBUG] [Incision][DEBUG] register id=top.maplex.incisiontest.cases.SurgeonAnchorMatrixSiteCases#siteInvokeOrdAll@37 targets=[top/maplex/incisiontest/fixture/AnchorMatrixFixture_Site.siteInvokeChain(I)I]
[15:22:46 INFO]: [Incision-Test-1.0.0] [DEBUG] [Incision][DEBUG] Site selector: anchor=INVOKE mode=EXACT target=top/maplex/incisiontest/fixture/AnchorMatrixFixture_Site.helperSite(I)I ordinal=0 matches=1..1
[15:22:46 INFO]: [Incision-Test-1.0.0] [DEBUG] [Incision][DEBUG] register id=top.maplex.incisiontest.cases.SurgeonAnchorMatrixSiteCases#siteShiftBefore@38 targets=[top/maplex/incisiontest/fixture/AnchorMatrixFixture_Site.siteOffsetBaseline(I)I]
[15:22:46 INFO]: [Incision-Test-1.0.0] [DEBUG] [Incision][DEBUG] Site selector: anchor=INVOKE mode=EXACT target=top/maplex/incisiontest/fixture/AnchorMatrixFixture_Site.helperSite(I)I ordinal=0 matches=1..1
[15:22:46 INFO]: [Incision-Test-1.0.0] [DEBUG] [Incision][DEBUG] register id=top.maplex.incisiontest.cases.SurgeonAnchorMatrixSiteCases#siteShiftAfter@39 targets=[top/maplex/incisiontest/fixture/AnchorMatrixFixture_Site.siteOffsetBaseline(I)I]
[15:22:46 INFO]: [Incision-Test-1.0.0] [DEBUG] [Incision][DEBUG] Site selector: anchor=FIELD_GET mode=EXACT target=top/maplex/incisiontest/fixture/AnchorMatrixFixture_Site.counterI ordinal=0 matches=1..1
[15:22:46 INFO]: [Incision-Test-1.0.0] [DEBUG] [Incision][DEBUG] register id=top.maplex.incisiontest.cases.SurgeonAnchorMatrixSiteCases#siteFieldGetGraft@40 targets=[top/maplex/incisiontest/fixture/AnchorMatrixFixture_Site.siteFieldGet()I]
[15:22:46 INFO]: [Incision-Test-1.0.0] [DEBUG] [Incision][DEBUG] Site selector: anchor=FIELD_PUT mode=EXACT target=top/maplex/incisiontest/fixture/AnchorMatrixFixture_Site.lastWrittenI ordinal=0 matches=1..1
[15:22:46 INFO]: [Incision-Test-1.0.0] [DEBUG] [Incision][DEBUG] register id=top.maplex.incisiontest.cases.SurgeonAnchorMatrixSiteCases#siteFieldPutGraft@41 targets=[top/maplex/incisiontest/fixture/AnchorMatrixFixture_Site.siteFieldPut(I)V]
[15:22:46 INFO]: [Incision-Test-1.0.0] [DEBUG] [Incision][DEBUG] Site selector: anchor=NEW mode=EXACT target=java/lang/StringBuilder. ordinal=0 matches=1..1
[15:22:46 INFO]: [Incision-Test-1.0.0] [DEBUG] [Incision][DEBUG] register id=top.maplex.incisiontest.cases.SurgeonAnchorMatrixSiteCases#siteNewWithTarget@42 targets=[top/maplex/incisiontest/fixture/AnchorMatrixFixture_Site.siteNewObject()Ljava/lang/StringBuilder;]
[15:22:46 INFO]: [Incision-Test-1.0.0] [DEBUG] [Incision][DEBUG] Site selector: anchor=NEW mode=EXACT target=. ordinal=0 matches=1..1
[15:22:46 INFO]: [Incision-Test-1.0.0] [DEBUG] [Incision][DEBUG] register id=top.maplex.incisiontest.cases.SurgeonAnchorMatrixSiteCases#siteNewEmptyTarget@43 targets=[top/maplex/incisiontest/fixture/AnchorMatrixFixture_Site.siteTargetEmpty()Ljava/lang/Object;]
[15:22:46 INFO]: [Incision-Test-1.0.0] [DEBUG] [Incision][DEBUG] Site selector: anchor=INVOKE mode=EXACT target=top/maplex/incisiontest/fixture/AnchorMatrixFixture_Site.helperSite(I)I ordinal=0 matches=1..1
[15:22:46 INFO]: [Incision-Test-1.0.0] [DEBUG] [Incision][DEBUG] register id=top.maplex.incisiontest.cases.SurgeonAnchorMatrixSiteCases#siteOffsetZero@44 targets=[top/maplex/incisiontest/fixture/AnchorMatrixFixture_Site.siteOffsetBaseline(I)I]
[15:22:46 INFO]: [Incision-Test-1.0.0] [DEBUG] [Incision][DEBUG] installWeaver status=PENDING_LOAD owner=top/maplex/incisiontest/fixture/AnchorMatrixFixture_Site resolved=top/maplex/incisiontest/fixture/AnchorMatrixFixture_Site advices=15 total=15 backend=JVMTI
[15:22:46 INFO]: [Incision-Test-1.0.0] [DEBUG] [Incision][DEBUG] Surgeon 扫描: top.maplex.incisiontest.cases.SurgeonAnchorMatrixSiteCases → 15 suture / 15 advice
[15:22:46 INFO]: [Incision-Test-1.0.0] [DEBUG] [Incision][DEBUG] Site selector: anchor=FIELD_GET mode=EXACT target=top/maplex/incisiontest/fixture/AnchorMatrixFixture_Extras.counterShiftI ordinal=0 matches=1..1
[15:22:46 INFO]: [Incision-Test-1.0.0] [DEBUG] [Incision][DEBUG] register id=top.maplex.incisiontest.cases.SurgeonAnchorMatrixExtrasCases#fieldGetBefore@24 targets=[top/maplex/incisiontest/fixture/AnchorMatrixFixture_Extras.readCounterShift()I]
[15:22:46 INFO]: [Incision-Test-1.0.0] [DEBUG] [Incision][DEBUG] Site selector: anchor=FIELD_GET mode=EXACT target=top/maplex/incisiontest/fixture/AnchorMatrixFixture_Extras.counterShiftI ordinal=0 matches=1..1
[15:22:46 INFO]: [Incision-Test-1.0.0] [DEBUG] [Incision][DEBUG] register id=top.maplex.incisiontest.cases.SurgeonAnchorMatrixExtrasCases#fieldGetAfter@25 targets=[top/maplex/incisiontest/fixture/AnchorMatrixFixture_Extras.readCounterShift()I]
[15:22:46 INFO]: [Incision-Test-1.0.0] [DEBUG] [Incision][DEBUG] Site selector: anchor=FIELD_PUT mode=EXACT target=top/maplex/incisiontest/fixture/AnchorMatrixFixture_Extras.counterShiftI ordinal=0 matches=1..1
[15:22:46 INFO]: [Incision-Test-1.0.0] [DEBUG] [Incision][DEBUG] register id=top.maplex.incisiontest.cases.SurgeonAnchorMatrixExtrasCases#fieldPutBefore@26 targets=[top/maplex/incisiontest/fixture/AnchorMatrixFixture_Extras.writeCounterShift(I)V]
[15:22:46 INFO]: [Incision-Test-1.0.0] [DEBUG] [Incision][DEBUG] Site selector: anchor=FIELD_PUT mode=EXACT target=top/maplex/incisiontest/fixture/AnchorMatrixFixture_Extras.counterShiftI ordinal=0 matches=1..1
[15:22:46 INFO]: [Incision-Test-1.0.0] [DEBUG] [Incision][DEBUG] register id=top.maplex.incisiontest.cases.SurgeonAnchorMatrixExtrasCases#fieldPutAfter@27 targets=[top/maplex/incisiontest/fixture/AnchorMatrixFixture_Extras.writeCounterShift(I)V]
[15:22:46 INFO]: [Incision-Test-1.0.0] [DEBUG] [Incision][DEBUG] Site selector: anchor=NEW mode=EXACT target=java/lang/StringBuilder. ordinal=0 matches=1..1
[15:22:46 INFO]: [Incision-Test-1.0.0] [DEBUG] [Incision][DEBUG] register id=top.maplex.incisiontest.cases.SurgeonAnchorMatrixExtrasCases#newBefore@28 targets=[top/maplex/incisiontest/fixture/AnchorMatrixFixture_Extras.allocateBuilder()Ljava/lang/StringBuilder;]
[15:22:46 INFO]: [Incision-Test-1.0.0] [DEBUG] [Incision][DEBUG] Site selector: anchor=NEW mode=EXACT target=java/lang/StringBuilder. ordinal=0 matches=1..1
[15:22:46 INFO]: [Incision-Test-1.0.0] [DEBUG] [Incision][DEBUG] register id=top.maplex.incisiontest.cases.SurgeonAnchorMatrixExtrasCases#newAfter@29 targets=[top/maplex/incisiontest/fixture/AnchorMatrixFixture_Extras.allocateBuilder()Ljava/lang/StringBuilder;]
[15:22:46 INFO]: [Incision-Test-1.0.0] [DEBUG] [Incision][DEBUG] Site selector: anchor=HEAD mode=EXACT target=. ordinal=0 matches=1..1
[15:22:46 INFO]: [Incision-Test-1.0.0] [DEBUG] [Incision][DEBUG] register id=top.maplex.incisiontest.cases.SurgeonAnchorMatrixExtrasCases#tripleArg0@30 targets=[top/maplex/incisiontest/fixture/AnchorMatrixFixture_Extras.tripleArgEcho(Ljava/lang/String;Ljava/lang/String;Ljava/lang/String;)Ljava/lang/String;]
[15:22:46 INFO]: [Incision-Test-1.0.0] [DEBUG] [Incision][DEBUG] Site selector: anchor=HEAD mode=EXACT target=. ordinal=0 matches=1..1
[15:22:46 INFO]: [Incision-Test-1.0.0] [DEBUG] [Incision][DEBUG] register id=top.maplex.incisiontest.cases.SurgeonAnchorMatrixExtrasCases#tripleArg1@31 targets=[top/maplex/incisiontest/fixture/AnchorMatrixFixture_Extras.tripleArgEcho(Ljava/lang/String;Ljava/lang/String;Ljava/lang/String;)Ljava/lang/String;]
[15:22:46 INFO]: [Incision-Test-1.0.0] [DEBUG] [Incision][DEBUG] Site selector: anchor=HEAD mode=EXACT target=. ordinal=0 matches=1..1
[15:22:46 INFO]: [Incision-Test-1.0.0] [DEBUG] [Incision][DEBUG] register id=top.maplex.incisiontest.cases.SurgeonAnchorMatrixExtrasCases#tripleArg2@32 targets=[top/maplex/incisiontest/fixture/AnchorMatrixFixture_Extras.tripleArgEcho(Ljava/lang/String;Ljava/lang/String;Ljava/lang/String;)Ljava/lang/String;]
[15:22:46 INFO]: [Incision-Test-1.0.0] [DEBUG] [Incision][DEBUG] register id=top.maplex.incisiontest.cases.SurgeonAnchorMatrixExtrasCases#spliceShortCircuit@33 targets=[top/maplex/incisiontest/fixture/AnchorMatrixFixture_Extras.spliceSkipTarget(I)I]
[15:22:46 INFO]: [Incision-Test-1.0.0] [DEBUG] [Incision][DEBUG] register id=top.maplex.incisiontest.cases.SurgeonAnchorMatrixExtrasCases#exciseFullBody@34 targets=[top/maplex/incisiontest/fixture/AnchorMatrixFixture_Extras.exciseRawTarget()Ljava/lang/String;]
[15:22:46 INFO]: [Incision-Test-1.0.0] [DEBUG] [Incision][DEBUG] register id=top.maplex.incisiontest.cases.SurgeonAnchorMatrixExtrasCases#noParenLead@35 targets=[top/maplex/incisiontest/fixture/AnchorMatrixFixture_Extras.noParenMethod()Ljava/lang/String;]
[15:22:46 INFO]: [Incision-Test-1.0.0] [DEBUG] [Incision][DEBUG] installWeaver status=PENDING_LOAD owner=top/maplex/incisiontest/fixture/AnchorMatrixFixture_Extras resolved=top/maplex/incisiontest/fixture/AnchorMatrixFixture_Extras advices=12 total=12 backend=JVMTI
[15:22:46 INFO]: [Incision-Test-1.0.0] [DEBUG] [Incision][DEBUG] Surgeon 扫描: top.maplex.incisiontest.cases.SurgeonAnchorMatrixExtrasCases → 12 suture / 12 advice
[15:22:46 INFO]: [Incision-Test-1.0.0] [DEBUG] [Incision][DEBUG] register id=top.maplex.incisiontest.cases.OperationIdVariantsCases#id-variant-normal@8 targets=[top/maplex/incisiontest/fixture/OperationIdVariantsFixture.idNormalTarget()I]
[15:22:46 INFO]: [Incision-Test-1.0.0] [DEBUG] [Incision][DEBUG] register id=top.maplex.incisiontest.cases.OperationIdVariantsCases#id::with/special.chars-001@9 targets=[top/maplex/incisiontest/fixture/OperationIdVariantsFixture.idSpecialCharsTarget()I]
[15:22:46 INFO]: [Incision-Test-1.0.0] [DEBUG] [Incision][DEBUG] register id=top.maplex.incisiontest.cases.OperationIdVariantsCases#adviceEmptyFallback@10 targets=[top/maplex/incisiontest/fixture/OperationIdVariantsFixture.idEmptyFallbackTarget()I]
[15:22:46 INFO]: [Incision-Test-1.0.0] [DEBUG] [Incision][DEBUG] register id=top.maplex.incisiontest.cases.OperationIdVariantsCases#veryLong-abcdefghijabcdefghijabcdefghijabcdefghijabcdefghijabcdefghijabcdefghijabcdefghijabcdefghijabcdefghijabcdefghijabcdefghijabcdefghijabcdefghijabcdefghijabcdefghijabcdefghijabcdefghijabcdefghijabcdefghijabcdefghijabcdefghijabcdefghijabcdefghijabcdefghijabcdefghij@11 targets=[top/maplex/incisiontest/fixture/OperationIdVariantsFixture.idVeryLongTarget()I]
[15:22:46 INFO]: [Incision-Test-1.0.0] [DEBUG] [Incision][DEBUG] installWeaver status=PENDING_LOAD owner=top/maplex/incisiontest/fixture/OperationIdVariantsFixture resolved=top/maplex/incisiontest/fixture/OperationIdVariantsFixture advices=4 total=4 backend=JVMTI
[15:22:46 INFO]: [Incision-Test-1.0.0] [DEBUG] [Incision][DEBUG] Surgeon 扫描: top.maplex.incisiontest.cases.OperationIdVariantsCases → 4 suture / 4 advice
[15:22:46 INFO]: [Incision-Test-1.0.0] [DEBUG] [Incision][DEBUG] register id=top.maplex.incisiontest.cases.SurgeonPriorityPositiveCases#advicePositive@0 targets=[top/maplex/incisiontest/fixture/SurgeonPriorityFixture.pSharedTarget()Ljava/util/List;]
[15:22:46 INFO]: [Incision-Test-1.0.0] [DEBUG] [Incision][DEBUG] installWeaver status=PENDING_LOAD owner=top/maplex/incisiontest/fixture/SurgeonPriorityFixture resolved=top/maplex/incisiontest/fixture/SurgeonPriorityFixture advices=1 total=2 backend=JVMTI
[15:22:46 INFO]: [Incision-Test-1.0.0] [DEBUG] [Incision][DEBUG] Surgeon 扫描: top.maplex.incisiontest.cases.SurgeonPriorityPositiveCases → 1 suture / 1 advice
[15:22:46 INFO]: [Incision-Test-1.0.0] [DEBUG] [Incision][DEBUG] register id=top.maplex.incisiontest.cases.SurgeonPriorityDefaultCases#adviceDefault@0 targets=[top/maplex/incisiontest/fixture/SurgeonPriorityFixture.pSharedTarget()Ljava/util/List;]
[15:22:46 INFO]: [Incision-Test-1.0.0] [DEBUG] [Incision][DEBUG] installWeaver status=PENDING_LOAD owner=top/maplex/incisiontest/fixture/SurgeonPriorityFixture resolved=top/maplex/incisiontest/fixture/SurgeonPriorityFixture advices=1 total=3 backend=JVMTI
[15:22:46 INFO]: [Incision-Test-1.0.0] [DEBUG] [Incision][DEBUG] Surgeon 扫描: top.maplex.incisiontest.cases.SurgeonPriorityDefaultCases → 1 suture / 1 advice
[15:22:46 INFO]: [Incision-Test-1.0.0] [DEBUG] [Incision][DEBUG] register id=top.maplex.incisiontest.cases.PerformanceCases#probe@2 targets=[top/maplex/incisiontest/fixture/PerformanceFixture.probe(I)I]
[15:22:46 INFO]: [Incision-Test-1.0.0] [DEBUG] [Incision][DEBUG] register id=top.maplex.incisiontest.cases.PerformanceCases#lead@3 targets=[top/maplex/incisiontest/fixture/PerformanceFixture.lead(I)I]
[15:22:46 INFO]: [Incision-Test-1.0.0] [DEBUG] [Incision][DEBUG] register id=top.maplex.incisiontest.cases.PerformanceCases#leadOfPair@4 targets=[top/maplex/incisiontest/fixture/PerformanceFixture.leadTrail(I)I]
[15:22:46 INFO]: [Incision-Test-1.0.0] [DEBUG] [Incision][DEBUG] register id=top.maplex.incisiontest.cases.PerformanceCases#trailOfPair@5 targets=[top/maplex/incisiontest/fixture/PerformanceFixture.leadTrail(I)I]
[15:22:46 INFO]: [Incision-Test-1.0.0] [DEBUG] [Incision][DEBUG] JvmtiBackend.defineClass: top.maplex.incisiontest.taboolib.module.incision.pred.gen.Pred$1 in PluginClassLoader{plugin=null, pluginEnabled=uninitialized, url=plugins\Incision-Test-1.0.0.jar}
[15:22:46 INFO]: [Incision-Test-1.0.0] [DEBUG] [Incision][DEBUG] register id=top.maplex.incisiontest.cases.PerformanceCases#predicate@6 targets=[top/maplex/incisiontest/fixture/PerformanceFixture.predicate(I)I]
[15:22:46 INFO]: [Incision-Test-1.0.0] [DEBUG] [Incision][DEBUG] register id=top.maplex.incisiontest.cases.PerformanceCases#splice@7 targets=[top/maplex/incisiontest/fixture/PerformanceFixture.splice(I)I]
[15:22:46 INFO]: [Incision-Test-1.0.0] [DEBUG] [Incision][DEBUG] Site selector: anchor=INVOKE mode=EXACT target=top/maplex/incisiontest/fixture/PerformanceFixture.helper(I)I ordinal=0 matches=1..1
[15:22:46 INFO]: [Incision-Test-1.0.0] [DEBUG] [Incision][DEBUG] register id=top.maplex.incisiontest.cases.PerformanceCases#siteInvoke@8 targets=[top/maplex/incisiontest/fixture/PerformanceFixture.siteInvoke(I)I]
[15:22:46 INFO]: [Incision-Test-1.0.0] [DEBUG] [Incision][DEBUG] installWeaver status=PENDING_LOAD owner=top/maplex/incisiontest/fixture/PerformanceFixture resolved=top/maplex/incisiontest/fixture/PerformanceFixture advices=7 total=7 backend=JVMTI
[15:22:46 INFO]: [Incision-Test-1.0.0] [DEBUG] [Incision][DEBUG] Surgeon 扫描: top.maplex.incisiontest.cases.PerformanceCases → 7 suture / 7 advice
[15:22:46 INFO]: [Incision-Test-1.0.0] [DEBUG] [Incision][DEBUG] Site selector: anchor=INVOKE mode=EXACT target=top/maplex/incisiontest/fixture/SurgeonSiteTargetFixture.helper(I)I ordinal=-1 matches=1..-1
[15:22:46 INFO]: [Incision-Test-1.0.0] [DEBUG] [Incision][DEBUG] register id=top.maplex.incisiontest.cases.SurgeonSiteCases#graftBeforeHelperInvoke@18 targets=[top/maplex/incisiontest/fixture/SurgeonSiteTargetFixture.invokeHelper(I)I]
[15:22:46 INFO]: [Incision-Test-1.0.0] [DEBUG] [Incision][DEBUG] Site selector: anchor=INVOKE mode=EXACT target=top/maplex/incisiontest/fixture/SurgeonSiteTargetFixture.helper(I)I ordinal=-1 matches=1..-1
[15:22:46 INFO]: [Incision-Test-1.0.0] [DEBUG] [Incision][DEBUG] register id=top.maplex.incisiontest.cases.SurgeonSiteCases#graftAfterHelperInvoke@19 targets=[top/maplex/incisiontest/fixture/SurgeonSiteTargetFixture.invokeHelper(I)I]
[15:22:46 INFO]: [Incision-Test-1.0.0] [DEBUG] [Incision][DEBUG] Site selector: anchor=FIELD_GET mode=EXACT target=top/maplex/incisiontest/fixture/SurgeonSiteTargetFixture.counterI ordinal=0 matches=1..1
[15:22:46 INFO]: [Incision-Test-1.0.0] [DEBUG] [Incision][DEBUG] register id=top.maplex.incisiontest.cases.SurgeonSiteCases#graftOnFieldGet@20 targets=[top/maplex/incisiontest/fixture/SurgeonSiteTargetFixture.readCounter()I]
[15:22:46 INFO]: [Incision-Test-1.0.0] [DEBUG] [Incision][DEBUG] Site selector: anchor=FIELD_PUT mode=EXACT target=top/maplex/incisiontest/fixture/SurgeonSiteTargetFixture.counterI ordinal=0 matches=1..1
[15:22:46 INFO]: [Incision-Test-1.0.0] [DEBUG] [Incision][DEBUG] register id=top.maplex.incisiontest.cases.SurgeonSiteCases#graftOnFieldPut@21 targets=[top/maplex/incisiontest/fixture/SurgeonSiteTargetFixture.writeCounter(I)V]
[15:22:46 INFO]: [Incision-Test-1.0.0] [DEBUG] [Incision][DEBUG] Site selector: anchor=NEW mode=EXACT target=java/lang/StringBuilder. ordinal=0 matches=1..1
[15:22:46 INFO]: [Incision-Test-1.0.0] [DEBUG] [Incision][DEBUG] register id=top.maplex.incisiontest.cases.SurgeonSiteCases#graftOnNew@22 targets=[top/maplex/incisiontest/fixture/SurgeonSiteTargetFixture.allocate()Ljava/lang/StringBuilder;]
[15:22:46 INFO]: [Incision-Test-1.0.0] [DEBUG] [Incision][DEBUG] Site selector: anchor=THROW mode=EXACT target=. ordinal=0 matches=1..1
[15:22:46 INFO]: [Incision-Test-1.0.0] [DEBUG] [Incision][DEBUG] register id=top.maplex.incisiontest.cases.SurgeonSiteCases#graftOnThrow@23 targets=[top/maplex/incisiontest/fixture/SurgeonSiteTargetFixture.throwIt()Ljava/lang/String;]
[15:22:46 INFO]: [Incision-Test-1.0.0] [DEBUG] [Incision][DEBUG] Site selector: anchor=INVOKE mode=EXACT target=top/maplex/incisiontest/fixture/SurgeonSiteTargetFixture.helper(I)I ordinal=-1 matches=1..-1
[15:22:46 INFO]: [Incision-Test-1.0.0] [DEBUG] [Incision][DEBUG] register id=top.maplex.incisiontest.cases.SurgeonSiteCases#bypassHelperInvoke@24 targets=[top/maplex/incisiontest/fixture/SurgeonSiteTargetFixture.invokeHelper(I)I]
[15:22:46 INFO]: [Incision-Test-1.0.0] [DEBUG] [Incision][DEBUG] Site selector: anchor=RETURN mode=EXACT target=. ordinal=0 matches=1..1
[15:22:46 INFO]: [Incision-Test-1.0.0] [DEBUG] [Incision][DEBUG] register id=top.maplex.incisiontest.cases.SurgeonSiteCases#trimReturnPlain@25 targets=[top/maplex/incisiontest/fixture/SurgeonSiteTargetFixture.plainReturn()I]
[15:22:46 INFO]: [Incision-Test-1.0.0] [DEBUG] [Incision][DEBUG] Site selector: anchor=HEAD mode=EXACT target=. ordinal=0 matches=1..1
[15:22:46 INFO]: [Incision-Test-1.0.0] [DEBUG] [Incision][DEBUG] register id=top.maplex.incisiontest.cases.SurgeonSiteCases#trimEchoArg@26 targets=[top/maplex/incisiontest/fixture/SurgeonSiteTargetFixture.echo(Ljava/lang/String;)Ljava/lang/String;]
[15:22:46 INFO]: [Incision-Test-1.0.0] [DEBUG] [Incision][DEBUG] installWeaver status=PENDING_LOAD owner=top/maplex/incisiontest/fixture/SurgeonSiteTargetFixture resolved=top/maplex/incisiontest/fixture/SurgeonSiteTargetFixture advices=9 total=9 backend=JVMTI
[15:22:46 INFO]: [Incision-Test-1.0.0] [DEBUG] [Incision][DEBUG] Surgeon 扫描: top.maplex.incisiontest.cases.SurgeonSiteCases → 9 suture / 9 advice
[15:22:46 INFO]: [Incision-Test-1.0.0] [DEBUG] [Incision][DEBUG] register id=top.maplex.incisiontest.cases.SurgeonBasicCases#onGreetLead@8 targets=[top/maplex/incisiontest/fixture/SurgeonBasicTargetFixture.greet(Ljava/lang/String;)Ljava/lang/String;]
[15:22:46 INFO]: [Incision-Test-1.0.0] [DEBUG] [Incision][DEBUG] register id=top.maplex.incisiontest.cases.SurgeonBasicCases#onVoidTrail@9 targets=[top/maplex/incisiontest/fixture/SurgeonBasicTargetFixture.voidNoArg()V]
[15:22:46 INFO]: [Incision-Test-1.0.0] [DEBUG] [Incision][DEBUG] register id=top.maplex.incisiontest.cases.SurgeonBasicCases#onAddSplice@10 targets=[top/maplex/incisiontest/fixture/SurgeonBasicTargetFixture.add(II)I]
[15:22:46 INFO]: [Incision-Test-1.0.0] [DEBUG] [Incision][DEBUG] installWeaver status=PENDING_LOAD owner=top/maplex/incisiontest/fixture/SurgeonBasicTargetFixture resolved=top/maplex/incisiontest/fixture/SurgeonBasicTargetFixture advices=3 total=3 backend=JVMTI
[15:22:46 INFO]: [Incision-Test-1.0.0] [DEBUG] [Incision][DEBUG] Surgeon 扫描: top.maplex.incisiontest.cases.SurgeonBasicCases → 3 suture / 3 advice
[15:22:46 INFO]: [Incision-Test-1.0.0] [DEBUG] [Incision][DEBUG] register id=top.maplex.incisiontest.cases.SurgeonPriorityMinCases#adviceMin@2 targets=[top/maplex/incisiontest/fixture/SurgeonPriorityExtremeFixture.extremeMinTarget()I]
[15:22:46 INFO]: [Incision-Test-1.0.0] [DEBUG] [Incision][DEBUG] installWeaver status=PENDING_LOAD owner=top/maplex/incisiontest/fixture/SurgeonPriorityExtremeFixture resolved=top/maplex/incisiontest/fixture/SurgeonPriorityExtremeFixture advices=1 total=4 backend=JVMTI
[15:22:46 INFO]: [Incision-Test-1.0.0] [DEBUG] [Incision][DEBUG] Surgeon 扫描: top.maplex.incisiontest.cases.SurgeonPriorityMinCases → 1 suture / 1 advice
[15:22:46 INFO]: [Incision-Test-1.0.0] [DEBUG] [Incision][DEBUG] register id=top.maplex.incisiontest.cases.SurgeonOpcodeSeqAnchorCases#onHeadWithPattern@11 targets=[top/maplex/incisiontest/fixture/ComplexOpcodeFixture.arithmetic(I)I]
[15:22:46 INFO]: [Incision-Test-1.0.0] [DEBUG] [Incision][DEBUG] register id=top.maplex.incisiontest.cases.SurgeonOpcodeSeqAnchorCases#onHeadPatternIfeq@12 targets=[top/maplex/incisiontest/fixture/ComplexOpcodeFixture.branch(Z)I]
[15:22:46 INFO]: [Incision-Test-1.0.0] [DEBUG] [Incision][DEBUG] Site selector: anchor=INVOKE mode=EXACT target=top/maplex/incisiontest/fixture/ComplexOpcodeFixture.helper(I)I ordinal=-1 matches=1..-1
[15:22:46 INFO]: [Incision-Test-1.0.0] [DEBUG] [Incision][DEBUG] register id=top.maplex.incisiontest.cases.SurgeonOpcodeSeqAnchorCases#onInvokeWithPattern@13 targets=[top/maplex/incisiontest/fixture/ComplexOpcodeFixture.chainInvoke()I]
[15:22:46 INFO]: [Incision-Test-1.0.0] [DEBUG] [Incision][DEBUG] Site selector: anchor=INVOKE mode=GLOB target=*ComplexOpcodeFixture*.helper(*)* ordinal=-1 matches=1..-1
[15:22:46 INFO]: [Incision-Test-1.0.0] [DEBUG] [Incision][DEBUG] register id=top.maplex.incisiontest.cases.SurgeonOpcodeSeqAnchorCases#onInvokeWithGlob@14 targets=[top/maplex/incisiontest/fixture/ComplexOpcodeFixture.chainInvoke()I]
[15:22:46 INFO]: [Incision-Test-1.0.0] [DEBUG] [Incision][DEBUG] Site selector: anchor=INVOKE mode=EXACT target=top/maplex/incisiontest/fixture/ComplexOpcodeFixture.helper(I)I ordinal=0 matches=1..1
[15:22:46 INFO]: [Incision-Test-1.0.0] [DEBUG] [Incision][DEBUG] register id=top.maplex.incisiontest.cases.SurgeonOpcodeSeqAnchorCases#onInvokeAfterPattern@15 targets=[top/maplex/incisiontest/fixture/ComplexOpcodeFixture.chainInvoke()I]
[15:22:46 INFO]: [Incision-Test-1.0.0] [DEBUG] [Incision][DEBUG] JvmtiBackend.onClassFileLoad: top/maplex/incisiontest/fixture/ComplexOpcodeFixture (1 transformers, 4983 bytes)
[15:22:46 INFO]: [Incision-Test-1.0.0] [DEBUG] [Incision][DEBUG] weave inject top/maplex/incisiontest/fixture/ComplexOpcodeFixture.typeCheck(Ljava/lang/Object;)I kinds=[LEAD] static=false
[15:22:46 INFO]: [Incision-Test-1.0.0] [DEBUG] [Incision][DEBUG] weave inject top/maplex/incisiontest/fixture/ComplexOpcodeFixture.branch(Z)I kinds=[LEAD] static=false
[15:22:46 INFO]: [Incision-Test-1.0.0] [DEBUG] [Incision][DEBUG] weave inject top/maplex/incisiontest/fixture/ComplexOpcodeFixture.arrays()I kinds=[LEAD] static=false
[15:22:46 INFO]: [Incision-Test-1.0.0] [DEBUG] [Incision][DEBUG] weave inject top/maplex/incisiontest/fixture/ComplexOpcodeFixture.staticCalls()I kinds=[LEAD] static=false
[15:22:46 INFO]: [Incision-Test-1.0.0] [DEBUG] [Incision][DEBUG] weave inject top/maplex/incisiontest/fixture/ComplexOpcodeFixture.emptyBody()V kinds=[LEAD] static=false
[15:22:46 INFO]: [Incision-Test-1.0.0] [DEBUG] [Incision][DEBUG] weave inject top/maplex/incisiontest/fixture/ComplexOpcodeFixture.touchFields()I kinds=[LEAD] static=false
[15:22:46 INFO]: [Incision-Test-1.0.0] [DEBUG] [Incision][DEBUG] weave inject top/maplex/incisiontest/fixture/ComplexOpcodeFixture.numberLdc()J kinds=[LEAD] static=false
[15:22:46 INFO]: [Incision-Test-1.0.0] [DEBUG] [Incision][DEBUG] weave inject top/maplex/incisiontest/fixture/ComplexOpcodeFixture.multiFieldPut()I kinds=[LEAD] static=false
[15:22:46 INFO]: [Incision-Test-1.0.0] [DEBUG] [Incision][DEBUG] weave inject top/maplex/incisiontest/fixture/ComplexOpcodeFixture.loadStrings()Ljava/lang/String; kinds=[LEAD] static=false
[15:22:46 INFO]: [Incision-Test-1.0.0] [DEBUG] [Incision][DEBUG] weave inject top/maplex/incisiontest/fixture/ComplexOpcodeFixture.buildBuffer()Ljava/lang/String; kinds=[LEAD] static=false
[15:22:46 INFO]: [Incision-Test-1.0.0] [DEBUG] [Incision][DEBUG] weave inject top/maplex/incisiontest/fixture/ComplexOpcodeFixture.arithmetic(I)I kinds=[LEAD] static=false
[15:22:46 INFO]: [Incision-Test-1.0.0] [DEBUG] [Incision][DEBUG] weave inject top/maplex/incisiontest/fixture/ComplexOpcodeFixture.interfaceCall(Ljava/util/List;)I kinds=[LEAD] static=false
[15:22:46 INFO]: [Incision-Test-1.0.0] [DEBUG] [Incision][DEBUG] weave inject top/maplex/incisiontest/fixture/ComplexOpcodeFixture.densePattern()I kinds=[LEAD] static=false
[15:22:46 INFO]: [Incision-Test-1.0.0] [DEBUG] [Incision][DEBUG] weave inject top/maplex/incisiontest/fixture/ComplexOpcodeFixture.throwIt()Ljava/lang/String; kinds=[LEAD] static=false
[15:22:46 INFO]: [Incision-Test-1.0.0] [DEBUG] [Incision][DEBUG] weave inject top/maplex/incisiontest/fixture/ComplexOpcodeFixture.chainInvoke()I kinds=[GRAFT] static=false
[15:22:46 INFO]: [Incision-Test-1.0.0] [DEBUG] [Incision][DEBUG] JvmtiBackend.onClassFileLoad: top/maplex/incisiontest/fixture/ComplexOpcodeFixture → changed=true (7265 bytes)
[15:22:46 INFO]: [Incision-Test-1.0.0] [DEBUG] [Incision][DEBUG] JvmtiBackend.retransform top.maplex.incisiontest.fixture.ComplexOpcodeFixture → true (loaded=1 transformed=1)
[15:22:46 INFO]: [Incision-Test-1.0.0] [DEBUG] [Incision][DEBUG] installWeaver status=INSTALLED owner=top/maplex/incisiontest/fixture/ComplexOpcodeFixture resolved=top/maplex/incisiontest/fixture/ComplexOpcodeFixture advices=5 total=37 backend=JVMTI
[15:22:46 INFO]: [Incision-Test-1.0.0] [DEBUG] [Incision][DEBUG] Surgeon 扫描: top.maplex.incisiontest.cases.SurgeonOpcodeSeqAnchorCases → 5 suture / 5 advice
[15:22:46 INFO]: [Incision-Test-1.0.0] [DEBUG] [Incision][DEBUG] register id=top.maplex.incisiontest.cases.SurgeonMixinCases#overwriteMayThrow@4 targets=[top/maplex/incisiontest/fixture/SurgeonMixinTargetFixture.mayThrow(Z)Ljava/lang/String;]
[15:22:46 INFO]: [Incision-Test-1.0.0] [DEBUG] [Incision][DEBUG] register id=top.maplex.incisiontest.cases.SurgeonMixinCases#redirectHelper@5 targets=[top/maplex/incisiontest/fixture/SurgeonMixinTargetFixture.helper(I)I]
[15:22:46 INFO]: [Incision-Test-1.0.0] [DEBUG] [Incision][DEBUG] installWeaver status=PENDING_LOAD owner=top/maplex/incisiontest/fixture/SurgeonMixinTargetFixture resolved=top/maplex/incisiontest/fixture/SurgeonMixinTargetFixture advices=2 total=2 backend=JVMTI
[15:22:46 INFO]: [Incision-Test-1.0.0] [DEBUG] [Incision][DEBUG] Surgeon 扫描: top.maplex.incisiontest.cases.SurgeonMixinCases → 2 suture / 2 advice
[15:22:46 INFO]: [Incision-Test-1.0.0] [DEBUG] [Incision][DEBUG] register id=top.maplex.incisiontest.cases.SurgeonOperationHigherCases#higherSurgeonAdvice@0 targets=[top/maplex/incisiontest/fixture/SurgeonOperationTargetFixture.multiSurgeonTarget()Ljava/util/List;]
[15:22:46 INFO]: [Incision-Test-1.0.0] [DEBUG] [Incision][DEBUG] installWeaver status=PENDING_LOAD owner=top/maplex/incisiontest/fixture/SurgeonOperationTargetFixture resolved=top/maplex/incisiontest/fixture/SurgeonOperationTargetFixture advices=1 total=1 backend=JVMTI
[15:22:46 INFO]: [Incision-Test-1.0.0] [DEBUG] [Incision][DEBUG] Surgeon 扫描: top.maplex.incisiontest.cases.SurgeonOperationHigherCases → 1 suture / 1 advice
[15:22:46 INFO]: [Incision-Test-1.0.0] [DEBUG] [Incision][DEBUG] register id=top.maplex.incisiontest.cases.SurgeonPriorityZeroCases#adviceZero@0 targets=[top/maplex/incisiontest/fixture/SurgeonPriorityFixture.pSharedTarget()Ljava/util/List;]
[15:22:46 INFO]: [Incision-Test-1.0.0] [DEBUG] [Incision][DEBUG] installWeaver status=PENDING_LOAD owner=top/maplex/incisiontest/fixture/SurgeonPriorityFixture resolved=top/maplex/incisiontest/fixture/SurgeonPriorityFixture advices=1 total=4 backend=JVMTI
[15:22:46 INFO]: [Incision-Test-1.0.0] [DEBUG] [Incision][DEBUG] Surgeon 扫描: top.maplex.incisiontest.cases.SurgeonPriorityZeroCases → 1 suture / 1 advice
[15:22:46 INFO]: [Incision-Test-1.0.0] [DEBUG] [Incision][DEBUG] JvmtiBackend.defineClass: top.maplex.incisiontest.taboolib.module.incision.pred.gen.Pred$2 in PluginClassLoader{plugin=null, pluginEnabled=uninitialized, url=plugins\Incision-Test-1.0.0.jar}
[15:22:46 INFO]: [Incision-Test-1.0.0] [DEBUG] [Incision][DEBUG] register id=top.maplex.incisiontest.cases.SurgeonPredicateCases#onSpawnDragon@67 targets=[top/maplex/incisiontest/fixture/PredicateFixture.spawn(Ljava/lang/String;I)Ljava/lang/String;]
[15:22:46 INFO]: [Incision-Test-1.0.0] [DEBUG] [Incision][DEBUG] JvmtiBackend.defineClass: top.maplex.incisiontest.taboolib.module.incision.pred.gen.Pred$3 in PluginClassLoader{plugin=null, pluginEnabled=uninitialized, url=plugins\Incision-Test-1.0.0.jar}
[15:22:46 INFO]: [Incision-Test-1.0.0] [DEBUG] [Incision][DEBUG] register id=top.maplex.incisiontest.cases.SurgeonPredicateCases#onSpawnLowLevel@68 targets=[top/maplex/incisiontest/fixture/PredicateFixture.spawn(Ljava/lang/String;I)Ljava/lang/String;]
[15:22:46 INFO]: [Incision-Test-1.0.0] [DEBUG] [Incision][DEBUG] JvmtiBackend.defineClass: top.maplex.incisiontest.taboolib.module.incision.pred.gen.Pred$4 in PluginClassLoader{plugin=null, pluginEnabled=uninitialized, url=plugins\Incision-Test-1.0.0.jar}
[15:22:46 INFO]: [Incision-Test-1.0.0] [DEBUG] [Incision][DEBUG] register id=top.maplex.incisiontest.cases.SurgeonPredicateCases#onLogEqString@69 targets=[top/maplex/incisiontest/fixture/PredicateFixture.log(Ljava/lang/String;)Ljava/lang/String;]
[15:22:46 INFO]: [Incision-Test-1.0.0] [DEBUG] [Incision][DEBUG] JvmtiBackend.defineClass: top.maplex.incisiontest.taboolib.module.incision.pred.gen.Pred$5 in PluginClassLoader{plugin=null, pluginEnabled=uninitialized, url=plugins\Incision-Test-1.0.0.jar}
[15:22:46 INFO]: [Incision-Test-1.0.0] [DEBUG] [Incision][DEBUG] register id=top.maplex.incisiontest.cases.SurgeonPredicateCases#onSpawnNeqInt@70 targets=[top/maplex/incisiontest/fixture/PredicateFixture.spawn(Ljava/lang/String;I)Ljava/lang/String;]
[15:22:46 INFO]: [Incision-Test-1.0.0] [DEBUG] [Incision][DEBUG] JvmtiBackend.defineClass: top.maplex.incisiontest.taboolib.module.incision.pred.gen.Pred$6 in PluginClassLoader{plugin=null, pluginEnabled=uninitialized, url=plugins\Incision-Test-1.0.0.jar}
[15:22:46 INFO]: [Incision-Test-1.0.0] [DEBUG] [Incision][DEBUG] register id=top.maplex.incisiontest.cases.SurgeonPredicateCases#onMeasureLt@71 targets=[top/maplex/incisiontest/fixture/PredicateFixture.measure(D)Ljava/lang/String;]
[15:22:46 INFO]: [Incision-Test-1.0.0] [DEBUG] [Incision][DEBUG] JvmtiBackend.defineClass: top.maplex.incisiontest.taboolib.module.incision.pred.gen.Pred$7 in PluginClassLoader{plugin=null, pluginEnabled=uninitialized, url=plugins\Incision-Test-1.0.0.jar}
[15:22:46 INFO]: [Incision-Test-1.0.0] [DEBUG] [Incision][DEBUG] register id=top.maplex.incisiontest.cases.SurgeonPredicateCases#onMeasureGt@72 targets=[top/maplex/incisiontest/fixture/PredicateFixture.measure(D)Ljava/lang/String;]
[15:22:46 INFO]: [Incision-Test-1.0.0] [DEBUG] [Incision][DEBUG] JvmtiBackend.defineClass: top.maplex.incisiontest.taboolib.module.incision.pred.gen.Pred$8 in PluginClassLoader{plugin=null, pluginEnabled=uninitialized, url=plugins\Incision-Test-1.0.0.jar}
[15:22:46 INFO]: [Incision-Test-1.0.0] [DEBUG] [Incision][DEBUG] register id=top.maplex.incisiontest.cases.SurgeonPredicateCases#onSpawnLe@73 targets=[top/maplex/incisiontest/fixture/PredicateFixture.spawn(Ljava/lang/String;I)Ljava/lang/String;]
[15:22:46 INFO]: [Incision-Test-1.0.0] [DEBUG] [Incision][DEBUG] JvmtiBackend.defineClass: top.maplex.incisiontest.taboolib.module.incision.pred.gen.Pred$9 in PluginClassLoader{plugin=null, pluginEnabled=uninitialized, url=plugins\Incision-Test-1.0.0.jar}
[15:22:46 INFO]: [Incision-Test-1.0.0] [DEBUG] [Incision][DEBUG] register id=top.maplex.incisiontest.cases.SurgeonPredicateCases#onSpawnGe@74 targets=[top/maplex/incisiontest/fixture/PredicateFixture.spawn(Ljava/lang/String;I)Ljava/lang/String;]
[15:22:46 INFO]: [Incision-Test-1.0.0] [DEBUG] [Incision][DEBUG] JvmtiBackend.defineClass: top.maplex.incisiontest.taboolib.module.incision.pred.gen.Pred$10 in PluginClassLoader{plugin=null, pluginEnabled=uninitialized, url=plugins\Incision-Test-1.0.0.jar}
[15:22:46 INFO]: [Incision-Test-1.0.0] [DEBUG] [Incision][DEBUG] register id=top.maplex.incisiontest.cases.SurgeonPredicateCases#onLogMatches@75 targets=[top/maplex/incisiontest/fixture/PredicateFixture.log(Ljava/lang/String;)Ljava/lang/String;]
[15:22:46 INFO]: [Incision-Test-1.0.0] [DEBUG] [Incision][DEBUG] JvmtiBackend.defineClass: top.maplex.incisiontest.taboolib.module.incision.pred.gen.Pred$11 in PluginClassLoader{plugin=null, pluginEnabled=uninitialized, url=plugins\Incision-Test-1.0.0.jar}
[15:22:46 INFO]: [Incision-Test-1.0.0] [DEBUG] [Incision][DEBUG] register id=top.maplex.incisiontest.cases.SurgeonPredicateCases#onLogInString@76 targets=[top/maplex/incisiontest/fixture/PredicateFixture.log(Ljava/lang/String;)Ljava/lang/String;]
[15:22:46 INFO]: [Incision-Test-1.0.0] [DEBUG] [Incision][DEBUG] JvmtiBackend.defineClass: top.maplex.incisiontest.taboolib.module.incision.pred.gen.Pred$12 in PluginClassLoader{plugin=null, pluginEnabled=uninitialized, url=plugins\Incision-Test-1.0.0.jar}
[15:22:46 INFO]: [Incision-Test-1.0.0] [DEBUG] [Incision][DEBUG] register id=top.maplex.incisiontest.cases.SurgeonPredicateCases#onHandleInList@77 targets=[top/maplex/incisiontest/fixture/PredicateFixture.handle(Ljava/util/List;)Ljava/lang/String;]
[15:22:46 INFO]: [Incision-Test-1.0.0] [DEBUG] [Incision][DEBUG] JvmtiBackend.defineClass: top.maplex.incisiontest.taboolib.module.incision.pred.gen.Pred$13 in PluginClassLoader{plugin=null, pluginEnabled=uninitialized, url=plugins\Incision-Test-1.0.0.jar}
[15:22:46 INFO]: [Incision-Test-1.0.0] [DEBUG] [Incision][DEBUG] register id=top.maplex.incisiontest.cases.SurgeonPredicateCases#onAcceptIsString@78 targets=[top/maplex/incisiontest/fixture/PredicateFixture.accept(Ljava/lang/Object;)Ljava/lang/String;]
[15:22:46 INFO]: [Incision-Test-1.0.0] [DEBUG] [Incision][DEBUG] JvmtiBackend.defineClass: top.maplex.incisiontest.taboolib.module.incision.pred.gen.Pred$14 in PluginClassLoader{plugin=null, pluginEnabled=uninitialized, url=plugins\Incision-Test-1.0.0.jar}
[15:22:46 INFO]: [Incision-Test-1.0.0] [DEBUG] [Incision][DEBUG] register id=top.maplex.incisiontest.cases.SurgeonPredicateCases#onAcceptNotIsInt@79 targets=[top/maplex/incisiontest/fixture/PredicateFixture.accept(Ljava/lang/Object;)Ljava/lang/String;]
[15:22:46 INFO]: [Incision-Test-1.0.0] [DEBUG] [Incision][DEBUG] JvmtiBackend.defineClass: top.maplex.incisiontest.taboolib.module.incision.pred.gen.Pred$15 in PluginClassLoader{plugin=null, pluginEnabled=uninitialized, url=plugins\Incision-Test-1.0.0.jar}
[15:22:46 INFO]: [Incision-Test-1.0.0] [DEBUG] [Incision][DEBUG] register id=top.maplex.incisiontest.cases.SurgeonPredicateCases#onHandleIcList@80 targets=[top/maplex/incisiontest/fixture/PredicateFixture.handle(Ljava/util/List;)Ljava/lang/String;]
[15:22:46 INFO]: [Incision-Test-1.0.0] [DEBUG] [Incision][DEBUG] JvmtiBackend.defineClass: top.maplex.incisiontest.taboolib.module.incision.pred.gen.Pred$16 in PluginClassLoader{plugin=null, pluginEnabled=uninitialized, url=plugins\Incision-Test-1.0.0.jar}
[15:22:46 INFO]: [Incision-Test-1.0.0] [DEBUG] [Incision][DEBUG] register id=top.maplex.incisiontest.cases.SurgeonPredicateCases#onAcceptIpObject@81 targets=[top/maplex/incisiontest/fixture/PredicateFixture.accept(Ljava/lang/Object;)Ljava/lang/String;]
[15:22:46 INFO]: [Incision-Test-1.0.0] [DEBUG] [Incision][DEBUG] JvmtiBackend.defineClass: top.maplex.incisiontest.taboolib.module.incision.pred.gen.Pred$17 in PluginClassLoader{plugin=null, pluginEnabled=uninitialized, url=plugins\Incision-Test-1.0.0.jar}
[15:22:46 INFO]: [Incision-Test-1.0.0] [DEBUG] [Incision][DEBUG] register id=top.maplex.incisiontest.cases.SurgeonPredicateCases#onTriggerItExact@82 targets=[top/maplex/incisiontest/fixture/PredicateFixture.trigger(Ljava/lang/String;)Ljava/lang/String;]
[15:22:46 INFO]: [Incision-Test-1.0.0] [DEBUG] [Incision][DEBUG] JvmtiBackend.defineClass: top.maplex.incisiontest.taboolib.module.incision.pred.gen.Pred$18 in PluginClassLoader{plugin=null, pluginEnabled=uninitialized, url=plugins\Incision-Test-1.0.0.jar}
[15:22:46 INFO]: [Incision-Test-1.0.0] [DEBUG] [Incision][DEBUG] register id=top.maplex.incisiontest.cases.SurgeonPredicateCases#onAcceptNotIt@83 targets=[top/maplex/incisiontest/fixture/PredicateFixture.accept(Ljava/lang/Object;)Ljava/lang/String;]
[15:22:46 INFO]: [Incision-Test-1.0.0] [DEBUG] [Incision][DEBUG] JvmtiBackend.defineClass: top.maplex.incisiontest.taboolib.module.incision.pred.gen.Pred$19 in PluginClassLoader{plugin=null, pluginEnabled=uninitialized, url=plugins\Incision-Test-1.0.0.jar}
[15:22:46 INFO]: [Incision-Test-1.0.0] [DEBUG] [Incision][DEBUG] register id=top.maplex.incisiontest.cases.SurgeonPredicateCases#onAcceptAsCast@84 targets=[top/maplex/incisiontest/fixture/PredicateFixture.accept(Ljava/lang/Object;)Ljava/lang/String;]
[15:22:46 INFO]: [Incision-Test-1.0.0] [DEBUG] [Incision][DEBUG] JvmtiBackend.defineClass: top.maplex.incisiontest.taboolib.module.incision.pred.gen.Pred$20 in PluginClassLoader{plugin=null, pluginEnabled=uninitialized, url=plugins\Incision-Test-1.0.0.jar}
[15:22:46 INFO]: [Incision-Test-1.0.0] [DEBUG] [Incision][DEBUG] register id=top.maplex.incisiontest.cases.SurgeonPredicateCases#onRegisterProperty@85 targets=[top/maplex/incisiontest/fixture/PredicateFixture.register(Ltop/maplex/incisiontest/fixture/PredicateFixture$Named;)Ljava/lang/String;]
[15:22:46 INFO]: [Incision-Test-1.0.0] [DEBUG] [Incision][DEBUG] JvmtiBackend.defineClass: top.maplex.incisiontest.taboolib.module.incision.pred.gen.Pred$21 in PluginClassLoader{plugin=null, pluginEnabled=uninitialized, url=plugins\Incision-Test-1.0.0.jar}
[15:22:46 INFO]: [Incision-Test-1.0.0] [DEBUG] [Incision][DEBUG] register id=top.maplex.incisiontest.cases.SurgeonPredicateCases#onRegisterPropertySize@86 targets=[top/maplex/incisiontest/fixture/PredicateFixture.register(Ltop/maplex/incisiontest/fixture/PredicateFixture$Named;)Ljava/lang/String;]
[15:22:46 INFO]: [Incision-Test-1.0.0] [DEBUG] [Incision][DEBUG] JvmtiBackend.defineClass: top.maplex.incisiontest.taboolib.module.incision.pred.gen.Pred$22 in PluginClassLoader{plugin=null, pluginEnabled=uninitialized, url=plugins\Incision-Test-1.0.0.jar}
[15:22:46 INFO]: [Incision-Test-1.0.0] [DEBUG] [Incision][DEBUG] register id=top.maplex.incisiontest.cases.SurgeonPredicateCases#onRegisterMethodCall@87 targets=[top/maplex/incisiontest/fixture/PredicateFixture.register(Ltop/maplex/incisiontest/fixture/PredicateFixture$Named;)Ljava/lang/String;]
[15:22:46 INFO]: [Incision-Test-1.0.0] [DEBUG] [Incision][DEBUG] JvmtiBackend.defineClass: top.maplex.incisiontest.taboolib.module.incision.pred.gen.Pred$23 in PluginClassLoader{plugin=null, pluginEnabled=uninitialized, url=plugins\Incision-Test-1.0.0.jar}
[15:22:46 INFO]: [Incision-Test-1.0.0] [DEBUG] [Incision][DEBUG] register id=top.maplex.incisiontest.cases.SurgeonPredicateCases#onRegisterMethodNoArg@88 targets=[top/maplex/incisiontest/fixture/PredicateFixture.register(Ltop/maplex/incisiontest/fixture/PredicateFixture$Named;)Ljava/lang/String;]
[15:22:46 INFO]: [Incision-Test-1.0.0] [DEBUG] [Incision][DEBUG] JvmtiBackend.defineClass: top.maplex.incisiontest.taboolib.module.incision.pred.gen.Pred$24 in PluginClassLoader{plugin=null, pluginEnabled=uninitialized, url=plugins\Incision-Test-1.0.0.jar}
[15:22:46 INFO]: [Incision-Test-1.0.0] [DEBUG] [Incision][DEBUG] register id=top.maplex.incisiontest.cases.SurgeonPredicateCases#onTouchSafeCall@89 targets=[top/maplex/incisiontest/fixture/PredicateFixture.touch(Ltop/maplex/incisiontest/fixture/PredicateFixture$Named;)Ljava/lang/String;]
[15:22:46 INFO]: [Incision-Test-1.0.0] [DEBUG] [Incision][DEBUG] JvmtiBackend.defineClass: top.maplex.incisiontest.taboolib.module.incision.pred.gen.Pred$25 in PluginClassLoader{plugin=null, pluginEnabled=uninitialized, url=plugins\Incision-Test-1.0.0.jar}
[15:22:46 INFO]: [Incision-Test-1.0.0] [DEBUG] [Incision][DEBUG] register id=top.maplex.incisiontest.cases.SurgeonPredicateCases#onSpawnAnd@90 targets=[top/maplex/incisiontest/fixture/PredicateFixture.spawn(Ljava/lang/String;I)Ljava/lang/String;]
[15:22:46 INFO]: [Incision-Test-1.0.0] [DEBUG] [Incision][DEBUG] JvmtiBackend.defineClass: top.maplex.incisiontest.taboolib.module.incision.pred.gen.Pred$26 in PluginClassLoader{plugin=null, pluginEnabled=uninitialized, url=plugins\Incision-Test-1.0.0.jar}
[15:22:46 INFO]: [Incision-Test-1.0.0] [DEBUG] [Incision][DEBUG] register id=top.maplex.incisiontest.cases.SurgeonPredicateCases#onSpawnOr@91 targets=[top/maplex/incisiontest/fixture/PredicateFixture.spawn(Ljava/lang/String;I)Ljava/lang/String;]
[15:22:46 INFO]: [Incision-Test-1.0.0] [DEBUG] [Incision][DEBUG] JvmtiBackend.defineClass: top.maplex.incisiontest.taboolib.module.incision.pred.gen.Pred$27 in PluginClassLoader{plugin=null, pluginEnabled=uninitialized, url=plugins\Incision-Test-1.0.0.jar}
[15:22:46 INFO]: [Incision-Test-1.0.0] [DEBUG] [Incision][DEBUG] register id=top.maplex.incisiontest.cases.SurgeonPredicateCases#onSpawnNot@92 targets=[top/maplex/incisiontest/fixture/PredicateFixture.spawn(Ljava/lang/String;I)Ljava/lang/String;]
[15:22:46 INFO]: [Incision-Test-1.0.0] [DEBUG] [Incision][DEBUG] JvmtiBackend.defineClass: top.maplex.incisiontest.taboolib.module.incision.pred.gen.Pred$28 in PluginClassLoader{plugin=null, pluginEnabled=uninitialized, url=plugins\Incision-Test-1.0.0.jar}
[15:22:46 INFO]: [Incision-Test-1.0.0] [DEBUG] [Incision][DEBUG] register id=top.maplex.incisiontest.cases.SurgeonPredicateCases#onSpawnNested@93 targets=[top/maplex/incisiontest/fixture/PredicateFixture.spawn(Ljava/lang/String;I)Ljava/lang/String;]
[15:22:46 INFO]: [Incision-Test-1.0.0] [DEBUG] [Incision][DEBUG] JvmtiBackend.defineClass: top.maplex.incisiontest.taboolib.module.incision.pred.gen.Pred$29 in PluginClassLoader{plugin=null, pluginEnabled=uninitialized, url=plugins\Incision-Test-1.0.0.jar}
[15:22:46 INFO]: [Incision-Test-1.0.0] [DEBUG] [Incision][DEBUG] register id=top.maplex.incisiontest.cases.SurgeonPredicateCases#onFlagTrue@94 targets=[top/maplex/incisiontest/fixture/PredicateFixture.flag(Ljava/lang/Object;)Ljava/lang/String;]
[15:22:46 INFO]: [Incision-Test-1.0.0] [DEBUG] [Incision][DEBUG] JvmtiBackend.defineClass: top.maplex.incisiontest.taboolib.module.incision.pred.gen.Pred$30 in PluginClassLoader{plugin=null, pluginEnabled=uninitialized, url=plugins\Incision-Test-1.0.0.jar}
[15:22:46 INFO]: [Incision-Test-1.0.0] [DEBUG] [Incision][DEBUG] register id=top.maplex.incisiontest.cases.SurgeonPredicateCases#onFlagFalse@95 targets=[top/maplex/incisiontest/fixture/PredicateFixture.flag(Ljava/lang/Object;)Ljava/lang/String;]
[15:22:46 INFO]: [Incision-Test-1.0.0] [DEBUG] [Incision][DEBUG] JvmtiBackend.defineClass: top.maplex.incisiontest.taboolib.module.incision.pred.gen.Pred$31 in PluginClassLoader{plugin=null, pluginEnabled=uninitialized, url=plugins\Incision-Test-1.0.0.jar}
[15:22:46 INFO]: [Incision-Test-1.0.0] [DEBUG] [Incision][DEBUG] register id=top.maplex.incisiontest.cases.SurgeonPredicateCases#onFlagNull@96 targets=[top/maplex/incisiontest/fixture/PredicateFixture.flag(Ljava/lang/Object;)Ljava/lang/String;]
[15:22:46 INFO]: [Incision-Test-1.0.0] [DEBUG] [Incision][DEBUG] JvmtiBackend.defineClass: top.maplex.incisiontest.taboolib.module.incision.pred.gen.Pred$32 in PluginClassLoader{plugin=null, pluginEnabled=uninitialized, url=plugins\Incision-Test-1.0.0.jar}
[15:22:46 INFO]: [Incision-Test-1.0.0] [DEBUG] [Incision][DEBUG] register id=top.maplex.incisiontest.cases.SurgeonPredicateCases#onMeasureDouble@97 targets=[top/maplex/incisiontest/fixture/PredicateFixture.measure(D)Ljava/lang/String;]
[15:22:46 INFO]: [Incision-Test-1.0.0] [DEBUG] [Incision][DEBUG] JvmtiBackend.defineClass: top.maplex.incisiontest.taboolib.module.incision.pred.gen.Pred$33 in PluginClassLoader{plugin=null, pluginEnabled=uninitialized, url=plugins\Incision-Test-1.0.0.jar}
[15:22:46 INFO]: [Incision-Test-1.0.0] [DEBUG] [Incision][DEBUG] register id=top.maplex.incisiontest.cases.SurgeonPredicateCases#onSpawnCompound@98 targets=[top/maplex/incisiontest/fixture/PredicateFixture.spawn(Ljava/lang/String;I)Ljava/lang/String;]
[15:22:46 INFO]: [Incision-Test-1.0.0] [DEBUG] [Incision][DEBUG] JvmtiBackend.defineClass: top.maplex.incisiontest.taboolib.module.incision.pred.gen.Pred$34 in PluginClassLoader{plugin=null, pluginEnabled=uninitialized, url=plugins\Incision-Test-1.0.0.jar}
[15:22:46 INFO]: [Incision-Test-1.0.0] [DEBUG] [Incision][DEBUG] register id=top.maplex.incisiontest.cases.SurgeonPredicateCases#onLogThisRef@99 targets=[top/maplex/incisiontest/fixture/PredicateFixture.log(Ljava/lang/String;)Ljava/lang/String;]
[15:22:46 INFO]: [Incision-Test-1.0.0] [DEBUG] [Incision][DEBUG] register id=top.maplex.incisiontest.cases.SurgeonPredicateCases#onEmptyWhere@115 targets=[top/maplex/incisiontest/fixture/PredicateFixture.whereEmpty(I)I]
[15:22:46 INFO]: [Incision-Test-1.0.0] [DEBUG] [Incision][DEBUG] JvmtiBackend.defineClass: top.maplex.incisiontest.taboolib.module.incision.pred.gen.Pred$35 in PluginClassLoader{plugin=null, pluginEnabled=uninitialized, url=plugins\Incision-Test-1.0.0.jar}
[15:22:46 INFO]: [Incision-Test-1.0.0] [DEBUG] [Incision][DEBUG] register id=top.maplex.incisiontest.cases.SurgeonPredicateCases#onTrailWithWhere@116 targets=[top/maplex/incisiontest/fixture/PredicateFixture.whereTrail(I)I]
[15:22:46 INFO]: [Incision-Test-1.0.0] [DEBUG] [Incision][DEBUG] JvmtiBackend.defineClass: top.maplex.incisiontest.taboolib.module.incision.pred.gen.Pred$36 in PluginClassLoader{plugin=null, pluginEnabled=uninitialized, url=plugins\Incision-Test-1.0.0.jar}
[15:22:46 INFO]: [Incision-Test-1.0.0] [DEBUG] [Incision][DEBUG] register id=top.maplex.incisiontest.cases.SurgeonPredicateCases#onSpliceWithWhere@117 targets=[top/maplex/incisiontest/fixture/PredicateFixture.whereSplice(I)I]
[15:22:46 INFO]: [Incision-Test-1.0.0] [DEBUG] [Incision][DEBUG] JvmtiBackend.defineClass: top.maplex.incisiontest.taboolib.module.incision.pred.gen.Pred$37 in PluginClassLoader{plugin=null, pluginEnabled=uninitialized, url=plugins\Incision-Test-1.0.0.jar}
[15:22:46 INFO]: [Incision-Test-1.0.0] [DEBUG] [Incision][DEBUG] register id=top.maplex.incisiontest.cases.SurgeonPredicateCases#onExciseWithWhere@118 targets=[top/maplex/incisiontest/fixture/PredicateFixture.whereExcise(Ljava/lang/String;)Ljava/lang/String;]
[15:22:46 INFO]: [Incision-Test-1.0.0] [DEBUG] [Incision][DEBUG] Site selector: anchor=INVOKE mode=EXACT target=top/maplex/incisiontest/fixture/PredicateFixture.whereBypassHelper(I)I ordinal=0 matches=1..1
[15:22:46 INFO]: [Incision-Test-1.0.0] [DEBUG] [Incision][DEBUG] JvmtiBackend.defineClass: top.maplex.incisiontest.taboolib.module.incision.pred.gen.Pred$38 in PluginClassLoader{plugin=null, pluginEnabled=uninitialized, url=plugins\Incision-Test-1.0.0.jar}
[15:22:46 INFO]: [Incision-Test-1.0.0] [DEBUG] [Incision][DEBUG] register id=top.maplex.incisiontest.cases.SurgeonPredicateCases#onBypassWithWhere@119 targets=[top/maplex/incisiontest/fixture/PredicateFixture.whereBypass(I)I]
[15:22:46 INFO]: [Incision-Test-1.0.0] [DEBUG] [Incision][DEBUG] Site selector: anchor=INVOKE mode=EXACT target=top/maplex/incisiontest/fixture/PredicateFixture.whereGraftHelper(I)I ordinal=0 matches=1..1
[15:22:46 INFO]: [Incision-Test-1.0.0] [DEBUG] [Incision][DEBUG] JvmtiBackend.defineClass: top.maplex.incisiontest.taboolib.module.incision.pred.gen.Pred$39 in PluginClassLoader{plugin=null, pluginEnabled=uninitialized, url=plugins\Incision-Test-1.0.0.jar}
[15:22:46 INFO]: [Incision-Test-1.0.0] [DEBUG] [Incision][DEBUG] register id=top.maplex.incisiontest.cases.SurgeonPredicateCases#onGraftWithWhere@120 targets=[top/maplex/incisiontest/fixture/PredicateFixture.whereGraft(I)I]
[15:22:46 INFO]: [Incision-Test-1.0.0] [DEBUG] [Incision][DEBUG] Site selector: anchor=HEAD mode=EXACT target=. ordinal=0 matches=1..1
[15:22:46 INFO]: [Incision-Test-1.0.0] [DEBUG] [Incision][DEBUG] JvmtiBackend.defineClass: top.maplex.incisiontest.taboolib.module.incision.pred.gen.Pred$40 in PluginClassLoader{plugin=null, pluginEnabled=uninitialized, url=plugins\Incision-Test-1.0.0.jar}
[15:22:46 INFO]: [Incision-Test-1.0.0] [DEBUG] [Incision][DEBUG] register id=top.maplex.incisiontest.cases.SurgeonPredicateCases#onTrimArgWithWhere@121 targets=[top/maplex/incisiontest/fixture/PredicateFixture.whereTrim(I)I]
[15:22:46 INFO]: [Incision-Test-1.0.0] [DEBUG] [Incision][DEBUG] installWeaver status=PENDING_LOAD owner=top/maplex/incisiontest/fixture/PredicateFixture resolved=top/maplex/incisiontest/fixture/PredicateFixture advices=40 total=40 backend=JVMTI
[15:22:46 INFO]: [Incision-Test-1.0.0] [DEBUG] [Incision][DEBUG] Surgeon 扫描: top.maplex.incisiontest.cases.SurgeonPredicateCases → 40 suture / 40 advice
[15:22:46 INFO]: [Incision-Test-1.0.0] [DEBUG] [Incision][DEBUG] register id=top.maplex.incisiontest.cases.PriNeg100Surgeon#priNeg100@0 targets=[top/maplex/incisiontest/fixture/SurgeonPriorityExtremeFixture.threeSurgeonTarget()Ljava/util/List;]
[15:22:46 INFO]: [Incision-Test-1.0.0] [DEBUG] [Incision][DEBUG] installWeaver status=PENDING_LOAD owner=top/maplex/incisiontest/fixture/SurgeonPriorityExtremeFixture resolved=top/maplex/incisiontest/fixture/SurgeonPriorityExtremeFixture advices=1 total=5 backend=JVMTI
[15:22:46 INFO]: [Incision-Test-1.0.0] [DEBUG] [Incision][DEBUG] Surgeon 扫描: top.maplex.incisiontest.cases.PriNeg100Surgeon → 1 suture / 1 advice
[15:22:46 INFO]: [Incision-Test-1.0.0] [DEBUG] [Incision][DEBUG] register id=top.maplex.incisiontest.cases.SurgeonOperationCases#custom-operation-id@7 targets=[top/maplex/incisiontest/fixture/SurgeonOperationTargetFixture.customIdTarget()I]
[15:22:46 INFO]: [Incision-Test-1.0.0] [DEBUG] [Incision][DEBUG] register id=top.maplex.incisiontest.cases.SurgeonOperationCases#disabledAdvice@8 targets=[top/maplex/incisiontest/fixture/SurgeonOperationTargetFixture.disabledTarget()I]
[15:22:46 INFO]: [Incision-Test-1.0.0] [DEBUG] [Incision][DEBUG] register id=top.maplex.incisiontest.cases.SurgeonOperationCases#highPriority@9 targets=[top/maplex/incisiontest/fixture/SurgeonOperationTargetFixture.priorityTarget()Ljava/util/List;]
[15:22:46 INFO]: [Incision-Test-1.0.0] [DEBUG] [Incision][DEBUG] register id=top.maplex.incisiontest.cases.SurgeonOperationCases#lowPriority@10 targets=[top/maplex/incisiontest/fixture/SurgeonOperationTargetFixture.priorityTarget()Ljava/util/List;]
[15:22:46 INFO]: [Incision-Test-1.0.0] [DEBUG] [Incision][DEBUG] register id=top.maplex.incisiontest.cases.SurgeonOperationCases#surgeonDefaultAdvice@11 targets=[top/maplex/incisiontest/fixture/SurgeonOperationTargetFixture.surgeonDefaultTarget()Ljava/util/List;]
[15:22:46 INFO]: [Incision-Test-1.0.0] [DEBUG] [Incision][DEBUG] register id=top.maplex.incisiontest.cases.SurgeonOperationCases#surgeonOverrideAdvice@12 targets=[top/maplex/incisiontest/fixture/SurgeonOperationTargetFixture.surgeonDefaultTarget()Ljava/util/List;]
[15:22:46 INFO]: [Incision-Test-1.0.0] [DEBUG] [Incision][DEBUG] register id=top.maplex.incisiontest.cases.SurgeonOperationCases#multiSurgeonLowerSide@13 targets=[top/maplex/incisiontest/fixture/SurgeonOperationTargetFixture.multiSurgeonTarget()Ljava/util/List;]
[15:22:46 INFO]: [Incision-Test-1.0.0] [DEBUG] [Incision][DEBUG] installWeaver status=PENDING_LOAD owner=top/maplex/incisiontest/fixture/SurgeonOperationTargetFixture resolved=top/maplex/incisiontest/fixture/SurgeonOperationTargetFixture advices=7 total=8 backend=JVMTI
[15:22:46 INFO]: [Incision-Test-1.0.0] [DEBUG] [Incision][DEBUG] Surgeon 扫描: top.maplex.incisiontest.cases.SurgeonOperationCases → 7 suture / 7 advice
[15:22:46 INFO]: [Incision-Test-1.0.0] [DEBUG] [Incision][DEBUG] register id=top.maplex.incisiontest.cases.SurgeonAopCases#beforeTouchField@18 targets=[top/maplex/incisiontest/fixture/SurgeonAopTargetFixture.touchesField()I]
[15:22:46 INFO]: [Incision-Test-1.0.0] [DEBUG] [Incision][DEBUG] register id=top.maplex.incisiontest.cases.SurgeonAopCases#afterMultiArg@19 targets=[top/maplex/incisiontest/fixture/SurgeonAopTargetFixture.multiArg(ILjava/lang/String;D)Ljava/lang/String;]
[15:22:46 INFO]: [Incision-Test-1.0.0] [DEBUG] [Incision][DEBUG] register id=top.maplex.incisiontest.cases.SurgeonAopCases#aroundCallsHelper@20 targets=[top/maplex/incisiontest/fixture/SurgeonAopTargetFixture.callsHelper(I)I]
[15:22:46 INFO]: [Incision-Test-1.0.0] [DEBUG] [Incision][DEBUG] register id=top.maplex.incisiontest.cases.SurgeonAopCases#aroundModifyArgs@21 targets=[top/maplex/incisiontest/fixture/SurgeonAopTargetFixture.greet(Ljava/lang/String;)Ljava/lang/String;]
[15:22:46 INFO]: [Incision-Test-1.0.0] [DEBUG] [Incision][DEBUG] register id=top.maplex.incisiontest.cases.SurgeonAopCases#aroundRewriteResult@22 targets=[top/maplex/incisiontest/fixture/SurgeonAopTargetFixture.rewriteTarget(I)I]
[15:22:46 INFO]: [Incision-Test-1.0.0] [DEBUG] [Incision][DEBUG] register id=top.maplex.incisiontest.cases.SurgeonAopCases#onStaticEcho@23 targets=[top/maplex/incisiontest/fixture/SurgeonAopTargetFixture.staticEcho(Ljava/lang/String;)Ljava/lang/String;]
[15:22:46 INFO]: [Incision-Test-1.0.0] [DEBUG] [Incision][DEBUG] register id=top.maplex.incisiontest.cases.SurgeonAopCases#onCompanionEcho@24 targets=[top/maplex/incisiontest/fixture/SurgeonAopTargetFixture$Companion.companionEcho(Ljava/lang/String;)Ljava/lang/String;]
[15:22:46 INFO]: [Incision-Test-1.0.0] [DEBUG] [Incision][DEBUG] installWeaver status=PENDING_LOAD owner=top/maplex/incisiontest/fixture/SurgeonAopTargetFixture resolved=top/maplex/incisiontest/fixture/SurgeonAopTargetFixture advices=6 total=6 backend=JVMTI
[15:22:46 INFO]: [Incision-Test-1.0.0] [DEBUG] [Incision][DEBUG] installWeaver status=PENDING_LOAD owner=top/maplex/incisiontest/fixture/SurgeonAopTargetFixture$Companion resolved=top/maplex/incisiontest/fixture/SurgeonAopTargetFixture$Companion advices=1 total=1 backend=JVMTI
[15:22:46 INFO]: [Incision-Test-1.0.0] [DEBUG] [Incision][DEBUG] Surgeon 扫描: top.maplex.incisiontest.cases.SurgeonAopCases → 7 suture / 7 advice
[15:22:46 INFO]: [Incision-Test-1.0.0] [DEBUG] injectAll(CONST): 201 个类, 用时 1,373 毫秒
[15:22:46 INFO]: [Incision-Test-1.0.0] [DEBUG]   - SurgeonScanner: 1,368 毫秒
[15:22:46 INFO]: [Incision-Test-1.0.0] [DEBUG] 生命周期 "CONST" 用时 2,177 毫秒。
[15:22:46 INFO]: [Incision-Test-1.0.0] [DEBUG] Bukkit 插件初始化完成，用时 3,749 毫秒。
[15:22:46 INFO]: [Incision-Test-1.0.0] [DEBUG] 已屏蔽 IllegalAccess 警告，用时 0 毫秒。
[15:22:46 INFO]: [Incision-Test-1.0.0] [DEBUG] 加载配置文件: E:\Minecraft-Server\incisionTest\run-1.16.5-paper\plugins\Incision-Test\datasource.yml
[15:22:46 INFO]: [Incision-Test-1.0.0] [DEBUG] 加载配置文件: E:\Minecraft-Server\incisionTest\run-1.16.5-paper\plugins\Incision-Test\kether.yml
[15:22:46 INFO]: [Incision-Test-1.0.0] [DEBUG] injectAll(INIT): 201 个类, 用时 193 毫秒
[15:22:46 INFO]: [Incision-Test-1.0.0] [DEBUG]   - ConfigLoader: 173 毫秒
[15:22:46 INFO]: [Incision-Test-1.0.0] [DEBUG]   - ClassVisitorAwake: 18 毫秒
[15:22:46 INFO]: [Incision-Test-1.0.0] [DEBUG] 生命周期 "INIT" 用时 193 毫秒。
[15:22:46 INFO]: [Adyeshach] Loading Adyeshach v2.1.30
[15:22:47 INFO]: [Incision-Test] Loading Incision-Test v1.0.0
[15:22:47 INFO]: [Incision-Test-1.0.0] [DEBUG] injectAll(LOAD): 201 个类, 用时 157 毫秒
[15:22:47 INFO]: [Incision-Test-1.0.0] [DEBUG]   - KetherLoader: 124 毫秒
[15:22:47 INFO]: [Incision-Test-1.0.0] [DEBUG]   - ClassVisitorAwake: 33 毫秒
[15:22:47 INFO]: [Incision-Test-1.0.0] [DEBUG] 生命周期 "LOAD" 用时 157 毫秒。
[15:22:47 INFO]: Server permissions file permissions.yml is empty, ignoring it
[15:22:47 WARN]: **** SERVER IS RUNNING IN OFFLINE/INSECURE MODE!
[15:22:47 WARN]: The server will make no attempt to authenticate usernames. Beware.
[15:22:47 WARN]: While this makes the game possible to play without internet access, it also opens up the ability for hackers to connect with any username they choose.
[15:22:47 WARN]: To change this, set "online-mode" to "true" in the server.properties file.
[15:22:47 INFO]: Preparing level "world"
[15:22:47 INFO]: Preparing start region for dimension minecraft:overworld
[15:22:47 INFO]: Time elapsed: 106 ms
[15:22:47 INFO]: Preparing start region for dimension minecraft:the_nether
[15:22:47 INFO]: Time elapsed: 15 ms
[15:22:47 INFO]: Preparing start region for dimension minecraft:the_end
[15:22:47 INFO]: Time elapsed: 12 ms
[15:22:47 INFO]: [Adyeshach] Enabling Adyeshach v2.1.30
[15:22:47 WARN]: [Adyeshach] 事件 com.ticxo.modelengine.api.events.AnimationEndEvent 未能找到，可使用 @Ghost 关闭此警告。
[15:22:48 INFO]: [Incision-Test] Enabling Incision-Test v1.0.0
[15:22:48 INFO]: [Incision-Test-1.0.0] [Incision] Incision ENABLE: gate / 诊断收尾开始
[15:22:48 INFO]: [Incision-Test-1.0.0] [Incision] Gate created: apiVersion=2
[15:22:48 INFO]: [Incision-Test-1.0.0] [Incision] Incision Gate online: api=2
[15:22:48 INFO]: [Incision-Test-1.0.0] [Incision] Checkup report: total=292
- top.maplex.incisiontest.cases.SurgeonVersionMatrixCases#onSegLongerStart@54
  state: ARMED
  target: top/maplex/incisiontest/fixture/SurgeonVersionMatrixFixture.segmentLongerStart()Ljava/lang/String;
- top.maplex.incisiontest.cases.SurgeonInsnPatternCases#onGlobOwnerJavaLang@100
  state: ARMED
  target: top/maplex/incisiontest/fixture/ComplexOpcodeFixture.staticCalls()I
- top.maplex.incisiontest.cases.SurgeonOffsetCases#onAfterOffset1All@42
  state: ARMED
  target: top/maplex/incisiontest/fixture/OffsetFixture.chainWithGap()I
- top.maplex.incisiontest.cases.SurgeonInsnPatternCases#onSeq3@94
  state: ARMED
  target: top/maplex/incisiontest/fixture/ComplexOpcodeFixture.loadStrings()Ljava/lang/String;
- top.maplex.incisiontest.cases.SurgeonVersionMatrixCases#onOnlyStartGiven@41
  state: ARMED
  target: top/maplex/incisiontest/fixture/SurgeonVersionMatrixFixture.onlyStartGiven()Ljava/lang/String;
- top.maplex.incisiontest.cases.SurgeonPredicateCases#onAcceptNotIsInt@79
  state: ARMED
  target: top/maplex/incisiontest/fixture/PredicateFixture.accept(Ljava/lang/Object;)Ljava/lang/String;
- top.maplex.incisiontest.cases.SurgeonOpcodeSeqAnchorCases#onInvokeAfterPattern@15
  state: ARMED
  target: top/maplex/incisiontest/fixture/ComplexOpcodeFixture.chainInvoke()I
- top.maplex.incisiontest.cases.KotlinTargetMatrixCases#onTTAltCompanion@29
  state: ARMED
  target: top/maplex/incisiontest/fixture/KotlinTargetMatrixFixture$Companion.ttBothAlt(I)I
- top.maplex.incisiontest.cases.OperationEnabledPriorityCases#aTNeg10@19
  state: ARMED
  target: top/maplex/incisiontest/fixture/OperationEnabledPriorityFixture.cellTPriNeg10()I
- top.maplex.incisiontest.cases.SurgeonPredicateCases#onTouchSafeCall@89
  state: ARMED
  target: top/maplex/incisiontest/fixture/PredicateFixture.touch(Ltop/maplex/incisiontest/fixture/PredicateFixture$Named;)Ljava/lang/String;
- top.maplex.incisiontest.cases.SurgeonAnchorMatrixExtrasCases#tripleArg0@30
  state: ARMED
  target: top/maplex/incisiontest/fixture/AnchorMatrixFixture_Extras.tripleArgEcho(Ljava/lang/String;Ljava/lang/String;Ljava/lang/String;)Ljava/lang/String;
- top.maplex.incisiontest.cases.PerformanceCases#predicate@6
  state: ARMED
  target: top/maplex/incisiontest/fixture/PerformanceFixture.predicate(I)I
- top.maplex.incisiontest.cases.OperationIdVariantsCases#adviceEmptyFallback@10
  state: ARMED
  target: top/maplex/incisiontest/fixture/OperationIdVariantsFixture.idEmptyFallbackTarget()I
- top.maplex.incisiontest.cases.SurgeonAnchorMatrixSiteCases#siteInvokeOrdAll@37
  state: ARMED
  target: top/maplex/incisiontest/fixture/AnchorMatrixFixture_Site.siteInvokeChain(I)I
- top.maplex.incisiontest.cases.SurgeonKotlinTargetCases#both-companion-path@11
  state: ARMED
  target: top/maplex/incisiontest/fixture/SurgeonKotlinTargetFixture$Companion.bothEcho(Ljava/lang/String;)Ljava/lang/String;
- top.maplex.incisiontest.cases.SurgeonPredicateCases#onRegisterPropertySize@86
  state: ARMED
  target: top/maplex/incisiontest/fixture/PredicateFixture.register(Ltop/maplex/incisiontest/fixture/PredicateFixture$Named;)Ljava/lang/String;
- top.maplex.incisiontest.cases.AdyeshachIntegrationCases#literalTrail@15
  state: ARMED
  target: ink/ptms/adyeshach/impl/nms/DefaultMinecraftHelper.literalChatBaseComponent(Ljava/lang/String;)Ljava/lang/Object;
- top.maplex.incisiontest.cases.OperationMatrixCases#adviceM1@19
  state: ARMED
  target: top/maplex/incisiontest/fixture/OperationMatrixFixture.m1Default()I
- top.maplex.incisiontest.cases.SurgeonOperationCases#custom-operation-id@7
  state: ARMED
  target: top/maplex/incisiontest/fixture/SurgeonOperationTargetFixture.customIdTarget()I
- top.maplex.incisiontest.cases.SurgeonAopCases#aroundRewriteResult@22
  state: ARMED
  target: top/maplex/incisiontest/fixture/SurgeonAopTargetFixture.rewriteTarget(I)I
- top.maplex.incisiontest.cases.SurgeonInsnPatternCases#onCstNumeric@99
  state: ARMED
  target: top/maplex/incisiontest/fixture/ComplexOpcodeFixture.numberLdc()J
- top.maplex.incisiontest.cases.SurgeonPredicateCases#onSpliceWithWhere@117
  state: ARMED
  target: top/maplex/incisiontest/fixture/PredicateFixture.whereSplice(I)I
- top.maplex.incisiontest.cases.SurgeonInsnPatternCases#onGlobNameSuffix@101
  state: ARMED
  target: top/maplex/incisiontest/fixture/ComplexOpcodeFixture.staticCalls()I
- top.maplex.incisiontest.cases.SurgeonAnchorMatrixScopeCases#trailClassAndMethodB@24
  state: ARMED
  target: top/maplex/incisiontest/fixture/AnchorMatrixFixture_Scope.scopeClassB()I
- top.maplex.incisiontest.cases.SurgeonAdvancedCases#onLongCalcBypass@5
  state: ARMED
  target: top/maplex/incisiontest/fixture/SurgeonAdvancedTargetFixture.longCalc(JJ)J
- top.maplex.incisiontest.cases.OperationEnabledPriorityCases#aF100@26
  state: ARMED
  target: top/maplex/incisiontest/fixture/OperationEnabledPriorityFixture.cellFPri100()I
- top.maplex.incisiontest.cases.SurgeonAnchorMatrixScopeCases#graftFullDescriptor@27
  state: ARMED
  target: top/maplex/incisiontest/fixture/AnchorMatrixFixture_Scope.scopeInvokeHelper()I
- top.maplex.incisiontest.cases.PerformanceCases#siteInvoke@8
  state: ARMED
  target: top/maplex/incisiontest/fixture/PerformanceFixture.siteInvoke(I)I
- top.maplex.incisiontest.cases.SurgeonPredicateCases#onSpawnGe@74
  state: ARMED
  target: top/maplex/incisiontest/fixture/PredicateFixture.spawn(Ljava/lang/String;I)Ljava/lang/String;
- top.maplex.incisiontest.cases.SurgeonInsnPatternCases#onReturn@93
  state: ARMED
  target: top/maplex/incisiontest/fixture/ComplexOpcodeFixture.arithmetic(I)I
- top.maplex.incisiontest.cases.SurgeonPredicateCases#onTriggerItExact@82
  state: ARMED
  target: top/maplex/incisiontest/fixture/PredicateFixture.trigger(Ljava/lang/String;)Ljava/lang/String;
- top.maplex.incisiontest.cases.SurgeonInsnPatternCases#onArithmeticSeq4@76
  state: ARMED
  target: top/maplex/incisiontest/fixture/ComplexOpcodeFixture.arithmetic(I)I
- top.maplex.incisiontest.cases.SurgeonPredicateCases#onFlagFalse@95
  state: ARMED
  target: top/maplex/incisiontest/fixture/PredicateFixture.flag(Ljava/lang/Object;)Ljava/lang/String;
- top.maplex.incisiontest.cases.SurgeonSiteCases#graftOnNew@22
  state: ARMED
  target: top/maplex/incisiontest/fixture/SurgeonSiteTargetFixture.allocate()Ljava/lang/StringBuilder;
- top.maplex.incisiontest.cases.SurgeonOpcodeSeqAnchorCases#onHeadPatternIfeq@12
  state: ARMED
  target: top/maplex/incisiontest/fixture/ComplexOpcodeFixture.branch(Z)I
- top.maplex.incisiontest.cases.SurgeonInsnPatternCases#onInvokeStaticMath@85
  state: ARMED
  target: top/maplex/incisiontest/fixture/ComplexOpcodeFixture.staticCalls()I
- top.maplex.incisiontest.cases.SurgeonOffsetCases#onFirstHelperBeforeOffsetZero@41
  state: ARMED
  target: top/maplex/incisiontest/fixture/OffsetFixture.chain()I
- top.maplex.incisiontest.cases.SurgeonAnchorMatrixSiteCases#siteNewWithTarget@42
  state: ARMED
  target: top/maplex/incisiontest/fixture/AnchorMatrixFixture_Site.siteNewObject()Ljava/lang/StringBuilder;
- top.maplex.incisiontest.cases.SurgeonAnchorMatrixScopeCases#leadFullDescriptor@20
  state: ARMED
  target: top/maplex/incisiontest/fixture/AnchorMatrixFixture_Scope.scopeMethodFull(Ljava/lang/String;)Ljava/lang/String;
- top.maplex.incisiontest.cases.SurgeonPredicateCases#onSpawnLowLevel@68
  state: ARMED
  target: top/maplex/incisiontest/fixture/PredicateFixture.spawn(Ljava/lang/String;I)Ljava/lang/String;
- top.maplex.incisiontest.cases.SurgeonPredicateCases#onBypassWithWhere@119
  state: ARMED
  target: top/maplex/incisiontest/fixture/PredicateFixture.whereBypass(I)I
- top.maplex.incisiontest.cases.SurgeonPredicateCases#onLogEqString@69
  state: ARMED
  target: top/maplex/incisiontest/fixture/PredicateFixture.log(Ljava/lang/String;)Ljava/lang/String;
- top.maplex.incisiontest.cases.SurgeonOffsetCases#onOrdinal0AfterOffset1@45
  state: ARMED
  target: top/maplex/incisiontest/fixture/OffsetFixture.chainWithGap()I
- top.maplex.incisiontest.cases.SurgeonAnchorMatrixCases#trimArg0@56
  state: ARMED
  target: top/maplex/incisiontest/fixture/AnchorMatrixFixture.matrixEcho(Ljava/lang/String;)Ljava/lang/String;
- top.maplex.incisiontest.cases.OperationMatrixCases#orderZero@30
  state: ARMED
  target: top/maplex/incisiontest/fixture/OperationMatrixFixture.mOrderTarget()Ljava/util/List;
- top.maplex.incisiontest.cases.SurgeonAnchorMatrixSiteCases#anchorThrow@33
  state: ARMED
  target: top/maplex/incisiontest/fixture/AnchorMatrixFixture_Site.siteThrowMethod()Ljava/lang/String;
- top.maplex.incisiontest.cases.SurgeonInsnPatternCases#onArrayLength@106
  state: ARMED
  target: top/maplex/incisiontest/fixture/ComplexOpcodeFixture.arrays()I
- top.maplex.incisiontest.cases.SurgeonSiteCases#trimEchoArg@26
  state: ARMED
  target: top/maplex/incisiontest/fixture/SurgeonSiteTargetFixture.echo(Ljava/lang/String;)Ljava/lang/String;
- top.maplex.incisiontest.cases.SurgeonPredicateCases#onTrimArgWithWhere@121
  state: ARMED
  target: top/maplex/incisiontest/fixture/PredicateFixture.whereTrim(I)I
- top.maplex.incisiontest.cases.KotlinTargetMatrixCases#onTFAlt@25
  state: ARMED
  target: top/maplex/incisiontest/fixture/KotlinTargetMatrixFixture$Companion.tfCompanionAlt(I)I
- top.maplex.incisiontest.cases.SurgeonPredicateCases#onLogThisRef@99
  state: ARMED
  target: top/maplex/incisiontest/fixture/PredicateFixture.log(Ljava/lang/String;)Ljava/lang/String;
- top.maplex.incisiontest.cases.OperationMatrixCases#m7-cust@25
  state: ARMED
  target: top/maplex/incisiontest/fixture/OperationMatrixFixture.m7IdAndDisabled()I
- top.maplex.incisiontest.cases.SurgeonInsnPatternCases#onIconstFamilyRepeat@78
  state: ARMED
  target: top/maplex/incisiontest/fixture/ComplexOpcodeFixture.arithmetic(I)I
- top.maplex.incisiontest.cases.SurgeonAnchorMatrixSiteCases#siteFieldPutGraft@41
  state: ARMED
  target: top/maplex/incisiontest/fixture/AnchorMatrixFixture_Site.siteFieldPut(I)V
- top.maplex.incisiontest.cases.SurgeonAnchorMatrixExtrasCases#fieldGetAfter@25
  state: ARMED
  target: top/maplex/incisiontest/fixture/AnchorMatrixFixture_Extras.readCounterShift()I
- top.maplex.incisiontest.cases.SurgeonAnchorMatrixPriorityHigh#highPriority@2
  state: ARMED
  target: top/maplex/incisiontest/fixture/AnchorMatrixFixture_Priority.prioritySurgeonTarget()Ljava/lang/String;
- top.maplex.incisiontest.cases.SurgeonAnchorMatrixTrimCases#trimReturnString@25
  state: ARMED
  target: top/maplex/incisiontest/fixture/AnchorMatrixFixture_Trim.trimReturnString()Ljava/lang/String;
- top.maplex.incisiontest.cases.SurgeonPredicateCases#onGraftWithWhere@120
  state: ARMED
  target: top/maplex/incisiontest/fixture/PredicateFixture.whereGraft(I)I
- top.maplex.incisiontest.cases.SurgeonAnchorMatrixTrimCases#trimReturnBool@26
  state: ARMED
  target: top/maplex/incisiontest/fixture/AnchorMatrixFixture_Trim.trimReturnBoolean()Z
- top.maplex.incisiontest.cases.KotlinTargetMatrixCases#onFT@22
  state: ARMED
  target: top/maplex/incisiontest/fixture/KotlinTargetMatrixFixture.ftStaticEcho(Ljava/lang/String;)Ljava/lang/String;
- top.maplex.incisiontest.cases.SurgeonPredicateCases#onSpawnAnd@90
  state: ARMED
  target: top/maplex/incisiontest/fixture/PredicateFixture.spawn(Ljava/lang/String;I)Ljava/lang/String;
- top.maplex.incisiontest.cases.SurgeonAnchorMatrixTrimCases#trimArgDouble1@20
  state: ARMED
  target: top/maplex/incisiontest/fixture/AnchorMatrixFixture_Trim.trimDoubleArg(Ljava/lang/String;Ljava/lang/String;)Ljava/lang/String;
- top.maplex.incisiontest.cases.SurgeonInsnPatternCases#onInstanceOf@88
  state: ARMED
  target: top/maplex/incisiontest/fixture/ComplexOpcodeFixture.typeCheck(Ljava/lang/Object;)I
- top.maplex.incisiontest.cases.SurgeonAnchorMatrixSiteCases#anchorTail@31
  state: ARMED
  target: top/maplex/incisiontest/fixture/AnchorMatrixFixture_Site.siteTailMethod()Ljava/lang/String;
- top.maplex.incisiontest.cases.SurgeonAnchorMatrixCases#exciseFullReplace@58
  state: ARMED
  target: top/maplex/incisiontest/fixture/AnchorMatrixFixture.matrixExciseTarget()Ljava/lang/String;
- top.maplex.incisiontest.cases.SurgeonSiteCases#graftBeforeHelperInvoke@18
  state: ARMED
  target: top/maplex/incisiontest/fixture/SurgeonSiteTargetFixture.invokeHelper(I)I
- top.maplex.incisiontest.cases.SurgeonOperationHigherCases#higherSurgeonAdvice@0
  state: ARMED
  target: top/maplex/incisiontest/fixture/SurgeonOperationTargetFixture.multiSurgeonTarget()Ljava/util/List;
- top.maplex.incisiontest.cases.SurgeonInsnPatternCases#onLdcString@79
  state: ARMED
  target: top/maplex/incisiontest/fixture/ComplexOpcodeFixture.loadStrings()Ljava/lang/String;
- top.maplex.incisiontest.cases.SurgeonInsnPatternCases#onArithmeticSeq2@75
  state: ARMED
  target: top/maplex/incisiontest/fixture/ComplexOpcodeFixture.arithmetic(I)I
- top.maplex.incisiontest.cases.SurgeonCrossClCases#onIsHardcore@4
  state: ARMED
  target: net/minecraft/server/v1_16_R3/MinecraftServer.isHardcore()Z,net/minecraft/server/v1_16_R3/DedicatedServer.isHardcore()Z
- top.maplex.incisiontest.cases.SurgeonVersionCases#onFakeInRange@34
  state: ARMED
  target: top/maplex/incisiontest/fixture/SurgeonVersionTargetFixture.fakeMatcherInRange()Ljava/lang/String;
- top.maplex.incisiontest.cases.AdyeshachIntegrationCases#craftChatInvoke@17
  state: ARMED
  target: ink/ptms/adyeshach/impl/nms/DefaultMinecraftHelper.literalChatBaseComponent(Ljava/lang/String;)Ljava/lang/Object;
- top.maplex.incisiontest.cases.SurgeonInsnPatternCases#onRepeat2@97
  state: ARMED
  target: top/maplex/incisiontest/fixture/ComplexOpcodeFixture.multiFieldPut()I
- top.maplex.incisiontest.cases.SurgeonPredicateCases#onSpawnNot@92
  state: ARMED
  target: top/maplex/incisiontest/fixture/PredicateFixture.spawn(Ljava/lang/String;I)Ljava/lang/String;
- top.maplex.incisiontest.cases.SurgeonPredicateCases#onSpawnDragon@67
  state: ARMED
  target: top/maplex/incisiontest/fixture/PredicateFixture.spawn(Ljava/lang/String;I)Ljava/lang/String;
- top.maplex.incisiontest.cases.SurgeonInsnPatternCases#onCheckCast@89
  state: ARMED
  target: top/maplex/incisiontest/fixture/ComplexOpcodeFixture.typeCheck(Ljava/lang/Object;)I
- top.maplex.incisiontest.cases.SurgeonMixinCases#redirectHelper@5
  state: ARMED
  target: top/maplex/incisiontest/fixture/SurgeonMixinTargetFixture.helper(I)I
- top.maplex.incisiontest.cases.SurgeonAnchorMatrixSiteCases#siteShiftBefore@38
  state: ARMED
  target: top/maplex/incisiontest/fixture/AnchorMatrixFixture_Site.siteOffsetBaseline(I)I
- top.maplex.incisiontest.cases.SurgeonAnchorMatrixSiteCases#anchorReturn@32
  state: ARMED
  target: top/maplex/incisiontest/fixture/AnchorMatrixFixture_Site.siteReturnMethod()I
- top.maplex.incisiontest.cases.SurgeonVersionCases#onLegacy@29
  state: ARMED
  target: top/maplex/incisiontest/fixture/SurgeonVersionTargetFixture.versionedTarget()Ljava/lang/String;
- top.maplex.incisiontest.cases.SurgeonAopCases#onStaticEcho@23
  state: ARMED
  target: top/maplex/incisiontest/fixture/SurgeonAopTargetFixture.staticEcho(Ljava/lang/String;)Ljava/lang/String;
- top.maplex.incisiontest.cases.PerformanceCases#splice@7
  state: ARMED
  target: top/maplex/incisiontest/fixture/PerformanceFixture.splice(I)I
- top.maplex.incisiontest.cases.SurgeonAnchorMatrixExtrasCases#fieldPutAfter@27
  state: ARMED
  target: top/maplex/incisiontest/fixture/AnchorMatrixFixture_Extras.writeCounterShift(I)V
- top.maplex.incisiontest.cases.SurgeonAnchorMatrixTrimCases#trimReturnLong@24
  state: ARMED
  target: top/maplex/incisiontest/fixture/AnchorMatrixFixture_Trim.trimReturnLong()J
- top.maplex.incisiontest.cases.OperationIdVariantsCases#veryLong-abcdefghijabcdefghijabcdefghijabcdefghijabcdefghijabcdefghijabcdefghijabcdefghijabcdefghijabcdefghijabcdefghijabcdefghijabcdefghijabcdefghijabcdefghijabcdefghijabcdefghijabcdefghijabcdefghijabcdefghijabcdefghijabcdefghijabcdefghijabcdefghijabcdefghijabcdefghij@11
  state: ARMED
  target: top/maplex/incisiontest/fixture/OperationIdVariantsFixture.idVeryLongTarget()I
- top.maplex.incisiontest.cases.SurgeonPredicateCases#onTrailWithWhere@116
  state: ARMED
  target: top/maplex/incisiontest/fixture/PredicateFixture.whereTrail(I)I
- top.maplex.incisiontest.cases.SharpnessModifier#sharpness-modifier@2
  state: ARMED
  target: net/minecraft/server/v1_16_R3/EnchantmentManager.modifyDamage(Lnet/minecraft/server/v1_16_R3/WorldServer;Lnet/minecraft/server/v1_16_R3/ItemStack;Lnet/minecraf…
- top.maplex.incisiontest.cases.SharpnessObserver#observeSharpness@0
  state: ARMED
  target: net/minecraft/server/v1_16_R3/EnchantmentManager.modifyDamage(Lnet/minecraft/server/v1_16_R3/WorldServer;Lnet/minecraft/server/v1_16_R3/ItemStack;Lnet/minecraf…
- top.maplex.incisiontest.cases.AdyeshachIntegrationCases#apiLead@12
  state: ARMED
  target: ink/ptms/adyeshach/impl/DefaultAdyeshachAPI.getMinecraftAPI()Link/ptms/adyeshach/core/AdyeshachMinecraftAPI;
- top.maplex.incisiontest.cases.OperationMatrixCases#adviceM5@23
  state: ARMED
  target: top/maplex/incisiontest/fixture/OperationMatrixFixture.m5PriorityNegative()I
- top.maplex.incisiontest.cases.SurgeonAopCases#beforeTouchField@18
  state: ARMED
  target: top/maplex/incisiontest/fixture/SurgeonAopTargetFixture.touchesField()I
- top.maplex.incisiontest.cases.SurgeonAnchorMatrixCases#trailOnThrow@45
  state: ARMED
  target: top/maplex/incisiontest/fixture/AnchorMatrixFixture.matrixThrowUncaught(Z)Ljava/lang/String;
- top.maplex.incisiontest.cases.SurgeonVersionMatrixCases#onTrimReturnVersioned@50
  state: ARMED
  target: top/maplex/incisiontest/fixture/SurgeonVersionMatrixFixture.trimReturnTarget()I
- top.maplex.incisiontest.cases.PerformanceCases#trailOfPair@5
  state: ARMED
  target: top/maplex/incisiontest/fixture/PerformanceFixture.leadTrail(I)I
- top.maplex.incisiontest.cases.Pri100Surgeon#pri100@0
  state: ARMED
  target: top/maplex/incisiontest/fixture/SurgeonPriorityExtremeFixture.threeSurgeonTarget()Ljava/util/List;
- top.maplex.incisiontest.cases.SurgeonAnchorMatrixExtrasCases#tripleArg1@31
  state: ARMED
  target: top/maplex/incisiontest/fixture/AnchorMatrixFixture_Extras.tripleArgEcho(Ljava/lang/String;Ljava/lang/String;Ljava/lang/String;)Ljava/lang/String;
- top.maplex.incisiontest.cases.OperationIdVariantsCases#id-variant-normal@8
  state: ARMED
  target: top/maplex/incisiontest/fixture/OperationIdVariantsFixture.idNormalTarget()I
- top.maplex.incisiontest.cases.SurgeonOpcodeSeqAnchorCases#onHeadWithPattern@11
  state: ARMED
  target: top/maplex/incisiontest/fixture/ComplexOpcodeFixture.arithmetic(I)I
- top.maplex.incisiontest.cases.SurgeonPredicateCases#onMeasureGt@72
  state: ARMED
  target: top/maplex/incisiontest/fixture/PredicateFixture.measure(D)Ljava/lang/String;
- top.maplex.incisiontest.cases.SurgeonBasicCases#onAddSplice@10
  state: ARMED
  target: top/maplex/incisiontest/fixture/SurgeonBasicTargetFixture.add(II)I
- top.maplex.incisiontest.cases.KotlinTargetMatrixCases#onTTAltStatic@28
  state: ARMED
  target: top/maplex/incisiontest/fixture/KotlinTargetMatrixFixture.ttBothAlt(I)I
- top.maplex.incisiontest.cases.AccessorCases#onPublicDouble@18
  state: ARMED
  target: top/maplex/incisiontest/fixture/AccessorFixture.publicDouble(I)I
- top.maplex.incisiontest.cases.SurgeonAnchorMatrixSiteCases#siteShiftAfter@39
  state: ARMED
  target: top/maplex/incisiontest/fixture/AnchorMatrixFixture_Site.siteOffsetBaseline(I)I
- top.maplex.incisiontest.cases.SurgeonMixinCases#overwriteMayThrow@4
  state: ARMED
  target: top/maplex/incisiontest/fixture/SurgeonMixinTargetFixture.mayThrow(Z)Ljava/lang/String;
- top.maplex.incisiontest.cases.AccessorUtilCases#onProcess@26
  state: ARMED
  target: top/maplex/incisiontest/fixture/UtilFixture.process(Ljava/lang/String;ILjava/lang/Object;)Ljava/lang/String;
- top.maplex.incisiontest.cases.SurgeonAnchorMatrixScopeCases#leadExactTarget@22
  state: ARMED
  target: top/maplex/incisiontest/fixture/AnchorMatrixFixture_Scope.scopeStarTarget()Ljava/lang/String;
- top.maplex.incisiontest.cases.SurgeonOffsetCases#onSecondHelperBefore@38
  state: ARMED
  target: top/maplex/incisiontest/fixture/OffsetFixture.chain()I
- top.maplex.incisiontest.cases.SurgeonOffsetCases#onAfterOffset2All@43
  state: ARMED
  target: top/maplex/incisiontest/fixture/OffsetFixture.chainWithGap()I
- top.maplex.incisiontest.cases.SurgeonVersionMatrixCases#onExplicitNoop@52
  state: ARMED
  target: top/maplex/incisiontest/fixture/SurgeonVersionMatrixFixture.explicitNoopMatcherTarget()Ljava/lang/String;
- top.maplex.incisiontest.cases.KotlinTargetMatrixCases#onFF@20
  state: ARMED
  target: top/maplex/incisiontest/fixture/KotlinTargetMatrixFixture.ffEcho(Ljava/lang/String;)Ljava/lang/String;
- top.maplex.incisiontest.cases.SurgeonInsnPatternCases#onDup@108
  state: ARMED
  target: top/maplex/incisiontest/fixture/ComplexOpcodeFixture.buildBuffer()Ljava/lang/String;
- top.maplex.incisiontest.cases.SurgeonPriorityMaxCases#adviceMax@2
  state: ARMED
  target: top/maplex/incisiontest/fixture/SurgeonPriorityExtremeFixture.extremeMaxTarget()I
- top.maplex.incisiontest.cases.SurgeonInsnPatternCases#onAthrow@92
  state: ARMED
  target: top/maplex/incisiontest/fixture/ComplexOpcodeFixture.throwIt()Ljava/lang/String;
- top.maplex.incisiontest.cases.OperationMatrixCases#m2-cust@20
  state: ARMED
  target: top/maplex/incisiontest/fixture/OperationMatrixFixture.m2CustomId()I
- top.maplex.incisiontest.cases.SurgeonAnchorMatrixSiteCases#siteInvokeOrd0@34
  state: ARMED
  target: top/maplex/incisiontest/fixture/AnchorMatrixFixture_Site.siteInvokeChain(I)I
- top.maplex.incisiontest.cases.PriNeg100Surgeon#priNeg100@0
  state: ARMED
  target: top/maplex/incisiontest/fixture/SurgeonPriorityExtremeFixture.threeSurgeonTarget()Ljava/util/List;
- top.maplex.incisiontest.cases.SurgeonInsnPatternCases#onArithmeticAny@77
  state: ARMED
  target: top/maplex/incisiontest/fixture/ComplexOpcodeFixture.arithmetic(I)I
- top.maplex.incisiontest.cases.SurgeonVersionMatrixCases#onGraftVersioned@49
  state: ARMED
  target: top/maplex/incisiontest/fixture/SurgeonVersionMatrixFixture.graftCallerTarget()I
- top.maplex.incisiontest.cases.SurgeonOffsetCases#onOrdinal1AfterOffset1@52
  state: ARMED
  target: top/maplex/incisiontest/fixture/OffsetFixture.chainWithGap()I
- top.maplex.incisiontest.cases.SurgeonVersionCases#onFakeBoundaryStart@38
  state: ARMED
  target: top/maplex/incisiontest/fixture/SurgeonVersionTargetFixture.fakeMatcherBoundaryStart()Ljava/lang/String;
- top.maplex.incisiontest.cases.SurgeonInsnPatternCases#onDescExact@103
  state: ARMED
  target: top/maplex/incisiontest/fixture/ComplexOpcodeFixture.staticCalls()I
- top.maplex.incisiontest.cases.OperationEnabledPriorityCases#same-pri-second@28
  state: ARMED
  target: top/maplex/incisiontest/fixture/OperationEnabledPriorityFixture.samePriorityTarget()Ljava/util/List;
- top.maplex.incisiontest.cases.OperationMatrixCases#adviceM4@22
  state: ARMED
  target: top/maplex/incisiontest/fixture/OperationMatrixFixture.m4PriorityPositive()I
- top.maplex.incisiontest.cases.SurgeonAnchorMatrixPriorityDefault#defaultPriority@4
  state: ARMED
  target: top/maplex/incisiontest/fixture/AnchorMatrixFixture_Priority.prioritySurgeonTarget()Ljava/lang/String;
- top.maplex.incisiontest.cases.SurgeonOffsetCases#onBeforeOffset2@50
  state: ARMED
  target: top/maplex/incisiontest/fixture/OffsetFixture.chainWithGap()I
- top.maplex.incisiontest.cases.SurgeonAnchorMatrixPriorityOperation#opPriorityDefault@13
  state: ARMED
  target: top/maplex/incisiontest/fixture/AnchorMatrixFixture_Priority.priorityOperationTarget()Ljava/lang/String;
- top.maplex.incisiontest.cases.SurgeonVersionMatrixCases#onFakeNoBounds@53
  state: ARMED
  target: top/maplex/incisiontest/fixture/SurgeonVersionMatrixFixture.fakeMatcherNoBoundsTarget()Ljava/lang/String;
- top.maplex.incisiontest.cases.SurgeonOperationCases#highPriority@9
  state: ARMED
  target: top/maplex/incisiontest/fixture/SurgeonOperationTargetFixture.priorityTarget()Ljava/util/List;
- top.maplex.incisiontest.cases.SurgeonOffsetCases#onOrdinal2AfterOffset2@46
  state: ARMED
  target: top/maplex/incisiontest/fixture/OffsetFixture.chainWithGap()I
- top.maplex.incisiontest.cases.SurgeonPriorityMinCases#adviceMin@2
  state: ARMED
  target: top/maplex/incisiontest/fixture/SurgeonPriorityExtremeFixture.extremeMinTarget()I
- top.maplex.incisiontest.cases.AdyeshachIntegrationCases#apiTrail@13
  state: ARMED
  target: ink/ptms/adyeshach/impl/DefaultAdyeshachAPI.getMinecraftAPI()Link/ptms/adyeshach/core/AdyeshachMinecraftAPI;
- top.maplex.incisiontest.cases.SurgeonInsnPatternCases#onInvokeInterface@104
  state: ARMED
  target: top/maplex/incisiontest/fixture/ComplexOpcodeFixture.interfaceCall(Ljava/util/List;)I
- top.maplex.incisiontest.cases.OperationMatrixCases#m8-cust@26
  state: ARMED
  target: top/maplex/incisiontest/fixture/OperationMatrixFixture.m8AllThree()I
- top.maplex.incisiontest.cases.SurgeonAopCases#aroundCallsHelper@20
  state: ARMED
  target: top/maplex/incisiontest/fixture/SurgeonAopTargetFixture.callsHelper(I)I
- top.maplex.incisiontest.cases.SurgeonAnchorMatrixExtrasCases#fieldGetBefore@24
  state: ARMED
  target: top/maplex/incisiontest/fixture/AnchorMatrixFixture_Extras.readCounterShift()I
- top.maplex.incisiontest.cases.SurgeonAnchorMatrixScopeCases#trimFullDescriptor@28
  state: ARMED
  target: top/maplex/incisiontest/fixture/AnchorMatrixFixture_Scope.scopeTrimArgs(Ljava/lang/String;I)Ljava/lang/String;
- top.maplex.incisiontest.cases.SurgeonInsnPatternCases#onArithmeticIconst5@74
  state: ARMED
  target: top/maplex/incisiontest/fixture/ComplexOpcodeFixture.arithmetic(I)I
- top.maplex.incisiontest.cases.SurgeonInsnPatternCases#onEmptyPattern@95
  state: ARMED
  target: top/maplex/incisiontest/fixture/ComplexOpcodeFixture.emptyBody()V
- top.maplex.incisiontest.cases.SurgeonOperationCases#surgeonDefaultAdvice@11
  state: ARMED
  target: top/maplex/incisiontest/fixture/SurgeonOperationTargetFixture.surgeonDefaultTarget()Ljava/util/List;
- top.maplex.incisiontest.cases.SurgeonInsnPatternCases#onIfeq@90
  state: ARMED
  target: top/maplex/incisiontest/fixture/ComplexOpcodeFixture.branch(Z)I
- top.maplex.incisiontest.cases.SurgeonAopCases#afterMultiArg@19
  state: ARMED
  target: top/maplex/incisiontest/fixture/SurgeonAopTargetFixture.multiArg(ILjava/lang/String;D)Ljava/lang/String;
- top.maplex.incisiontest.cases.SurgeonKotlinTargetCases#both-static-path@10
  state: ARMED
  target: top/maplex/incisiontest/fixture/SurgeonKotlinTargetFixture.bothEcho(Ljava/lang/String;)Ljava/lang/String;
- top.maplex.incisiontest.cases.SurgeonBasicCases#onVoidTrail@9
  state: ARMED
  target: top/maplex/incisiontest/fixture/SurgeonBasicTargetFixture.voidNoArg()V
- top.maplex.incisiontest.cases.PerformanceCases#probe@2
  state: ARMED
  target: top/maplex/incisiontest/fixture/PerformanceFixture.probe(I)I
- top.maplex.incisiontest.cases.OperationEnabledPriorityCases#aFNeg10@23
  state: ARMED
  target: top/maplex/incisiontest/fixture/OperationEnabledPriorityFixture.cellFPriNeg10()I
- top.maplex.incisiontest.cases.SurgeonAnchorMatrixExtrasCases#fieldPutBefore@26
  state: ARMED
  target: top/maplex/incisiontest/fixture/AnchorMatrixFixture_Extras.writeCounterShift(I)V
- top.maplex.incisiontest.cases.SurgeonVersionCases#onMissingMatcherFallback@39
  state: ARMED
  target: top/maplex/incisiontest/fixture/SurgeonVersionTargetFixture.missingMatcherFallback()Ljava/lang/String;
- top.maplex.incisiontest.cases.SurgeonAnchorMatrixTrimCases#trimArgQuad3@22
  state: ARMED
  target: top/maplex/incisiontest/fixture/AnchorMatrixFixture_Trim.trimQuadArg(Ljava/lang/String;Ljava/lang/String;Ljava/lang/String;Ljava/lang/String;)Ljava/lang/String;
- top.maplex.incisiontest.cases.SurgeonInsnPatternCases#onLdcCstFiltered@80
  state: ARMED
  target: top/maplex/incisiontest/fixture/ComplexOpcodeFixture.loadStrings()Ljava/lang/String;
- top.maplex.incisiontest.cases.OperationMatrixCases#orderHigh@28
  state: ARMED
  target: top/maplex/incisiontest/fixture/OperationMatrixFixture.mOrderTarget()Ljava/util/List;
- top.maplex.incisiontest.cases.SurgeonPriorityPositiveCases#advicePositive@0
  state: ARMED
  target: top/maplex/incisiontest/fixture/SurgeonPriorityFixture.pSharedTarget()Ljava/util/List;
- top.maplex.incisiontest.cases.SurgeonAnchorMatrixSiteCases#siteOffsetZero@44
  state: ARMED
  target: top/maplex/incisiontest/fixture/AnchorMatrixFixture_Site.siteOffsetBaseline(I)I
- top.maplex.incisiontest.cases.SurgeonAnchorMatrixTrimCases#trimArgTriple2@21
  state: ARMED
  target: top/maplex/incisiontest/fixture/AnchorMatrixFixture_Trim.trimTripleArg(Ljava/lang/String;Ljava/lang/String;Ljava/lang/String;)Ljava/lang/String;
- top.maplex.incisiontest.cases.SurgeonVersionCases#onNmsGetPlayerCount@33
  state: ARMED
  target: net/minecraft/server/v1_16_R3/MinecraftServer.getPlayerCount()I
- top.maplex.incisiontest.cases.SurgeonSiteCases#bypassHelperInvoke@24
  state: ARMED
  target: top/maplex/incisiontest/fixture/SurgeonSiteTargetFixture.invokeHelper(I)I
- top.maplex.incisiontest.cases.SurgeonVersionMatrixCases#onBothEmpty@39
  state: ARMED
  target: top/maplex/incisiontest/fixture/SurgeonVersionMatrixFixture.bothEmpty()Ljava/lang/String;
- top.maplex.incisiontest.cases.SurgeonVersionMatrixCases#onBypassVersioned@48
  state: ARMED
  target: top/maplex/incisiontest/fixture/SurgeonVersionMatrixFixture.bypassCallerTarget()I
- top.maplex.incisiontest.cases.SurgeonOperationCases#multiSurgeonLowerSide@13
  state: ARMED
  target: top/maplex/incisiontest/fixture/SurgeonOperationTargetFixture.multiSurgeonTarget()Ljava/util/List;
- top.maplex.incisiontest.cases.KotlinTargetMatrixCases#onTTStatic@26
  state: ARMED
  target: top/maplex/incisiontest/fixture/KotlinTargetMatrixFixture.ttBothEcho(Ljava/lang/String;)Ljava/lang/String;
- top.maplex.incisiontest.cases.OperationEnabledPriorityCases#aT0@20
  state: ARMED
  target: top/maplex/incisiontest/fixture/OperationEnabledPriorityFixture.cellTPri0()I
- top.maplex.incisiontest.cases.SurgeonPredicateCases#onFlagTrue@94
  state: ARMED
  target: top/maplex/incisiontest/fixture/PredicateFixture.flag(Ljava/lang/Object;)Ljava/lang/String;
- top.maplex.incisiontest.cases.SurgeonPredicateCases#onEmptyWhere@115
  state: ARMED
  target: top/maplex/incisiontest/fixture/PredicateFixture.whereEmpty(I)I
- top.maplex.incisiontest.cases.SurgeonOpcodeSeqAnchorCases#onInvokeWithPattern@13
  state: ARMED
  target: top/maplex/incisiontest/fixture/ComplexOpcodeFixture.chainInvoke()I
- top.maplex.incisiontest.cases.KotlinTargetMatrixCases#onTF@24
  state: ARMED
  target: top/maplex/incisiontest/fixture/KotlinTargetMatrixFixture$Companion.tfCompanionEcho(Ljava/lang/String;)Ljava/lang/String;
- top.maplex.incisiontest.cases.SurgeonInsnPatternCases#onAccumulatePattern@73
  state: ARMED
  target: top/maplex/incisiontest/fixture/InsnPatternFixture.accumulate(I)I
- top.maplex.incisiontest.cases.SurgeonAnchorMatrixCases#graftInvokeBefore1@47
  state: ARMED
  target: top/maplex/incisiontest/fixture/AnchorMatrixFixture.matrixInvokeChain(I)I
- top.maplex.incisiontest.cases.SurgeonAnchorMatrixScopeCases#spliceFull@25
  state: ARMED
  target: top/maplex/incisiontest/fixture/AnchorMatrixFixture_Scope.scopeShorthandArgs(Ljava/lang/String;I)Ljava/lang/String;
- top.maplex.incisiontest.cases.SurgeonAnchorMatrixExtrasCases#spliceShortCircuit@33
  state: ARMED
  target: top/maplex/incisiontest/fixture/AnchorMatrixFixture_Extras.spliceSkipTarget(I)I
- top.maplex.incisiontest.cases.SurgeonOffsetCases#onBeforeNegOffset@44
  state: ARMED
  target: top/maplex/incisiontest/fixture/OffsetFixture.chainWithGap()I
- top.maplex.incisiontest.cases.SurgeonSiteCases#graftOnFieldPut@21
  state: ARMED
  target: top/maplex/incisiontest/fixture/SurgeonSiteTargetFixture.writeCounter(I)V
- top.maplex.incisiontest.cases.SurgeonAnchorMatrixSiteCases#siteInvokeOrd1@35
  state: ARMED
  target: top/maplex/incisiontest/fixture/AnchorMatrixFixture_Site.siteInvokeChain(I)I
- top.maplex.incisiontest.cases.SurgeonOffsetCases#onOffsetMinus2@49
  state: ARMED
  target: top/maplex/incisiontest/fixture/OffsetFixture.chainWithGap()I
- top.maplex.incisiontest.cases.SurgeonSiteCases#trimReturnPlain@25
  state: ARMED
  target: top/maplex/incisiontest/fixture/SurgeonSiteTargetFixture.plainReturn()I
- top.maplex.incisiontest.cases.SurgeonPredicateCases#onSpawnNeqInt@70
  state: ARMED
  target: top/maplex/incisiontest/fixture/PredicateFixture.spawn(Ljava/lang/String;I)Ljava/lang/String;
- top.maplex.incisiontest.cases.SurgeonInsnPatternCases#onInvokeSpecial@105
  state: ARMED
  target: top/maplex/incisiontest/fixture/ComplexOpcodeFixture.buildBuffer()Ljava/lang/String;
- top.maplex.incisiontest.cases.SurgeonVersionCases#onFakeBoundaryEnd@37
  state: ARMED
  target: top/maplex/incisiontest/fixture/SurgeonVersionTargetFixture.fakeMatcherBoundaryEnd()Ljava/lang/String;
- top.maplex.incisiontest.cases.SurgeonVersionMatrixCases#onLeadVersioned@44
  state: ARMED
  target: top/maplex/incisiontest/fixture/SurgeonVersionMatrixFixture.leadTarget()Ljava/lang/String;
- top.maplex.incisiontest.cases.OperationMatrixCases#adviceM9@27
  state: ARMED
  target: top/maplex/incisiontest/fixture/OperationMatrixFixture.m9PriorityZeroExplicit()I
- top.maplex.incisiontest.cases.Pri0Surgeon#pri0@0
  state: ARMED
  target: top/maplex/incisiontest/fixture/SurgeonPriorityExtremeFixture.threeSurgeonTarget()Ljava/util/List;
- top.maplex.incisiontest.cases.SurgeonAdvancedCases#onReturnsBoolExcise@4
  state: ARMED
  target: top/maplex/incisiontest/fixture/SurgeonAdvancedTargetFixture.returnsBoolean(Z)Z
- top.maplex.incisiontest.cases.SurgeonVersionMatrixCases#onOnlyEndGiven@40
  state: ARMED
  target: top/maplex/incisiontest/fixture/SurgeonVersionMatrixFixture.onlyEndGiven()Ljava/lang/String;
- top.maplex.incisiontest.cases.SurgeonOffsetCases#onOffsetPlus5@48
  state: ARMED
  target: top/maplex/incisiontest/fixture/OffsetFixture.chainWithGap()I
- top.maplex.incisiontest.cases.OperationEnabledPriorityCases#aT5@21
  state: ARMED
  target: top/maplex/incisiontest/fixture/OperationEnabledPriorityFixture.cellTPri5()I
- top.maplex.incisiontest.cases.SurgeonAnchorMatrixCases#graftFieldGet@50
  state: ARMED
  target: top/maplex/incisiontest/fixture/AnchorMatrixFixture.matrixFieldRead()I
- top.maplex.incisiontest.cases.SurgeonVersionCases#onNoop@32
  state: ARMED
  target: top/maplex/incisiontest/fixture/SurgeonVersionTargetFixture.noopMatcherTarget()Ljava/lang/String;
- top.maplex.incisiontest.cases.AccessorTheatreDslCases#onDescribe@6
  state: ARMED
  target: top/maplex/incisiontest/fixture/AccessorChildFixture.describe()Ljava/lang/String;
- top.maplex.incisiontest.cases.SurgeonAnchorMatrixPriorityOperation#opPriority200@10
  state: ARMED
  target: top/maplex/incisiontest/fixture/AnchorMatrixFixture_Priority.priorityOperationTarget()Ljava/lang/String;
- top.maplex.incisiontest.cases.SurgeonAnchorMatrixExtrasCases#newBefore@28
  state: ARMED
  target: top/maplex/incisiontest/fixture/AnchorMatrixFixture_Extras.allocateBuilder()Ljava/lang/StringBuilder;
- top.maplex.incisiontest.cases.AdyeshachIntegrationCases#literalSplice@16
  state: ARMED
  target: ink/ptms/adyeshach/impl/nms/DefaultMinecraftHelper.literalChatBaseComponent(Ljava/lang/String;)Ljava/lang/Object;
- top.maplex.incisiontest.cases.SurgeonAnchorMatrixCases#graftThrow@53
  state: ARMED
  target: top/maplex/incisiontest/fixture/AnchorMatrixFixture.matrixThrowUncaught(Z)Ljava/lang/String;
- top.maplex.incisiontest.cases.SurgeonInsnPatternCases#onSeq5@96
  state: ARMED
  target: top/maplex/incisiontest/fixture/ComplexOpcodeFixture.densePattern()I
- top.maplex.incisiontest.cases.SurgeonAnchorMatrixCases#headLead@42
  state: ARMED
  target: top/maplex/incisiontest/fixture/AnchorMatrixFixture.matrixSimpleReturn()Ljava/lang/String;
- top.maplex.incisiontest.cases.OperationEnabledPriorityCases#aF0@24
  state: ARMED
  target: top/maplex/incisiontest/fixture/OperationEnabledPriorityFixture.cellFPri0()I
- top.maplex.incisiontest.cases.SurgeonAnchorMatrixCases#trailMultiReturn@44
  state: ARMED
  target: top/maplex/incisiontest/fixture/AnchorMatrixFixture.matrixMultiReturn(Z)I
- top.maplex.incisiontest.cases.SurgeonPriorityNegativeCases#adviceNegative@0
  state: ARMED
  target: top/maplex/incisiontest/fixture/SurgeonPriorityFixture.pSharedTarget()Ljava/util/List;
- top.maplex.incisiontest.cases.SurgeonPredicateCases#onMeasureLt@71
  state: ARMED
  target: top/maplex/incisiontest/fixture/PredicateFixture.measure(D)Ljava/lang/String;
- top.maplex.incisiontest.cases.SurgeonAnchorMatrixExtrasCases#newAfter@29
  state: ARMED
  target: top/maplex/incisiontest/fixture/AnchorMatrixFixture_Extras.allocateBuilder()Ljava/lang/StringBuilder;
- top.maplex.incisiontest.cases.SurgeonAnchorMatrixExtrasCases#tripleArg2@32
  state: ARMED
  target: top/maplex/incisiontest/fixture/AnchorMatrixFixture_Extras.tripleArgEcho(Ljava/lang/String;Ljava/lang/String;Ljava/lang/String;)Ljava/lang/String;
- top.maplex.incisiontest.cases.SurgeonAopCases#aroundModifyArgs@21
  state: ARMED
  target: top/maplex/incisiontest/fixture/SurgeonAopTargetFixture.greet(Ljava/lang/String;)Ljava/lang/String;
- top.maplex.incisiontest.cases.SurgeonPriorityZeroCases#adviceZero@0
  state: ARMED
  target: top/maplex/incisiontest/fixture/SurgeonPriorityFixture.pSharedTarget()Ljava/util/List;
- top.maplex.incisiontest.cases.KotlinTargetMatrixCases#onTTCompanion@27
  state: ARMED
  target: top/maplex/incisiontest/fixture/KotlinTargetMatrixFixture$Companion.ttBothEcho(Ljava/lang/String;)Ljava/lang/String;
- top.maplex.incisiontest.cases.SurgeonInsnPatternCases#onInvokeVirtualGlob@84
  state: ARMED
  target: top/maplex/incisiontest/fixture/ComplexOpcodeFixture.buildBuffer()Ljava/lang/String;
- top.maplex.incisiontest.cases.OperationIdVariantsCases#id::with/special.chars-001@9
  state: ARMED
  target: top/maplex/incisiontest/fixture/OperationIdVariantsFixture.idSpecialCharsTarget()I
- top.maplex.incisiontest.cases.SurgeonOffsetCases#onAnyOrdinal@47
  state: ARMED
  target: top/maplex/incisiontest/fixture/OffsetFixture.chain()I
- top.maplex.incisiontest.cases.SurgeonPredicateCases#onFlagNull@96
  state: ARMED
  target: top/maplex/incisiontest/fixture/PredicateFixture.flag(Ljava/lang/Object;)Ljava/lang/String;
- top.maplex.incisiontest.cases.SurgeonAnchorMatrixPriorityOperation#opPriority50@11
  state: ARMED
  target: top/maplex/incisiontest/fixture/AnchorMatrixFixture_Priority.priorityOperationTarget()Ljava/lang/String;
- top.maplex.incisiontest.cases.SurgeonPredicateCases#onMeasureDouble@97
  state: ARMED
  target: top/maplex/incisiontest/fixture/PredicateFixture.measure(D)Ljava/lang/String;
- top.maplex.incisiontest.cases.OperationEnabledPriorityCases#aF5@25
  state: ARMED
  target: top/maplex/incisiontest/fixture/OperationEnabledPriorityFixture.cellFPri5()I
- top.maplex.incisiontest.cases.SurgeonPredicateCases#onHandleInList@77
  state: ARMED
  target: top/maplex/incisiontest/fixture/PredicateFixture.handle(Ljava/util/List;)Ljava/lang/String;
- top.maplex.incisiontest.cases.SurgeonPredicateCases#onSpawnCompound@98
  state: ARMED
  target: top/maplex/incisiontest/fixture/PredicateFixture.spawn(Ljava/lang/String;I)Ljava/lang/String;
- top.maplex.incisiontest.cases.SurgeonPredicateCases#onRegisterProperty@85
  state: ARMED
  target: top/maplex/incisiontest/fixture/PredicateFixture.register(Ltop/maplex/incisiontest/fixture/PredicateFixture$Named;)Ljava/lang/String;
- top.maplex.incisiontest.cases.AdyeshachIntegrationCases#literalLead@14
  state: ARMED
  target: ink/ptms/adyeshach/impl/nms/DefaultMinecraftHelper.literalChatBaseComponent(Ljava/lang/String;)Ljava/lang/Object;
- top.maplex.incisiontest.cases.SurgeonInsnPatternCases#onANewArray@87
  state: ARMED
  target: top/maplex/incisiontest/fixture/ComplexOpcodeFixture.arrays()I
- top.maplex.incisiontest.cases.OperationMatrixCases#adviceM3@21
  state: ARMED
  target: top/maplex/incisiontest/fixture/OperationMatrixFixture.m3DisabledNoId()I
- top.maplex.incisiontest.cases.SurgeonPredicateCases#onLogMatches@75
  state: ARMED
  target: top/maplex/incisiontest/fixture/PredicateFixture.log(Ljava/lang/String;)Ljava/lang/String;
- top.maplex.incisiontest.cases.SurgeonAnchorMatrixSiteCases#siteNewEmptyTarget@43
  state: ARMED
  target: top/maplex/incisiontest/fixture/AnchorMatrixFixture_Site.siteTargetEmpty()Ljava/lang/Object;
- top.maplex.incisiontest.cases.SurgeonPredicateCases#onRegisterMethodNoArg@88
  state: ARMED
  target: top/maplex/incisiontest/fixture/PredicateFixture.register(Ltop/maplex/incisiontest/fixture/PredicateFixture$Named;)Ljava/lang/String;
- top.maplex.incisiontest.cases.SurgeonAnchorMatrixScopeCases#leadWildArgs@21
  state: ARMED
  target: top/maplex/incisiontest/fixture/AnchorMatrixFixture_Scope.scopeMethodWild(*)*
- top.maplex.incisiontest.cases.SurgeonOffsetCases#onFirstHelperBefore@37
  state: ARMED
  target: top/maplex/incisiontest/fixture/OffsetFixture.chain()I
- top.maplex.incisiontest.cases.SurgeonVersionMatrixCases#onSpliceVersioned@46
  state: ARMED
  target: top/maplex/incisiontest/fixture/SurgeonVersionMatrixFixture.spliceTarget()Ljava/lang/String;
- top.maplex.incisiontest.cases.SurgeonAnchorMatrixSiteCases#siteInvokeOrd2@36
  state: ARMED
  target: top/maplex/incisiontest/fixture/AnchorMatrixFixture_Site.siteInvokeChain(I)I
- top.maplex.incisiontest.cases.SurgeonAnchorMatrixSiteCases#anchorHead@30
  state: ARMED
  target: top/maplex/incisiontest/fixture/AnchorMatrixFixture_Site.siteHeadMethod()Ljava/lang/String;
- top.maplex.incisiontest.cases.SurgeonAnchorMatrixCases#graftInvokeAfter0@49
  state: ARMED
  target: top/maplex/incisiontest/fixture/AnchorMatrixFixture.matrixInvokeChain(I)I
- top.maplex.incisiontest.cases.SurgeonAnchorMatrixCases#bypassReplace@54
  state: ARMED
  target: top/maplex/incisiontest/fixture/AnchorMatrixFixture.matrixInvokeMixed(I)I
- top.maplex.incisiontest.cases.PerformanceCases#leadOfPair@4
  state: ARMED
  target: top/maplex/incisiontest/fixture/PerformanceFixture.leadTrail(I)I
- top.maplex.incisiontest.cases.SurgeonCrossClCases#onGetPlayerCount@5
  state: ARMED
  target: net/minecraft/server/v1_16_R3/MinecraftServer.getPlayerCount()I
- top.maplex.incisiontest.cases.SurgeonPredicateCases#onRegisterMethodCall@87
  state: ARMED
  target: top/maplex/incisiontest/fixture/PredicateFixture.register(Ltop/maplex/incisiontest/fixture/PredicateFixture$Named;)Ljava/lang/String;
- top.maplex.incisiontest.cases.SurgeonSiteCases#graftOnFieldGet@20
  state: ARMED
  target: top/maplex/incisiontest/fixture/SurgeonSiteTargetFixture.readCounter()I
- top.maplex.incisiontest.cases.SurgeonKotlinTargetCases#onCompanionOnly@8
  state: ARMED
  target: top/maplex/incisiontest/fixture/SurgeonKotlinTargetFixture$Companion.companionOnlyEcho(Ljava/lang/String;)Ljava/lang/String;
- top.maplex.incisiontest.cases.SurgeonPredicateCases#onAcceptAsCast@84
  state: ARMED
  target: top/maplex/incisiontest/fixture/PredicateFixture.accept(Ljava/lang/Object;)Ljava/lang/String;
- top.maplex.incisiontest.cases.SurgeonVersionMatrixCases#onTrailVersioned@45
  state: ARMED
  target: top/maplex/incisiontest/fixture/SurgeonVersionMatrixFixture.trailTarget()Ljava/lang/String;
- top.maplex.incisiontest.cases.OperationEnabledPriorityCases#cycle-advice@29
  state: ARMED
  target: top/maplex/incisiontest/fixture/OperationEnabledPriorityFixture.cycleTarget()I
- top.maplex.incisiontest.cases.SurgeonPredicateCases#onSpawnNested@93
  state: ARMED
  target: top/maplex/incisiontest/fixture/PredicateFixture.spawn(Ljava/lang/String;I)Ljava/lang/String;
- top.maplex.incisiontest.cases.SurgeonKotlinTargetCases#onStaticOnly@9
  state: ARMED
  target: top/maplex/incisiontest/fixture/SurgeonKotlinTargetFixture.staticOnlyEcho(Ljava/lang/String;)Ljava/lang/String;
- top.maplex.incisiontest.cases.SurgeonAnchorMatrixCases#tailTrailNormal@43
  state: ARMED
  target: top/maplex/incisiontest/fixture/AnchorMatrixFixture.matrixSimpleReturn()Ljava/lang/String;
- top.maplex.incisiontest.cases.SurgeonAnchorMatrixPriorityLow#lowPriority@2
  state: ARMED
  target: top/maplex/incisiontest/fixture/AnchorMatrixFixture_Priority.prioritySurgeonTarget()Ljava/lang/String;
- top.maplex.incisiontest.cases.SurgeonPredicateCases#onHandleIcList@80
  state: ARMED
  target: top/maplex/incisiontest/fixture/PredicateFixture.handle(Ljava/util/List;)Ljava/lang/String;
- top.maplex.incisiontest.cases.SurgeonInsnPatternCases#onFieldPut@82
  state: ARMED
  target: top/maplex/incisiontest/fixture/ComplexOpcodeFixture.touchFields()I
- top.maplex.incisiontest.cases.SurgeonAnchorMatrixScopeCases#bypassFullDescriptor@26
  state: ARMED
  target: top/maplex/incisiontest/fixture/AnchorMatrixFixture_Scope.scopeInvokeHelper()I
- top.maplex.incisiontest.cases.KotlinTargetMatrixCases#onFTAlt@23
  state: ARMED
  target: top/maplex/incisiontest/fixture/KotlinTargetMatrixFixture.ftStaticAlt(I)I
- top.maplex.incisiontest.cases.SurgeonVersionMatrixCases#onSinglePoint@42
  state: ARMED
  target: top/maplex/incisiontest/fixture/SurgeonVersionMatrixFixture.singlePoint()Ljava/lang/String;
- top.maplex.incisiontest.cases.SurgeonVersionMatrixCases#onSegLongerEnd@55
  state: ARMED
  target: top/maplex/incisiontest/fixture/SurgeonVersionMatrixFixture.segmentLongerEnd()Ljava/lang/String;
- top.maplex.incisiontest.cases.SurgeonPredicateCases#onExciseWithWhere@118
  state: ARMED
  target: top/maplex/incisiontest/fixture/PredicateFixture.whereExcise(Ljava/lang/String;)Ljava/lang/String;
- top.maplex.incisiontest.cases.OperationMatrixCases#m6-cust@24
  state: ARMED
  target: top/maplex/incisiontest/fixture/OperationMatrixFixture.m6IdAndPriority()I
- top.maplex.incisiontest.cases.SurgeonInsnPatternCases#onRepeat5@98
  state: ARMED
  target: top/maplex/incisiontest/fixture/ComplexOpcodeFixture.multiFieldPut()I
- top.maplex.incisiontest.cases.SurgeonOperationCases#lowPriority@10
  state: ARMED
  target: top/maplex/incisiontest/fixture/SurgeonOperationTargetFixture.priorityTarget()Ljava/util/List;
- top.maplex.incisiontest.cases.SurgeonPredicateCases#onSpawnOr@91
  state: ARMED
  target: top/maplex/incisiontest/fixture/PredicateFixture.spawn(Ljava/lang/String;I)Ljava/lang/String;
- top.maplex.incisiontest.cases.SurgeonOpcodeSeqAnchorCases#onInvokeWithGlob@14
  state: ARMED
  target: top/maplex/incisiontest/fixture/ComplexOpcodeFixture.chainInvoke()I
- top.maplex.incisiontest.cases.SurgeonPredicateCases#onAcceptIpObject@81
  state: ARMED
  target: top/maplex/incisiontest/fixture/PredicateFixture.accept(Ljava/lang/Object;)Ljava/lang/String;
- top.maplex.incisiontest.cases.SurgeonOffsetCases#onAfterOffset0@51
  state: ARMED
  target: top/maplex/incisiontest/fixture/OffsetFixture.chain()I
- top.maplex.incisiontest.cases.SurgeonAnchorMatrixCases#trimArg1@57
  state: ARMED
  target: top/maplex/incisiontest/fixture/AnchorMatrixFixture.matrixCombine(Ljava/lang/String;Ljava/lang/String;)Ljava/lang/String;
- top.maplex.incisiontest.cases.SurgeonAnchorMatrixExtrasCases#exciseFullBody@34
  state: ARMED
  target: top/maplex/incisiontest/fixture/AnchorMatrixFixture_Extras.exciseRawTarget()Ljava/lang/String;
- top.maplex.incisiontest.cases.SurgeonSiteCases#graftAfterHelperInvoke@19
  state: ARMED
  target: top/maplex/incisiontest/fixture/SurgeonSiteTargetFixture.invokeHelper(I)I
- top.maplex.incisiontest.cases.OperationMatrixCases#orderMid@29
  state: ARMED
  target: top/maplex/incisiontest/fixture/OperationMatrixFixture.mOrderTarget()Ljava/util/List;
- top.maplex.incisiontest.cases.SurgeonAnchorMatrixCases#graftInvokeBefore0@46
  state: ARMED
  target: top/maplex/incisiontest/fixture/AnchorMatrixFixture.matrixInvokeChain(I)I
- top.maplex.incisiontest.cases.SurgeonPredicateCases#onAcceptNotIt@83
  state: ARMED
  target: top/maplex/incisiontest/fixture/PredicateFixture.accept(Ljava/lang/Object;)Ljava/lang/String;
- top.maplex.incisiontest.cases.SurgeonPredicateCases#onAcceptIsString@78
  state: ARMED
  target: top/maplex/incisiontest/fixture/PredicateFixture.accept(Ljava/lang/Object;)Ljava/lang/String;
- top.maplex.incisiontest.cases.SurgeonBasicCases#onGreetLead@8
  state: ARMED
  target: top/maplex/incisiontest/fixture/SurgeonBasicTargetFixture.greet(Ljava/lang/String;)Ljava/lang/String;
- top.maplex.incisiontest.cases.SurgeonOperationCases#disabledAdvice@8
  state: ARMED
  target: top/maplex/incisiontest/fixture/SurgeonOperationTargetFixture.disabledTarget()I
- top.maplex.incisiontest.cases.SurgeonAnchorMatrixCases#graftNew@52
  state: ARMED
  target: top/maplex/incisiontest/fixture/AnchorMatrixFixture.matrixAllocate()Ljava/util/ArrayList;
- top.maplex.incisiontest.cases.PerformanceCases#lead@3
  state: ARMED
  target: top/maplex/incisiontest/fixture/PerformanceFixture.lead(I)I
- top.maplex.incisiontest.cases.OperationEnabledPriorityCases#aT100@22
  state: ARMED
  target: top/maplex/incisiontest/fixture/OperationEnabledPriorityFixture.cellTPri100()I
- top.maplex.incisiontest.cases.SurgeonInsnPatternCases#onNewStringBuilder@83
  state: ARMED
  target: top/maplex/incisiontest/fixture/ComplexOpcodeFixture.buildBuffer()Ljava/lang/String;
- top.maplex.incisiontest.cases.SurgeonOperationCases#surgeonOverrideAdvice@12
  state: ARMED
  target: top/maplex/incisiontest/fixture/SurgeonOperationTargetFixture.surgeonDefaultTarget()Ljava/util/List;
- top.maplex.incisiontest.cases.SurgeonPredicateCases#onLogInString@76
  state: ARMED
  target: top/maplex/incisiontest/fixture/PredicateFixture.log(Ljava/lang/String;)Ljava/lang/String;
- top.maplex.incisiontest.cases.SurgeonOffsetCases#onFirstHelperAfterOffset1@40
  state: ARMED
  target: top/maplex/incisiontest/fixture/OffsetFixture.chain()I
- top.maplex.incisiontest.cases.SurgeonPredicateCases#onSpawnLe@73
  state: ARMED
  target: top/maplex/incisiontest/fixture/PredicateFixture.spawn(Ljava/lang/String;I)Ljava/lang/String;
- top.maplex.incisiontest.cases.SurgeonAnchorMatrixCases#trimReturnPlain@55
  state: ARMED
  target: top/maplex/incisiontest/fixture/AnchorMatrixFixture.matrixPlainReturn()I
- top.maplex.incisiontest.cases.SurgeonAnchorMatrixExtrasCases#noParenLead@35
  state: ARMED
  target: top/maplex/incisiontest/fixture/AnchorMatrixFixture_Extras.noParenMethod()Ljava/lang/String;
- top.maplex.incisiontest.cases.SurgeonOffsetCases#onThirdHelperBefore@39
  state: ARMED
  target: top/maplex/incisiontest/fixture/OffsetFixture.chain()I
- top.maplex.incisiontest.cases.SurgeonAnchorMatrixScopeCases#trailClassAndMethodA@23
  state: ARMED
  target: top/maplex/incisiontest/fixture/AnchorMatrixFixture_Scope.scopeClassA()I
- top.maplex.incisiontest.cases.SurgeonAnchorMatrixCases#spliceProceedAndKeep@59
  state: ARMED
  target: top/maplex/incisiontest/fixture/AnchorMatrixFixture.matrixSpliceTarget(I)I
- top.maplex.incisiontest.cases.SurgeonInsnPatternCases#onFieldGet@81
  state: ARMED
  target: top/maplex/incisiontest/fixture/ComplexOpcodeFixture.touchFields()I
- top.maplex.incisiontest.cases.SurgeonOffsetCases#onFieldPutOffset@54
  state: ARMED
  target: top/maplex/incisiontest/fixture/OffsetFixture.chainWithGap()I
- top.maplex.incisiontest.cases.SurgeonAnchorMatrixSiteCases#siteFieldGetGraft@40
  state: ARMED
  target: top/maplex/incisiontest/fixture/AnchorMatrixFixture_Site.siteFieldGet()I
- top.maplex.incisiontest.cases.SurgeonAnchorMatrixCases#graftFieldPut@51
  state: ARMED
  target: top/maplex/incisiontest/fixture/AnchorMatrixFixture.matrixFieldWrite(I)V
- top.maplex.incisiontest.cases.SurgeonSiteCases#graftOnThrow@23
  state: ARMED
  target: top/maplex/incisiontest/fixture/SurgeonSiteTargetFixture.throwIt()Ljava/lang/String;
- top.maplex.incisiontest.cases.SurgeonInsnPatternCases#onNewArray@86
  state: ARMED
  target: top/maplex/incisiontest/fixture/ComplexOpcodeFixture.arrays()I
- top.maplex.incisiontest.cases.SurgeonVersionCases#onMultiRange1@41
  state: ARMED
  target: top/maplex/incisiontest/fixture/SurgeonVersionTargetFixture.multiRangeByIndex()Ljava/lang/String;
- top.maplex.incisiontest.cases.KotlinTargetMatrixCases#onFFAlt@21
  state: ARMED
  target: top/maplex/incisiontest/fixture/KotlinTargetMatrixFixture.ffAltMethod(I)I
- top.maplex.incisiontest.cases.SurgeonAopCases#onCompanionEcho@24
  state: ARMED
  target: top/maplex/incisiontest/fixture/SurgeonAopTargetFixture$Companion.companionEcho(Ljava/lang/String;)Ljava/lang/String;
- top.maplex.incisiontest.cases.SurgeonAnchorMatrixCases#graftInvokeBeforeAll@48
  state: ARMED
  target: top/maplex/incisiontest/fixture/AnchorMatrixFixture.matrixInvokeChain(I)I
- top.maplex.incisiontest.cases.OperationMatrixCases#orderLow@31
  state: ARMED
  target: top/maplex/incisiontest/fixture/OperationMatrixFixture.mOrderTarget()Ljava/util/List;
- top.maplex.incisiontest.cases.SurgeonPriorityDefaultCases#adviceDefault@0
  state: ARMED
  target: top/maplex/incisiontest/fixture/SurgeonPriorityFixture.pSharedTarget()Ljava/util/List;
- top.maplex.incisiontest.cases.SurgeonAnchorMatrixTrimCases#trimArgSingle@18
  state: ARMED
  target: top/maplex/incisiontest/fixture/AnchorMatrixFixture_Trim.trimSingleArg(Ljava/lang/String;)Ljava/lang/String;
- top.maplex.incisiontest.cases.SurgeonOffsetCases#onFieldGetOffset@53
  state: ARMED
  target: top/maplex/incisiontest/fixture/OffsetFixture.chainWithGap()I
- top.maplex.incisiontest.cases.SurgeonAnchorMatrixTrimCases#trimArgDouble0@19
  state: ARMED
  target: top/maplex/incisiontest/fixture/AnchorMatrixFixture_Trim.trimDoubleArg(Ljava/lang/String;Ljava/lang/String;)Ljava/lang/String;
- top.maplex.incisiontest.cases.OperationEnabledPriorityCases#same-pri-first@27
  state: ARMED
  target: top/maplex/incisiontest/fixture/OperationEnabledPriorityFixture.samePriorityTarget()Ljava/util/List;
- top.maplex.incisiontest.cases.SurgeonAnchorMatrixTrimCases#trimReturnInt@23
  state: ARMED
  target: top/maplex/incisiontest/fixture/AnchorMatrixFixture_Trim.trimReturnInt()I
- top.maplex.incisiontest.cases.SurgeonAnchorMatrixPriorityOperation#opPriorityNeg10@12
  state: ARMED
  target: top/maplex/incisiontest/fixture/AnchorMatrixFixture_Priority.priorityOperationTarget()Ljava/lang/String;
- top.maplex.incisiontest.cases.SurgeonVersionMatrixCases#onExciseVersioned@47
  state: ARMED
  target: top/maplex/incisiontest/fixture/SurgeonVersionMatrixFixture.exciseTarget()Ljava/lang/String;
- top.maplex.incisiontest.cases.SurgeonCrossClCases#onGetMaxPlayers@8
  state: ARMED
  target: org/bukkit/Bukkit.getMaxPlayers()I

[15:22:48 INFO]: [Incision-Test-1.0.0] [Incision] Instrumentation 后端就绪
[15:22:48 INFO]: [Incision-Test-1.0.0] [DEBUG] MeteorInjector 已在其他插件中初始化。
[15:22:48 INFO]: [Incision-Test-1.0.0] [DEBUG] injectAll(ENABLE): 201 个类, 用时 139 毫秒
[15:22:48 INFO]: [Incision-Test-1.0.0] [DEBUG]   - SimpleCommandRegister: 55 毫秒
[15:22:48 INFO]: [Incision-Test-1.0.0] [DEBUG]   - ClassVisitorAwake: 45 毫秒
[15:22:48 INFO]: [Incision-Test-1.0.0] [DEBUG]   - EventBus: 38 毫秒
[15:22:48 INFO]: [Incision-Test-1.0.0] [DEBUG] 生命周期 "ENABLE" 用时 140 毫秒。
[15:22:48 INFO]: Running delayed init tasks
[15:22:48 INFO]: [Adyeshach] Generate MinecraftPacketHandler in 12ms
[15:22:48 INFO]: [Adyeshach] Loaded 216 entity metadata from the "entity_meta.desc"
[15:22:48 INFO]: [Incision-Test-1.0.0] [DEBUG] 生命周期 "ACTIVE" 用时 2 毫秒。
[15:22:48 INFO]: [IncisionTest] auto-run disabled for isolated benchmark process
[15:22:48 INFO]: Done (7.258s)! For help, type "help"
[15:22:48 INFO]: Timings Reset
[15:22:48 INFO]: [Adyeshach] Loaded 87 unused entity metadata from the "entity_meta_unused.desc"
[15:22:48 INFO]: [Adyeshach] Loaded 123 entity type(s) from the "entity_types.desc"
[15:22:48 INFO]: [Adyeshach] 代理类已生成，用时 404 毫秒。
[15:22:48 INFO]: [Incision-Test-1.0.0] [DEBUG] [Incision][DEBUG] JvmtiBackend.onClassFileLoad: top/maplex/incisiontest/fixture/PerformanceFixture (1 transformers, 1401 bytes)
[15:22:48 INFO]: [Incision-Test-1.0.0] [DEBUG] [Incision][DEBUG] weave inject top/maplex/incisiontest/fixture/PerformanceFixture.probe(I)I kinds=[LEAD] static=false
[15:22:48 INFO]: [Incision-Test-1.0.0] [DEBUG] [Incision][DEBUG] weave inject top/maplex/incisiontest/fixture/PerformanceFixture.lead(I)I kinds=[LEAD] static=false
[15:22:48 INFO]: [Incision-Test-1.0.0] [DEBUG] [Incision][DEBUG] weave inject top/maplex/incisiontest/fixture/PerformanceFixture.leadTrail(I)I kinds=[LEAD, TRAIL] static=false
[15:22:48 INFO]: [Incision-Test-1.0.0] [DEBUG] [Incision][DEBUG] weave inject top/maplex/incisiontest/fixture/PerformanceFixture.predicate(I)I kinds=[LEAD] static=false
[15:22:48 INFO]: [Incision-Test-1.0.0] [DEBUG] [Incision][DEBUG] weave inject top/maplex/incisiontest/fixture/PerformanceFixture.splice(I)I kinds=[SPLICE] static=false
[15:22:48 INFO]: [Incision-Test-1.0.0] [DEBUG] [Incision][DEBUG] weave inject top/maplex/incisiontest/fixture/PerformanceFixture.siteInvoke(I)I kinds=[GRAFT] static=false
[15:22:49 INFO]: [Incision-Test-1.0.0] [DEBUG] [Incision][DEBUG] JvmtiBackend.defineClass: top.maplex.incisiontest.fixture.PerformanceFixture$$IncisionBodies in PluginClassLoader{plugin=Incision-Test v1.0.0, pluginEnabled=true, url=plugins\Incision-Test-1.0.0.jar}
[15:22:49 INFO]: [Incision-Test-1.0.0] [DEBUG] [Incision][DEBUG] Bodies class defined in target loader: top.maplex.incisiontest.fixture.PerformanceFixture$$IncisionBodies loader=org.bukkit.plugin.java.PluginClassLoader
[15:22:49 INFO]: [Incision-Test-1.0.0] [DEBUG] [Incision][DEBUG] JvmtiBackend.onClassFileLoad: top/maplex/incisiontest/fixture/PerformanceFixture → changed=true (2479 bytes)
[15:22:49 INFO]: JMH-START backend=jvmti unit=ns/op warmup=3 measurement=7 iterationMillis=500 forks=0 output=E:\Code\TabooLib\taboolib\module\incision\performance\jmh-2026-07-28\raw\1.16.5-paper-java16-jvmti.json
[15:22:49 INFO]: # JMH version: 1.37
[15:22:49 INFO]: # VM version: JDK 16.0.2, OpenJDK 64-Bit Server VM, 16.0.2+7
[15:22:49 INFO]: # VM invoker: D:\Java\zulu16.32.15-ca-jdk16.0.2-win_x64\bin\java.exe
[15:22:49 INFO]: # VM options: -Xms512M -Xmx1536M -Dfile.encoding=UTF-8 -Dtaboolib.incision.backend=jvmti -Dincision.test.autoRun=false -Djdk.attach.allowAttachSelf=true -Dincision.jmh.output=E:\Code\TabooLib\taboolib\module\incision\performance\jmh-2026-07-28\raw\1.16.5-paper-java16-jvmti.json -Dincision.jmh.warmupIterations=3 -Dincision.jmh.measurementIterations=7 -Dincision.jmh.iterationMillis=500
[15:22:49 INFO]: # Blackhole mode: full + dont-inline hint (auto-detected, use -Djmh.blackhole.autoDetect=false to disable)
[15:22:49 INFO]: # Warmup: 3 iterations, 500 ms each
[15:22:49 INFO]: # Measurement: 7 iterations, 500 ms each
[15:22:49 INFO]: # Timeout: 10 min per iteration
[15:22:49 INFO]: # Threads: 1 thread, will synchronize iterations
[15:22:49 INFO]: # Benchmark mode: Average time, time/op
[15:22:49 INFO]: # Benchmark: top.maplex.incisiontest.benchmark.IncisionJmhBenchmark.baseline
[15:22:49 INFO]: 
[15:22:49 INFO]: # Run progress: 0.00% complete, ETA 00:00:30
[15:22:49 INFO]: # Fork: N/A, test runs in the host VM
[15:22:49 INFO]: # *** WARNING: Non-forked runs may silently omit JVM options, mess up profilers, disable compiler hints, etc. ***
[15:22:49 INFO]: # *** WARNING: Use non-forked runs only for debugging purposes, not for actual performance runs. ***
[15:22:49 INFO]: [Incision-Test-1.0.0] [DEBUG] [Incision][DEBUG] JvmtiBackend.onClassFileLoad: net/minecraft/server/v1_16_R3/EnchantmentManager (1 transformers, 20595 bytes)
[15:22:49 INFO]: [Incision-Test-1.0.0] [DEBUG] [Incision][DEBUG] JvmtiBackend.onClassFileLoad: net/minecraft/server/v1_16_R3/EnchantmentManager → changed=true (20595 bytes)
[15:22:49 INFO]: # Warmup Iteration   1: 0.453 ns/op
[15:22:50 INFO]: # Warmup Iteration   2: 0.429 ns/op
[15:22:50 INFO]: # Warmup Iteration   3: 0.376 ns/op
[15:22:51 INFO]: Iteration   1: 0.357 ns/op
[15:22:51 INFO]: Iteration   2: 0.354 ns/op
[15:22:52 INFO]: Iteration   3: 0.352 ns/op
[15:22:52 INFO]: Iteration   4: 0.354 ns/op
[15:22:53 INFO]: Iteration   5: 0.350 ns/op
[15:22:53 INFO]: Iteration   6: 0.353 ns/op
[15:22:54 INFO]: Iteration   7: 0.354 ns/op
[15:22:54 INFO]: 
[15:22:54 INFO]: Result "top.maplex.incisiontest.benchmark.IncisionJmhBenchmark.baseline":
[15:22:54 INFO]:   0.353 ±(99.9%) 0.005 ns/op [Average]
[15:22:54 INFO]:   (min, avg, max) = (0.350, 0.353, 0.357), stdev = 0.002
[15:22:54 INFO]:   CI (99.9%): [0.348, 0.359] (assumes normal distribution)
[15:22:54 INFO]: 
[15:22:54 INFO]: 
[15:22:54 INFO]: # JMH version: 1.37
[15:22:54 INFO]: # VM version: JDK 16.0.2, OpenJDK 64-Bit Server VM, 16.0.2+7
[15:22:54 INFO]: # VM invoker: D:\Java\zulu16.32.15-ca-jdk16.0.2-win_x64\bin\java.exe
[15:22:54 INFO]: # VM options: -Xms512M -Xmx1536M -Dfile.encoding=UTF-8 -Dtaboolib.incision.backend=jvmti -Dincision.test.autoRun=false -Djdk.attach.allowAttachSelf=true -Dincision.jmh.output=E:\Code\TabooLib\taboolib\module\incision\performance\jmh-2026-07-28\raw\1.16.5-paper-java16-jvmti.json -Dincision.jmh.warmupIterations=3 -Dincision.jmh.measurementIterations=7 -Dincision.jmh.iterationMillis=500
[15:22:54 INFO]: # Blackhole mode: full + dont-inline hint (auto-detected, use -Djmh.blackhole.autoDetect=false to disable)
[15:22:54 INFO]: # Warmup: 3 iterations, 500 ms each
[15:22:54 INFO]: # Measurement: 7 iterations, 500 ms each
[15:22:54 INFO]: # Timeout: 10 min per iteration
[15:22:54 INFO]: # Threads: 1 thread, will synchronize iterations
[15:22:54 INFO]: # Benchmark mode: Average time, time/op
[15:22:54 INFO]: # Benchmark: top.maplex.incisiontest.benchmark.IncisionJmhBenchmark.lead
[15:22:54 INFO]: 
[15:22:54 INFO]: # Run progress: 16.67% complete, ETA 00:00:25
[15:22:54 INFO]: # Fork: N/A, test runs in the host VM
[15:22:54 INFO]: # *** WARNING: Non-forked runs may silently omit JVM options, mess up profilers, disable compiler hints, etc. ***
[15:22:54 INFO]: # *** WARNING: Use non-forked runs only for debugging purposes, not for actual performance runs. ***
[15:22:54 INFO]: # Warmup Iteration   1: 109.861 ns/op
[15:22:55 INFO]: # Warmup Iteration   2: 80.376 ns/op
[15:22:55 INFO]: # Warmup Iteration   3: 79.059 ns/op
[15:22:56 INFO]: Iteration   1: 79.555 ns/op
[15:22:56 INFO]: Iteration   2: 78.694 ns/op
[15:22:57 INFO]: Iteration   3: 78.414 ns/op
[15:22:57 INFO]: Iteration   4: 78.052 ns/op
[15:22:58 INFO]: Iteration   5: 78.649 ns/op
[15:22:58 INFO]: Iteration   6: 78.256 ns/op
[15:22:59 INFO]: Iteration   7: 77.464 ns/op
[15:22:59 INFO]: 
[15:22:59 INFO]: Result "top.maplex.incisiontest.benchmark.IncisionJmhBenchmark.lead":
[15:22:59 INFO]:   78.441 ±(99.9%) 1.451 ns/op [Average]
[15:22:59 INFO]:   (min, avg, max) = (77.464, 78.441, 79.555), stdev = 0.644
[15:22:59 INFO]:   CI (99.9%): [76.990, 79.892] (assumes normal distribution)
[15:22:59 INFO]: 
[15:22:59 INFO]: 
[15:22:59 INFO]: # JMH version: 1.37
[15:22:59 INFO]: # VM version: JDK 16.0.2, OpenJDK 64-Bit Server VM, 16.0.2+7
[15:22:59 INFO]: # VM invoker: D:\Java\zulu16.32.15-ca-jdk16.0.2-win_x64\bin\java.exe
[15:22:59 INFO]: # VM options: -Xms512M -Xmx1536M -Dfile.encoding=UTF-8 -Dtaboolib.incision.backend=jvmti -Dincision.test.autoRun=false -Djdk.attach.allowAttachSelf=true -Dincision.jmh.output=E:\Code\TabooLib\taboolib\module\incision\performance\jmh-2026-07-28\raw\1.16.5-paper-java16-jvmti.json -Dincision.jmh.warmupIterations=3 -Dincision.jmh.measurementIterations=7 -Dincision.jmh.iterationMillis=500
[15:22:59 INFO]: # Blackhole mode: full + dont-inline hint (auto-detected, use -Djmh.blackhole.autoDetect=false to disable)
[15:22:59 INFO]: # Warmup: 3 iterations, 500 ms each
[15:22:59 INFO]: # Measurement: 7 iterations, 500 ms each
[15:22:59 INFO]: # Timeout: 10 min per iteration
[15:22:59 INFO]: # Threads: 1 thread, will synchronize iterations
[15:22:59 INFO]: # Benchmark mode: Average time, time/op
[15:22:59 INFO]: # Benchmark: top.maplex.incisiontest.benchmark.IncisionJmhBenchmark.leadTrail
[15:22:59 INFO]: 
[15:22:59 INFO]: # Run progress: 33.33% complete, ETA 00:00:20
[15:22:59 INFO]: # Fork: N/A, test runs in the host VM
[15:22:59 INFO]: # *** WARNING: Non-forked runs may silently omit JVM options, mess up profilers, disable compiler hints, etc. ***
[15:22:59 INFO]: # *** WARNING: Use non-forked runs only for debugging purposes, not for actual performance runs. ***
[15:22:59 INFO]: # Warmup Iteration   1: 230.569 ns/op
[15:23:00 INFO]: # Warmup Iteration   2: 211.969 ns/op
[15:23:00 INFO]: # Warmup Iteration   3: 210.969 ns/op
[15:23:01 INFO]: Iteration   1: 209.836 ns/op
[15:23:01 INFO]: Iteration   2: 209.408 ns/op
[15:23:02 INFO]: Iteration   3: 210.845 ns/op
[15:23:02 INFO]: Iteration   4: 210.037 ns/op
[15:23:03 INFO]: Iteration   5: 209.561 ns/op
[15:23:03 INFO]: Iteration   6: 209.369 ns/op
[15:23:04 INFO]: Iteration   7: 209.884 ns/op
[15:23:04 INFO]: 
[15:23:04 INFO]: Result "top.maplex.incisiontest.benchmark.IncisionJmhBenchmark.leadTrail":
[15:23:04 INFO]:   209.849 ±(99.9%) 1.140 ns/op [Average]
[15:23:04 INFO]:   (min, avg, max) = (209.369, 209.849, 210.845), stdev = 0.506
[15:23:04 INFO]:   CI (99.9%): [208.709, 210.989] (assumes normal distribution)
[15:23:04 INFO]: 
[15:23:04 INFO]: 
[15:23:04 INFO]: # JMH version: 1.37
[15:23:04 INFO]: # VM version: JDK 16.0.2, OpenJDK 64-Bit Server VM, 16.0.2+7
[15:23:04 INFO]: # VM invoker: D:\Java\zulu16.32.15-ca-jdk16.0.2-win_x64\bin\java.exe
[15:23:04 INFO]: # VM options: -Xms512M -Xmx1536M -Dfile.encoding=UTF-8 -Dtaboolib.incision.backend=jvmti -Dincision.test.autoRun=false -Djdk.attach.allowAttachSelf=true -Dincision.jmh.output=E:\Code\TabooLib\taboolib\module\incision\performance\jmh-2026-07-28\raw\1.16.5-paper-java16-jvmti.json -Dincision.jmh.warmupIterations=3 -Dincision.jmh.measurementIterations=7 -Dincision.jmh.iterationMillis=500
[15:23:04 INFO]: # Blackhole mode: full + dont-inline hint (auto-detected, use -Djmh.blackhole.autoDetect=false to disable)
[15:23:04 INFO]: # Warmup: 3 iterations, 500 ms each
[15:23:04 INFO]: # Measurement: 7 iterations, 500 ms each
[15:23:04 INFO]: # Timeout: 10 min per iteration
[15:23:04 INFO]: # Threads: 1 thread, will synchronize iterations
[15:23:04 INFO]: # Benchmark mode: Average time, time/op
[15:23:04 INFO]: # Benchmark: top.maplex.incisiontest.benchmark.IncisionJmhBenchmark.predicateTrue
[15:23:04 INFO]: 
[15:23:04 INFO]: # Run progress: 50.00% complete, ETA 00:00:15
[15:23:04 INFO]: # Fork: N/A, test runs in the host VM
[15:23:04 INFO]: # *** WARNING: Non-forked runs may silently omit JVM options, mess up profilers, disable compiler hints, etc. ***
[15:23:04 INFO]: # *** WARNING: Use non-forked runs only for debugging purposes, not for actual performance runs. ***
[15:23:04 INFO]: # Warmup Iteration   1: 126.347 ns/op
[15:23:05 INFO]: # Warmup Iteration   2: 120.581 ns/op
[15:23:05 INFO]: # Warmup Iteration   3: 121.737 ns/op
[15:23:06 INFO]: Iteration   1: 121.021 ns/op
[15:23:06 INFO]: Iteration   2: 120.722 ns/op
[15:23:07 INFO]: Iteration   3: 120.653 ns/op
[15:23:07 INFO]: Iteration   4: 122.541 ns/op
[15:23:08 INFO]: Iteration   5: 121.189 ns/op
[15:23:08 INFO]: Iteration   6: 122.286 ns/op
[15:23:09 INFO]: Iteration   7: 120.806 ns/op
[15:23:09 INFO]: 
[15:23:09 INFO]: Result "top.maplex.incisiontest.benchmark.IncisionJmhBenchmark.predicateTrue":
[15:23:09 INFO]:   121.317 ±(99.9%) 1.744 ns/op [Average]
[15:23:09 INFO]:   (min, avg, max) = (120.653, 121.317, 122.541), stdev = 0.774
[15:23:09 INFO]:   CI (99.9%): [119.573, 123.061] (assumes normal distribution)
[15:23:09 INFO]: 
[15:23:09 INFO]: 
[15:23:09 INFO]: # JMH version: 1.37
[15:23:09 INFO]: # VM version: JDK 16.0.2, OpenJDK 64-Bit Server VM, 16.0.2+7
[15:23:09 INFO]: # VM invoker: D:\Java\zulu16.32.15-ca-jdk16.0.2-win_x64\bin\java.exe
[15:23:09 INFO]: # VM options: -Xms512M -Xmx1536M -Dfile.encoding=UTF-8 -Dtaboolib.incision.backend=jvmti -Dincision.test.autoRun=false -Djdk.attach.allowAttachSelf=true -Dincision.jmh.output=E:\Code\TabooLib\taboolib\module\incision\performance\jmh-2026-07-28\raw\1.16.5-paper-java16-jvmti.json -Dincision.jmh.warmupIterations=3 -Dincision.jmh.measurementIterations=7 -Dincision.jmh.iterationMillis=500
[15:23:09 INFO]: # Blackhole mode: full + dont-inline hint (auto-detected, use -Djmh.blackhole.autoDetect=false to disable)
[15:23:09 INFO]: # Warmup: 3 iterations, 500 ms each
[15:23:09 INFO]: # Measurement: 7 iterations, 500 ms each
[15:23:09 INFO]: # Timeout: 10 min per iteration
[15:23:09 INFO]: # Threads: 1 thread, will synchronize iterations
[15:23:09 INFO]: # Benchmark mode: Average time, time/op
[15:23:09 INFO]: # Benchmark: top.maplex.incisiontest.benchmark.IncisionJmhBenchmark.siteInvoke
[15:23:09 INFO]: 
[15:23:09 INFO]: # Run progress: 66.67% complete, ETA 00:00:10
[15:23:09 INFO]: # Fork: N/A, test runs in the host VM
[15:23:09 INFO]: # *** WARNING: Non-forked runs may silently omit JVM options, mess up profilers, disable compiler hints, etc. ***
[15:23:09 INFO]: # *** WARNING: Use non-forked runs only for debugging purposes, not for actual performance runs. ***
[15:23:09 INFO]: # Warmup Iteration   1: 189.849 ns/op
[15:23:10 INFO]: # Warmup Iteration   2: 170.651 ns/op
[15:23:10 INFO]: # Warmup Iteration   3: 171.885 ns/op
[15:23:11 INFO]: Iteration   1: 172.033 ns/op
[15:23:11 INFO]: Iteration   2: 169.924 ns/op
[15:23:12 INFO]: Iteration   3: 168.530 ns/op
[15:23:12 INFO]: Iteration   4: 168.296 ns/op
[15:23:13 INFO]: Iteration   5: 168.821 ns/op
[15:23:13 INFO]: Iteration   6: 169.089 ns/op
[15:23:14 INFO]: Iteration   7: 169.964 ns/op
[15:23:14 INFO]: 
[15:23:14 INFO]: Result "top.maplex.incisiontest.benchmark.IncisionJmhBenchmark.siteInvoke":
[15:23:14 INFO]:   169.522 ±(99.9%) 2.882 ns/op [Average]
[15:23:14 INFO]:   (min, avg, max) = (168.296, 169.522, 172.033), stdev = 1.280
[15:23:14 INFO]:   CI (99.9%): [166.640, 172.405] (assumes normal distribution)
[15:23:14 INFO]: 
[15:23:14 INFO]: 
[15:23:14 INFO]: # JMH version: 1.37
[15:23:14 INFO]: # VM version: JDK 16.0.2, OpenJDK 64-Bit Server VM, 16.0.2+7
[15:23:14 INFO]: # VM invoker: D:\Java\zulu16.32.15-ca-jdk16.0.2-win_x64\bin\java.exe
[15:23:14 INFO]: # VM options: -Xms512M -Xmx1536M -Dfile.encoding=UTF-8 -Dtaboolib.incision.backend=jvmti -Dincision.test.autoRun=false -Djdk.attach.allowAttachSelf=true -Dincision.jmh.output=E:\Code\TabooLib\taboolib\module\incision\performance\jmh-2026-07-28\raw\1.16.5-paper-java16-jvmti.json -Dincision.jmh.warmupIterations=3 -Dincision.jmh.measurementIterations=7 -Dincision.jmh.iterationMillis=500
[15:23:14 INFO]: # Blackhole mode: full + dont-inline hint (auto-detected, use -Djmh.blackhole.autoDetect=false to disable)
[15:23:14 INFO]: # Warmup: 3 iterations, 500 ms each
[15:23:14 INFO]: # Measurement: 7 iterations, 500 ms each
[15:23:14 INFO]: # Timeout: 10 min per iteration
[15:23:14 INFO]: # Threads: 1 thread, will synchronize iterations
[15:23:14 INFO]: # Benchmark mode: Average time, time/op
[15:23:14 INFO]: # Benchmark: top.maplex.incisiontest.benchmark.IncisionJmhBenchmark.spliceProceed
[15:23:14 INFO]: 
[15:23:14 INFO]: # Run progress: 83.33% complete, ETA 00:00:05
[15:23:14 INFO]: # Fork: N/A, test runs in the host VM
[15:23:14 INFO]: # *** WARNING: Non-forked runs may silently omit JVM options, mess up profilers, disable compiler hints, etc. ***
[15:23:14 INFO]: # *** WARNING: Use non-forked runs only for debugging purposes, not for actual performance runs. ***
[15:23:14 INFO]: # Warmup Iteration   1: 141.084 ns/op
[15:23:15 INFO]: # Warmup Iteration   2: 120.169 ns/op
[15:23:15 INFO]: # Warmup Iteration   3: 121.100 ns/op
[15:23:16 INFO]: Iteration   1: 119.525 ns/op
[15:23:16 INFO]: Iteration   2: 121.102 ns/op
[15:23:17 INFO]: Iteration   3: 119.167 ns/op
[15:23:17 INFO]: Iteration   4: 118.951 ns/op
[15:23:18 INFO]: Iteration   5: 120.291 ns/op
[15:23:18 INFO]: Iteration   6: 119.571 ns/op
[15:23:19 INFO]: Iteration   7: 119.900 ns/op
[15:23:19 INFO]: 
[15:23:19 INFO]: Result "top.maplex.incisiontest.benchmark.IncisionJmhBenchmark.spliceProceed":
[15:23:19 INFO]:   119.787 ±(99.9%) 1.643 ns/op [Average]
[15:23:19 INFO]:   (min, avg, max) = (118.951, 119.787, 121.102), stdev = 0.730
[15:23:19 INFO]:   CI (99.9%): [118.143, 121.430] (assumes normal distribution)
[15:23:19 INFO]: 
[15:23:19 INFO]: 
[15:23:19 INFO]: # Run complete. Total time: 00:00:30
[15:23:19 INFO]: 
[15:23:19 INFO]: REMEMBER: The numbers below are just data. To gain reusable insights, you need to follow up on
[15:23:19 INFO]: why the numbers are the way they are. Use profilers (see -prof, -lprof), design factorial
[15:23:19 INFO]: experiments, perform baseline and negative tests that provide experimental control, make sure
[15:23:19 INFO]: the benchmarking environment is safe on JVM/OS/HW level, ask for reviews from the domain experts.
[15:23:19 INFO]: Do not assume the numbers tell you what you want them to tell.
[15:23:19 INFO]: 
[15:23:19 INFO]: Benchmark                           Mode  Cnt    Score   Error  Units
[15:23:19 INFO]: IncisionJmhBenchmark.baseline       avgt    7    0.353 ± 0.005  ns/op
[15:23:19 INFO]: IncisionJmhBenchmark.lead           avgt    7   78.441 ± 1.451  ns/op
[15:23:19 INFO]: IncisionJmhBenchmark.leadTrail      avgt    7  209.849 ± 1.140  ns/op
[15:23:19 INFO]: IncisionJmhBenchmark.predicateTrue  avgt    7  121.317 ± 1.744  ns/op
[15:23:19 INFO]: IncisionJmhBenchmark.siteInvoke     avgt    7  169.522 ± 2.882  ns/op
[15:23:19 INFO]: IncisionJmhBenchmark.spliceProceed  avgt    7  119.787 ± 1.643  ns/op
[15:23:19 INFO]: 
[15:23:19 INFO]: Benchmark result is saved to E:\Code\TabooLib\taboolib\module\incision\performance\jmh-2026-07-28\raw\1.16.5-paper-java16-jvmti.json
[15:23:19 INFO]: JMH-RESULT benchmark=baseline score=0.353 error=0.005 unit=ns/op
[15:23:19 INFO]: JMH-RESULT benchmark=lead score=78.441 error=1.451 unit=ns/op
[15:23:19 INFO]: JMH-RESULT benchmark=leadTrail score=209.849 error=1.140 unit=ns/op
[15:23:19 INFO]: JMH-RESULT benchmark=predicateTrue score=121.317 error=1.744 unit=ns/op
[15:23:19 INFO]: JMH-RESULT benchmark=siteInvoke score=169.522 error=2.882 unit=ns/op
[15:23:19 INFO]: JMH-RESULT benchmark=spliceProceed score=119.787 error=1.643 unit=ns/op
[15:23:19 INFO]: JMH-END backend=jvmti benchmarks=6 output=E:\Code\TabooLib\taboolib\module\incision\performance\jmh-2026-07-28\raw\1.16.5-paper-java16-jvmti.json
[15:23:19 INFO]: Stopping the server
[15:23:19 INFO]: Stopping server
[15:23:19 INFO]: [Incision-Test] Disabling Incision-Test v1.0.0
[15:23:19 INFO]: [Incision-Test-1.0.0] [Incision] Incision DISABLE: 卸载本插件全部 advice
[15:23:19 INFO]: [Incision-Test-1.0.0] [DEBUG] [Incision][DEBUG] JvmtiBackend.onClassFileLoad: top/maplex/incisiontest/fixture/ComplexOpcodeFixture (1 transformers, 4983 bytes)
[15:23:19 INFO]: [Incision-Test-1.0.0] [DEBUG] [Incision][DEBUG] weave inject top/maplex/incisiontest/fixture/ComplexOpcodeFixture.typeCheck(Ljava/lang/Object;)I kinds=[LEAD] static=false
[15:23:19 INFO]: [Incision-Test-1.0.0] [DEBUG] [Incision][DEBUG] weave inject top/maplex/incisiontest/fixture/ComplexOpcodeFixture.branch(Z)I kinds=[LEAD] static=false
[15:23:19 INFO]: [Incision-Test-1.0.0] [DEBUG] [Incision][DEBUG] weave inject top/maplex/incisiontest/fixture/ComplexOpcodeFixture.arrays()I kinds=[LEAD] static=false
[15:23:19 INFO]: [Incision-Test-1.0.0] [DEBUG] [Incision][DEBUG] weave inject top/maplex/incisiontest/fixture/ComplexOpcodeFixture.staticCalls()I kinds=[LEAD] static=false
[15:23:19 INFO]: [Incision-Test-1.0.0] [DEBUG] [Incision][DEBUG] weave inject top/maplex/incisiontest/fixture/ComplexOpcodeFixture.emptyBody()V kinds=[LEAD] static=false
[15:23:19 INFO]: [Incision-Test-1.0.0] [DEBUG] [Incision][DEBUG] weave inject top/maplex/incisiontest/fixture/ComplexOpcodeFixture.touchFields()I kinds=[LEAD] static=false
[15:23:19 INFO]: [Incision-Test-1.0.0] [DEBUG] [Incision][DEBUG] weave inject top/maplex/incisiontest/fixture/ComplexOpcodeFixture.numberLdc()J kinds=[LEAD] static=false
[15:23:19 INFO]: [Incision-Test-1.0.0] [DEBUG] [Incision][DEBUG] weave inject top/maplex/incisiontest/fixture/ComplexOpcodeFixture.multiFieldPut()I kinds=[LEAD] static=false
[15:23:19 INFO]: [Incision-Test-1.0.0] [DEBUG] [Incision][DEBUG] weave inject top/maplex/incisiontest/fixture/ComplexOpcodeFixture.loadStrings()Ljava/lang/String; kinds=[LEAD] static=false
[15:23:19 INFO]: [Incision-Test-1.0.0] [DEBUG] [Incision][DEBUG] weave inject top/maplex/incisiontest/fixture/ComplexOpcodeFixture.buildBuffer()Ljava/lang/String; kinds=[LEAD] static=false
[15:23:19 INFO]: [Incision-Test-1.0.0] [DEBUG] [Incision][DEBUG] weave inject top/maplex/incisiontest/fixture/ComplexOpcodeFixture.arithmetic(I)I kinds=[LEAD] static=false
[15:23:19 INFO]: [Incision-Test-1.0.0] [DEBUG] [Incision][DEBUG] weave inject top/maplex/incisiontest/fixture/ComplexOpcodeFixture.interfaceCall(Ljava/util/List;)I kinds=[LEAD] static=false
[15:23:19 INFO]: [Incision-Test-1.0.0] [DEBUG] [Incision][DEBUG] weave inject top/maplex/incisiontest/fixture/ComplexOpcodeFixture.densePattern()I kinds=[LEAD] static=false
[15:23:19 INFO]: [Incision-Test-1.0.0] [DEBUG] [Incision][DEBUG] weave inject top/maplex/incisiontest/fixture/ComplexOpcodeFixture.throwIt()Ljava/lang/String; kinds=[LEAD] static=false
[15:23:19 INFO]: [Incision-Test-1.0.0] [DEBUG] [Incision][DEBUG] weave inject top/maplex/incisiontest/fixture/ComplexOpcodeFixture.chainInvoke()I kinds=[GRAFT] static=false
[15:23:19 INFO]: [Incision-Test-1.0.0] [DEBUG] [Incision][DEBUG] JvmtiBackend.onClassFileLoad: top/maplex/incisiontest/fixture/ComplexOpcodeFixture → changed=true (7265 bytes)
[15:23:19 INFO]: [Incision-Test-1.0.0] [DEBUG] [Incision][DEBUG] JvmtiBackend.retransform top.maplex.incisiontest.fixture.ComplexOpcodeFixture → true (loaded=1 transformed=1)
[15:23:19 INFO]: [Incision-Test-1.0.0] [DEBUG] [Incision][DEBUG] JvmtiBackend.onClassFileLoad: top/maplex/incisiontest/fixture/ComplexOpcodeFixture (1 transformers, 4983 bytes)
[15:23:19 INFO]: [Incision-Test-1.0.0] [DEBUG] [Incision][DEBUG] weave inject top/maplex/incisiontest/fixture/ComplexOpcodeFixture.typeCheck(Ljava/lang/Object;)I kinds=[LEAD] static=false
[15:23:19 INFO]: [Incision-Test-1.0.0] [DEBUG] [Incision][DEBUG] weave inject top/maplex/incisiontest/fixture/ComplexOpcodeFixture.branch(Z)I kinds=[LEAD] static=false
[15:23:19 INFO]: [Incision-Test-1.0.0] [DEBUG] [Incision][DEBUG] weave inject top/maplex/incisiontest/fixture/ComplexOpcodeFixture.arrays()I kinds=[LEAD] static=false
[15:23:19 INFO]: [Incision-Test-1.0.0] [DEBUG] [Incision][DEBUG] weave inject top/maplex/incisiontest/fixture/ComplexOpcodeFixture.staticCalls()I kinds=[LEAD] static=false
[15:23:19 INFO]: [Incision-Test-1.0.0] [DEBUG] [Incision][DEBUG] weave inject top/maplex/incisiontest/fixture/ComplexOpcodeFixture.emptyBody()V kinds=[LEAD] static=false
[15:23:19 INFO]: [Incision-Test-1.0.0] [DEBUG] [Incision][DEBUG] weave inject top/maplex/incisiontest/fixture/ComplexOpcodeFixture.touchFields()I kinds=[LEAD] static=false
[15:23:19 INFO]: [Incision-Test-1.0.0] [DEBUG] [Incision][DEBUG] weave inject top/maplex/incisiontest/fixture/ComplexOpcodeFixture.numberLdc()J kinds=[LEAD] static=false
[15:23:19 INFO]: [Incision-Test-1.0.0] [DEBUG] [Incision][DEBUG] weave inject top/maplex/incisiontest/fixture/ComplexOpcodeFixture.multiFieldPut()I kinds=[LEAD] static=false
[15:23:19 INFO]: [Incision-Test-1.0.0] [DEBUG] [Incision][DEBUG] weave inject top/maplex/incisiontest/fixture/ComplexOpcodeFixture.loadStrings()Ljava/lang/String; kinds=[LEAD] static=false
[15:23:19 INFO]: [Incision-Test-1.0.0] [DEBUG] [Incision][DEBUG] weave inject top/maplex/incisiontest/fixture/ComplexOpcodeFixture.buildBuffer()Ljava/lang/String; kinds=[LEAD] static=false
[15:23:19 INFO]: [Incision-Test-1.0.0] [DEBUG] [Incision][DEBUG] weave inject top/maplex/incisiontest/fixture/ComplexOpcodeFixture.arithmetic(I)I kinds=[LEAD] static=false
[15:23:19 INFO]: [Incision-Test-1.0.0] [DEBUG] [Incision][DEBUG] weave inject top/maplex/incisiontest/fixture/ComplexOpcodeFixture.interfaceCall(Ljava/util/List;)I kinds=[LEAD] static=false
[15:23:19 INFO]: [Incision-Test-1.0.0] [DEBUG] [Incision][DEBUG] weave inject top/maplex/incisiontest/fixture/ComplexOpcodeFixture.densePattern()I kinds=[LEAD] static=false
[15:23:19 INFO]: [Incision-Test-1.0.0] [DEBUG] [Incision][DEBUG] weave inject top/maplex/incisiontest/fixture/ComplexOpcodeFixture.throwIt()Ljava/lang/String; kinds=[LEAD] static=false
[15:23:19 INFO]: [Incision-Test-1.0.0] [DEBUG] [Incision][DEBUG] weave inject top/maplex/incisiontest/fixture/ComplexOpcodeFixture.chainInvoke()I kinds=[GRAFT] static=false
[15:23:19 INFO]: [Incision-Test-1.0.0] [DEBUG] [Incision][DEBUG] JvmtiBackend.onClassFileLoad: top/maplex/incisiontest/fixture/ComplexOpcodeFixture → changed=true (7265 bytes)
[15:23:19 INFO]: [Incision-Test-1.0.0] [DEBUG] [Incision][DEBUG] JvmtiBackend.retransform top.maplex.incisiontest.fixture.ComplexOpcodeFixture → true (loaded=1 transformed=1)
[15:23:19 INFO]: [Incision-Test-1.0.0] [DEBUG] [Incision][DEBUG] JvmtiBackend.onClassFileLoad: top/maplex/incisiontest/fixture/ComplexOpcodeFixture (1 transformers, 4983 bytes)
[15:23:19 INFO]: [Incision-Test-1.0.0] [DEBUG] [Incision][DEBUG] weave inject top/maplex/incisiontest/fixture/ComplexOpcodeFixture.typeCheck(Ljava/lang/Object;)I kinds=[LEAD] static=false
[15:23:19 INFO]: [Incision-Test-1.0.0] [DEBUG] [Incision][DEBUG] weave inject top/maplex/incisiontest/fixture/ComplexOpcodeFixture.branch(Z)I kinds=[LEAD] static=false
[15:23:19 INFO]: [Incision-Test-1.0.0] [DEBUG] [Incision][DEBUG] weave inject top/maplex/incisiontest/fixture/ComplexOpcodeFixture.arrays()I kinds=[LEAD] static=false
[15:23:19 INFO]: [Incision-Test-1.0.0] [DEBUG] [Incision][DEBUG] weave inject top/maplex/incisiontest/fixture/ComplexOpcodeFixture.staticCalls()I kinds=[LEAD] static=false
[15:23:19 INFO]: [Incision-Test-1.0.0] [DEBUG] [Incision][DEBUG] weave inject top/maplex/incisiontest/fixture/ComplexOpcodeFixture.emptyBody()V kinds=[LEAD] static=false
[15:23:19 INFO]: [Incision-Test-1.0.0] [DEBUG] [Incision][DEBUG] weave inject top/maplex/incisiontest/fixture/ComplexOpcodeFixture.touchFields()I kinds=[LEAD] static=false
[15:23:19 INFO]: [Incision-Test-1.0.0] [DEBUG] [Incision][DEBUG] weave inject top/maplex/incisiontest/fixture/ComplexOpcodeFixture.numberLdc()J kinds=[LEAD] static=false
[15:23:19 INFO]: [Incision-Test-1.0.0] [DEBUG] [Incision][DEBUG] weave inject top/maplex/incisiontest/fixture/ComplexOpcodeFixture.multiFieldPut()I kinds=[LEAD] static=false
[15:23:19 INFO]: [Incision-Test-1.0.0] [DEBUG] [Incision][DEBUG] weave inject top/maplex/incisiontest/fixture/ComplexOpcodeFixture.loadStrings()Ljava/lang/String; kinds=[LEAD] static=false
[15:23:19 INFO]: [Incision-Test-1.0.0] [DEBUG] [Incision][DEBUG] weave inject top/maplex/incisiontest/fixture/ComplexOpcodeFixture.buildBuffer()Ljava/lang/String; kinds=[LEAD] static=false
[15:23:19 INFO]: [Incision-Test-1.0.0] [DEBUG] [Incision][DEBUG] weave inject top/maplex/incisiontest/fixture/ComplexOpcodeFixture.arithmetic(I)I kinds=[LEAD] static=false
[15:23:19 INFO]: [Incision-Test-1.0.0] [DEBUG] [Incision][DEBUG] weave inject top/maplex/incisiontest/fixture/ComplexOpcodeFixture.interfaceCall(Ljava/util/List;)I kinds=[LEAD] static=false
[15:23:19 INFO]: [Incision-Test-1.0.0] [DEBUG] [Incision][DEBUG] weave inject top/maplex/incisiontest/fixture/ComplexOpcodeFixture.densePattern()I kinds=[LEAD] static=false
[15:23:19 INFO]: [Incision-Test-1.0.0] [DEBUG] [Incision][DEBUG] weave inject top/maplex/incisiontest/fixture/ComplexOpcodeFixture.throwIt()Ljava/lang/String; kinds=[LEAD] static=false
[15:23:19 INFO]: [Incision-Test-1.0.0] [DEBUG] [Incision][DEBUG] weave inject top/maplex/incisiontest/fixture/ComplexOpcodeFixture.chainInvoke()I kinds=[GRAFT] static=false
[15:23:19 INFO]: [Incision-Test-1.0.0] [DEBUG] [Incision][DEBUG] JvmtiBackend.onClassFileLoad: top/maplex/incisiontest/fixture/ComplexOpcodeFixture → changed=true (7066 bytes)
[15:23:19 INFO]: [Incision-Test-1.0.0] [DEBUG] [Incision][DEBUG] JvmtiBackend.retransform top.maplex.incisiontest.fixture.ComplexOpcodeFixture → true (loaded=1 transformed=1)
[15:23:19 INFO]: [Incision-Test-1.0.0] [DEBUG] [Incision][DEBUG] JvmtiBackend.onClassFileLoad: top/maplex/incisiontest/fixture/PerformanceFixture (1 transformers, 1401 bytes)
[15:23:19 INFO]: [Incision-Test-1.0.0] [DEBUG] [Incision][DEBUG] weave inject top/maplex/incisiontest/fixture/PerformanceFixture.probe(I)I kinds=[LEAD] static=false
[15:23:19 INFO]: [Incision-Test-1.0.0] [DEBUG] [Incision][DEBUG] weave inject top/maplex/incisiontest/fixture/PerformanceFixture.lead(I)I kinds=[LEAD] static=false
[15:23:19 INFO]: [Incision-Test-1.0.0] [DEBUG] [Incision][DEBUG] weave inject top/maplex/incisiontest/fixture/PerformanceFixture.leadTrail(I)I kinds=[LEAD, TRAIL] static=false
[15:23:19 INFO]: [Incision-Test-1.0.0] [DEBUG] [Incision][DEBUG] weave inject top/maplex/incisiontest/fixture/PerformanceFixture.splice(I)I kinds=[SPLICE] static=false
[15:23:19 INFO]: [Incision-Test-1.0.0] [DEBUG] [Incision][DEBUG] weave inject top/maplex/incisiontest/fixture/PerformanceFixture.siteInvoke(I)I kinds=[GRAFT] static=false
[15:23:19 INFO]: [Incision-Test-1.0.0] [DEBUG] [Incision][DEBUG] JvmtiBackend.onClassFileLoad: top/maplex/incisiontest/fixture/PerformanceFixture → changed=true (2379 bytes)
[15:23:19 INFO]: [Incision-Test-1.0.0] [DEBUG] [Incision][DEBUG] JvmtiBackend.retransform top.maplex.incisiontest.fixture.PerformanceFixture → true (loaded=1 transformed=1)
[15:23:19 INFO]: [Incision-Test-1.0.0] [DEBUG] [Incision][DEBUG] JvmtiBackend.onClassFileLoad: ink/ptms/adyeshach/impl/nms/DefaultMinecraftHelper (1 transformers, 18510 bytes)
[15:23:19 INFO]: [Incision-Test-1.0.0] [DEBUG] [Incision][DEBUG] weave inject ink/ptms/adyeshach/impl/nms/DefaultMinecraftHelper.literalChatBaseComponent(Ljava/lang/String;)Ljava/lang/Object; kinds=[SPLICE, LEAD, GRAFT] static=false
[15:23:19 INFO]: [Incision-Test-1.0.0] [DEBUG] [Incision][DEBUG] JvmtiBackend.onClassFileLoad: ink/ptms/adyeshach/impl/nms/DefaultMinecraftHelper → changed=true (19265 bytes)
[15:23:19 INFO]: [Incision-Test-1.0.0] [DEBUG] [Incision][DEBUG] JvmtiBackend.retransform ink.ptms.adyeshach.impl.nms.DefaultMinecraftHelper → true (loaded=1 transformed=1)
[15:23:19 INFO]: [Incision-Test-1.0.0] [DEBUG] [Incision][DEBUG] JvmtiBackend.onClassFileLoad: top/maplex/incisiontest/fixture/ComplexOpcodeFixture (1 transformers, 4983 bytes)
[15:23:19 INFO]: [Incision-Test-1.0.0] [DEBUG] [Incision][DEBUG] weave inject top/maplex/incisiontest/fixture/ComplexOpcodeFixture.typeCheck(Ljava/lang/Object;)I kinds=[LEAD] static=false
[15:23:19 INFO]: [Incision-Test-1.0.0] [DEBUG] [Incision][DEBUG] weave inject top/maplex/incisiontest/fixture/ComplexOpcodeFixture.branch(Z)I kinds=[LEAD] static=false
[15:23:19 INFO]: [Incision-Test-1.0.0] [DEBUG] [Incision][DEBUG] weave inject top/maplex/incisiontest/fixture/ComplexOpcodeFixture.arrays()I kinds=[LEAD] static=false
[15:23:19 INFO]: [Incision-Test-1.0.0] [DEBUG] [Incision][DEBUG] weave inject top/maplex/incisiontest/fixture/ComplexOpcodeFixture.staticCalls()I kinds=[LEAD] static=false
[15:23:19 INFO]: [Incision-Test-1.0.0] [DEBUG] [Incision][DEBUG] weave inject top/maplex/incisiontest/fixture/ComplexOpcodeFixture.emptyBody()V kinds=[LEAD] static=false
[15:23:19 INFO]: [Incision-Test-1.0.0] [DEBUG] [Incision][DEBUG] weave inject top/maplex/incisiontest/fixture/ComplexOpcodeFixture.touchFields()I kinds=[LEAD] static=false
[15:23:19 INFO]: [Incision-Test-1.0.0] [DEBUG] [Incision][DEBUG] weave inject top/maplex/incisiontest/fixture/ComplexOpcodeFixture.multiFieldPut()I kinds=[LEAD] static=false
[15:23:19 INFO]: [Incision-Test-1.0.0] [DEBUG] [Incision][DEBUG] weave inject top/maplex/incisiontest/fixture/ComplexOpcodeFixture.loadStrings()Ljava/lang/String; kinds=[LEAD] static=false
[15:23:19 INFO]: [Incision-Test-1.0.0] [DEBUG] [Incision][DEBUG] weave inject top/maplex/incisiontest/fixture/ComplexOpcodeFixture.buildBuffer()Ljava/lang/String; kinds=[LEAD] static=false
[15:23:19 INFO]: [Incision-Test-1.0.0] [DEBUG] [Incision][DEBUG] weave inject top/maplex/incisiontest/fixture/ComplexOpcodeFixture.arithmetic(I)I kinds=[LEAD] static=false
[15:23:19 INFO]: [Incision-Test-1.0.0] [DEBUG] [Incision][DEBUG] weave inject top/maplex/incisiontest/fixture/ComplexOpcodeFixture.interfaceCall(Ljava/util/List;)I kinds=[LEAD] static=false
[15:23:19 INFO]: [Incision-Test-1.0.0] [DEBUG] [Incision][DEBUG] weave inject top/maplex/incisiontest/fixture/ComplexOpcodeFixture.densePattern()I kinds=[LEAD] static=false
[15:23:19 INFO]: [Incision-Test-1.0.0] [DEBUG] [Incision][DEBUG] weave inject top/maplex/incisiontest/fixture/ComplexOpcodeFixture.throwIt()Ljava/lang/String; kinds=[LEAD] static=false
[15:23:19 INFO]: [Incision-Test-1.0.0] [DEBUG] [Incision][DEBUG] weave inject top/maplex/incisiontest/fixture/ComplexOpcodeFixture.chainInvoke()I kinds=[GRAFT] static=false
[15:23:19 INFO]: [Incision-Test-1.0.0] [DEBUG] [Incision][DEBUG] JvmtiBackend.onClassFileLoad: top/maplex/incisiontest/fixture/ComplexOpcodeFixture → changed=true (6975 bytes)
[15:23:19 INFO]: [Incision-Test-1.0.0] [DEBUG] [Incision][DEBUG] JvmtiBackend.retransform top.maplex.incisiontest.fixture.ComplexOpcodeFixture → true (loaded=1 transformed=1)
[15:23:19 INFO]: [Incision-Test-1.0.0] [DEBUG] [Incision][DEBUG] JvmtiBackend.onClassFileLoad: top/maplex/incisiontest/fixture/PerformanceFixture (1 transformers, 1401 bytes)
[15:23:19 INFO]: [Incision-Test-1.0.0] [DEBUG] [Incision][DEBUG] weave inject top/maplex/incisiontest/fixture/PerformanceFixture.probe(I)I kinds=[LEAD] static=false
[15:23:19 INFO]: [Incision-Test-1.0.0] [DEBUG] [Incision][DEBUG] weave inject top/maplex/incisiontest/fixture/PerformanceFixture.lead(I)I kinds=[LEAD] static=false
[15:23:19 INFO]: [Incision-Test-1.0.0] [DEBUG] [Incision][DEBUG] weave inject top/maplex/incisiontest/fixture/PerformanceFixture.leadTrail(I)I kinds=[LEAD, TRAIL] static=false
[15:23:19 INFO]: [Incision-Test-1.0.0] [DEBUG] [Incision][DEBUG] weave inject top/maplex/incisiontest/fixture/PerformanceFixture.splice(I)I kinds=[SPLICE] static=false
[15:23:19 INFO]: [Incision-Test-1.0.0] [DEBUG] [Incision][DEBUG] JvmtiBackend.onClassFileLoad: top/maplex/incisiontest/fixture/PerformanceFixture → changed=true (2159 bytes)
[15:23:19 INFO]: [Incision-Test-1.0.0] [DEBUG] [Incision][DEBUG] JvmtiBackend.retransform top.maplex.incisiontest.fixture.PerformanceFixture → true (loaded=1 transformed=1)
[15:23:20 INFO]: [Incision-Test-1.0.0] [DEBUG] [Incision][DEBUG] JvmtiBackend.onClassFileLoad: top/maplex/incisiontest/fixture/ComplexOpcodeFixture (1 transformers, 4983 bytes)
[15:23:20 INFO]: [Incision-Test-1.0.0] [DEBUG] [Incision][DEBUG] weave inject top/maplex/incisiontest/fixture/ComplexOpcodeFixture.typeCheck(Ljava/lang/Object;)I kinds=[LEAD] static=false
[15:23:20 INFO]: [Incision-Test-1.0.0] [DEBUG] [Incision][DEBUG] weave inject top/maplex/incisiontest/fixture/ComplexOpcodeFixture.branch(Z)I kinds=[LEAD] static=false
[15:23:20 INFO]: [Incision-Test-1.0.0] [DEBUG] [Incision][DEBUG] weave inject top/maplex/incisiontest/fixture/ComplexOpcodeFixture.arrays()I kinds=[LEAD] static=false
[15:23:20 INFO]: [Incision-Test-1.0.0] [DEBUG] [Incision][DEBUG] weave inject top/maplex/incisiontest/fixture/ComplexOpcodeFixture.staticCalls()I kinds=[LEAD] static=false
[15:23:20 INFO]: [Incision-Test-1.0.0] [DEBUG] [Incision][DEBUG] weave inject top/maplex/incisiontest/fixture/ComplexOpcodeFixture.emptyBody()V kinds=[LEAD] static=false
[15:23:20 INFO]: [Incision-Test-1.0.0] [DEBUG] [Incision][DEBUG] weave inject top/maplex/incisiontest/fixture/ComplexOpcodeFixture.touchFields()I kinds=[LEAD] static=false
[15:23:20 INFO]: [Incision-Test-1.0.0] [DEBUG] [Incision][DEBUG] weave inject top/maplex/incisiontest/fixture/ComplexOpcodeFixture.multiFieldPut()I kinds=[LEAD] static=false
[15:23:20 INFO]: [Incision-Test-1.0.0] [DEBUG] [Incision][DEBUG] weave inject top/maplex/incisiontest/fixture/ComplexOpcodeFixture.loadStrings()Ljava/lang/String; kinds=[LEAD] static=false
[15:23:20 INFO]: [Incision-Test-1.0.0] [DEBUG] [Incision][DEBUG] weave inject top/maplex/incisiontest/fixture/ComplexOpcodeFixture.buildBuffer()Ljava/lang/String; kinds=[LEAD] static=false
[15:23:20 INFO]: [Incision-Test-1.0.0] [DEBUG] [Incision][DEBUG] weave inject top/maplex/incisiontest/fixture/ComplexOpcodeFixture.arithmetic(I)I kinds=[LEAD] static=false
[15:23:20 INFO]: [Incision-Test-1.0.0] [DEBUG] [Incision][DEBUG] weave inject top/maplex/incisiontest/fixture/ComplexOpcodeFixture.interfaceCall(Ljava/util/List;)I kinds=[LEAD] static=false
[15:23:20 INFO]: [Incision-Test-1.0.0] [DEBUG] [Incision][DEBUG] weave inject top/maplex/incisiontest/fixture/ComplexOpcodeFixture.densePattern()I kinds=[LEAD] static=false
[15:23:20 INFO]: [Incision-Test-1.0.0] [DEBUG] [Incision][DEBUG] weave inject top/maplex/incisiontest/fixture/ComplexOpcodeFixture.throwIt()Ljava/lang/String; kinds=[LEAD] static=false
[15:23:20 INFO]: [Incision-Test-1.0.0] [DEBUG] [Incision][DEBUG] weave inject top/maplex/incisiontest/fixture/ComplexOpcodeFixture.chainInvoke()I kinds=[GRAFT] static=false
[15:23:20 INFO]: [Incision-Test-1.0.0] [DEBUG] [Incision][DEBUG] JvmtiBackend.onClassFileLoad: top/maplex/incisiontest/fixture/ComplexOpcodeFixture → changed=true (6975 bytes)
[15:23:20 INFO]: [Incision-Test-1.0.0] [DEBUG] [Incision][DEBUG] JvmtiBackend.retransform top.maplex.incisiontest.fixture.ComplexOpcodeFixture → true (loaded=1 transformed=1)
[15:23:20 INFO]: [Incision-Test-1.0.0] [DEBUG] [Incision][DEBUG] JvmtiBackend.onClassFileLoad: top/maplex/incisiontest/fixture/ComplexOpcodeFixture (1 transformers, 4983 bytes)
[15:23:20 INFO]: [Incision-Test-1.0.0] [DEBUG] [Incision][DEBUG] weave inject top/maplex/incisiontest/fixture/ComplexOpcodeFixture.typeCheck(Ljava/lang/Object;)I kinds=[LEAD] static=false
[15:23:20 INFO]: [Incision-Test-1.0.0] [DEBUG] [Incision][DEBUG] weave inject top/maplex/incisiontest/fixture/ComplexOpcodeFixture.branch(Z)I kinds=[LEAD] static=false
[15:23:20 INFO]: [Incision-Test-1.0.0] [DEBUG] [Incision][DEBUG] weave inject top/maplex/incisiontest/fixture/ComplexOpcodeFixture.arrays()I kinds=[LEAD] static=false
[15:23:20 INFO]: [Incision-Test-1.0.0] [DEBUG] [Incision][DEBUG] weave inject top/maplex/incisiontest/fixture/ComplexOpcodeFixture.staticCalls()I kinds=[LEAD] static=false
[15:23:20 INFO]: [Incision-Test-1.0.0] [DEBUG] [Incision][DEBUG] weave inject top/maplex/incisiontest/fixture/ComplexOpcodeFixture.emptyBody()V kinds=[LEAD] static=false
[15:23:20 INFO]: [Incision-Test-1.0.0] [DEBUG] [Incision][DEBUG] weave inject top/maplex/incisiontest/fixture/ComplexOpcodeFixture.touchFields()I kinds=[LEAD] static=false
[15:23:20 INFO]: [Incision-Test-1.0.0] [DEBUG] [Incision][DEBUG] weave inject top/maplex/incisiontest/fixture/ComplexOpcodeFixture.multiFieldPut()I kinds=[LEAD] static=false
[15:23:20 INFO]: [Incision-Test-1.0.0] [DEBUG] [Incision][DEBUG] weave inject top/maplex/incisiontest/fixture/ComplexOpcodeFixture.loadStrings()Ljava/lang/String; kinds=[LEAD] static=false
[15:23:20 INFO]: [Incision-Test-1.0.0] [DEBUG] [Incision][DEBUG] weave inject top/maplex/incisiontest/fixture/ComplexOpcodeFixture.buildBuffer()Ljava/lang/String; kinds=[LEAD] static=false
[15:23:20 INFO]: [Incision-Test-1.0.0] [DEBUG] [Incision][DEBUG] weave inject top/maplex/incisiontest/fixture/ComplexOpcodeFixture.arithmetic(I)I kinds=[LEAD] static=false
[15:23:20 INFO]: [Incision-Test-1.0.0] [DEBUG] [Incision][DEBUG] weave inject top/maplex/incisiontest/fixture/ComplexOpcodeFixture.interfaceCall(Ljava/util/List;)I kinds=[LEAD] static=false
[15:23:20 INFO]: [Incision-Test-1.0.0] [DEBUG] [Incision][DEBUG] weave inject top/maplex/incisiontest/fixture/ComplexOpcodeFixture.densePattern()I kinds=[LEAD] static=false
[15:23:20 INFO]: [Incision-Test-1.0.0] [DEBUG] [Incision][DEBUG] weave inject top/maplex/incisiontest/fixture/ComplexOpcodeFixture.throwIt()Ljava/lang/String; kinds=[LEAD] static=false
[15:23:20 INFO]: [Incision-Test-1.0.0] [DEBUG] [Incision][DEBUG] weave inject top/maplex/incisiontest/fixture/ComplexOpcodeFixture.chainInvoke()I kinds=[GRAFT] static=false
[15:23:20 INFO]: [Incision-Test-1.0.0] [DEBUG] [Incision][DEBUG] JvmtiBackend.onClassFileLoad: top/maplex/incisiontest/fixture/ComplexOpcodeFixture → changed=true (6975 bytes)
[15:23:20 INFO]: [Incision-Test-1.0.0] [DEBUG] [Incision][DEBUG] JvmtiBackend.retransform top.maplex.incisiontest.fixture.ComplexOpcodeFixture → true (loaded=1 transformed=1)
[15:23:20 INFO]: [Incision-Test-1.0.0] [DEBUG] [Incision][DEBUG] JvmtiBackend.onClassFileLoad: top/maplex/incisiontest/fixture/ComplexOpcodeFixture (1 transformers, 4983 bytes)
[15:23:20 INFO]: [Incision-Test-1.0.0] [DEBUG] [Incision][DEBUG] weave inject top/maplex/incisiontest/fixture/ComplexOpcodeFixture.typeCheck(Ljava/lang/Object;)I kinds=[LEAD] static=false
[15:23:20 INFO]: [Incision-Test-1.0.0] [DEBUG] [Incision][DEBUG] weave inject top/maplex/incisiontest/fixture/ComplexOpcodeFixture.branch(Z)I kinds=[LEAD] static=false
[15:23:20 INFO]: [Incision-Test-1.0.0] [DEBUG] [Incision][DEBUG] weave inject top/maplex/incisiontest/fixture/ComplexOpcodeFixture.arrays()I kinds=[LEAD] static=false
[15:23:20 INFO]: [Incision-Test-1.0.0] [DEBUG] [Incision][DEBUG] weave inject top/maplex/incisiontest/fixture/ComplexOpcodeFixture.staticCalls()I kinds=[LEAD] static=false
[15:23:20 INFO]: [Incision-Test-1.0.0] [DEBUG] [Incision][DEBUG] weave inject top/maplex/incisiontest/fixture/ComplexOpcodeFixture.emptyBody()V kinds=[LEAD] static=false
[15:23:20 INFO]: [Incision-Test-1.0.0] [DEBUG] [Incision][DEBUG] weave inject top/maplex/incisiontest/fixture/ComplexOpcodeFixture.touchFields()I kinds=[LEAD] static=false
[15:23:20 INFO]: [Incision-Test-1.0.0] [DEBUG] [Incision][DEBUG] weave inject top/maplex/incisiontest/fixture/ComplexOpcodeFixture.multiFieldPut()I kinds=[LEAD] static=false
[15:23:20 INFO]: [Incision-Test-1.0.0] [DEBUG] [Incision][DEBUG] weave inject top/maplex/incisiontest/fixture/ComplexOpcodeFixture.loadStrings()Ljava/lang/String; kinds=[LEAD] static=false
[15:23:20 INFO]: [Incision-Test-1.0.0] [DEBUG] [Incision][DEBUG] weave inject top/maplex/incisiontest/fixture/ComplexOpcodeFixture.buildBuffer()Ljava/lang/String; kinds=[LEAD] static=false
[15:23:20 INFO]: [Incision-Test-1.0.0] [DEBUG] [Incision][DEBUG] weave inject top/maplex/incisiontest/fixture/ComplexOpcodeFixture.arithmetic(I)I kinds=[LEAD] static=false
[15:23:20 INFO]: [Incision-Test-1.0.0] [DEBUG] [Incision][DEBUG] weave inject top/maplex/incisiontest/fixture/ComplexOpcodeFixture.interfaceCall(Ljava/util/List;)I kinds=[LEAD] static=false
[15:23:20 INFO]: [Incision-Test-1.0.0] [DEBUG] [Incision][DEBUG] weave inject top/maplex/incisiontest/fixture/ComplexOpcodeFixture.densePattern()I kinds=[LEAD] static=false
[15:23:20 INFO]: [Incision-Test-1.0.0] [DEBUG] [Incision][DEBUG] weave inject top/maplex/incisiontest/fixture/ComplexOpcodeFixture.throwIt()Ljava/lang/String; kinds=[LEAD] static=false
[15:23:20 INFO]: [Incision-Test-1.0.0] [DEBUG] [Incision][DEBUG] weave inject top/maplex/incisiontest/fixture/ComplexOpcodeFixture.chainInvoke()I kinds=[GRAFT] static=false
[15:23:20 INFO]: [Incision-Test-1.0.0] [DEBUG] [Incision][DEBUG] JvmtiBackend.onClassFileLoad: top/maplex/incisiontest/fixture/ComplexOpcodeFixture → changed=true (6975 bytes)
[15:23:20 INFO]: [Incision-Test-1.0.0] [DEBUG] [Incision][DEBUG] JvmtiBackend.retransform top.maplex.incisiontest.fixture.ComplexOpcodeFixture → true (loaded=1 transformed=1)
[15:23:20 INFO]: [Incision-Test-1.0.0] [DEBUG] [Incision][DEBUG] JvmtiBackend.onClassFileLoad: top/maplex/incisiontest/fixture/ComplexOpcodeFixture (1 transformers, 4983 bytes)
[15:23:20 INFO]: [Incision-Test-1.0.0] [DEBUG] [Incision][DEBUG] weave inject top/maplex/incisiontest/fixture/ComplexOpcodeFixture.typeCheck(Ljava/lang/Object;)I kinds=[LEAD] static=false
[15:23:20 INFO]: [Incision-Test-1.0.0] [DEBUG] [Incision][DEBUG] weave inject top/maplex/incisiontest/fixture/ComplexOpcodeFixture.branch(Z)I kinds=[LEAD] static=false
[15:23:20 INFO]: [Incision-Test-1.0.0] [DEBUG] [Incision][DEBUG] weave inject top/maplex/incisiontest/fixture/ComplexOpcodeFixture.arrays()I kinds=[LEAD] static=false
[15:23:20 INFO]: [Incision-Test-1.0.0] [DEBUG] [Incision][DEBUG] weave inject top/maplex/incisiontest/fixture/ComplexOpcodeFixture.staticCalls()I kinds=[LEAD] static=false
[15:23:20 INFO]: [Incision-Test-1.0.0] [DEBUG] [Incision][DEBUG] weave inject top/maplex/incisiontest/fixture/ComplexOpcodeFixture.emptyBody()V kinds=[LEAD] static=false
[15:23:20 INFO]: [Incision-Test-1.0.0] [DEBUG] [Incision][DEBUG] weave inject top/maplex/incisiontest/fixture/ComplexOpcodeFixture.touchFields()I kinds=[LEAD] static=false
[15:23:20 INFO]: [Incision-Test-1.0.0] [DEBUG] [Incision][DEBUG] weave inject top/maplex/incisiontest/fixture/ComplexOpcodeFixture.multiFieldPut()I kinds=[LEAD] static=false
[15:23:20 INFO]: [Incision-Test-1.0.0] [DEBUG] [Incision][DEBUG] weave inject top/maplex/incisiontest/fixture/ComplexOpcodeFixture.loadStrings()Ljava/lang/String; kinds=[LEAD] static=false
[15:23:20 INFO]: [Incision-Test-1.0.0] [DEBUG] [Incision][DEBUG] weave inject top/maplex/incisiontest/fixture/ComplexOpcodeFixture.buildBuffer()Ljava/lang/String; kinds=[LEAD] static=false
[15:23:20 INFO]: [Incision-Test-1.0.0] [DEBUG] [Incision][DEBUG] weave inject top/maplex/incisiontest/fixture/ComplexOpcodeFixture.arithmetic(I)I kinds=[LEAD] static=false
[15:23:20 INFO]: [Incision-Test-1.0.0] [DEBUG] [Incision][DEBUG] weave inject top/maplex/incisiontest/fixture/ComplexOpcodeFixture.interfaceCall(Ljava/util/List;)I kinds=[LEAD] static=false
[15:23:20 INFO]: [Incision-Test-1.0.0] [DEBUG] [Incision][DEBUG] weave inject top/maplex/incisiontest/fixture/ComplexOpcodeFixture.densePattern()I kinds=[LEAD] static=false
[15:23:20 INFO]: [Incision-Test-1.0.0] [DEBUG] [Incision][DEBUG] weave inject top/maplex/incisiontest/fixture/ComplexOpcodeFixture.throwIt()Ljava/lang/String; kinds=[LEAD] static=false
[15:23:20 INFO]: [Incision-Test-1.0.0] [DEBUG] [Incision][DEBUG] weave inject top/maplex/incisiontest/fixture/ComplexOpcodeFixture.chainInvoke()I kinds=[GRAFT] static=false
[15:23:20 INFO]: [Incision-Test-1.0.0] [DEBUG] [Incision][DEBUG] JvmtiBackend.onClassFileLoad: top/maplex/incisiontest/fixture/ComplexOpcodeFixture → changed=true (6975 bytes)
[15:23:20 INFO]: [Incision-Test-1.0.0] [DEBUG] [Incision][DEBUG] JvmtiBackend.retransform top.maplex.incisiontest.fixture.ComplexOpcodeFixture → true (loaded=1 transformed=1)
[15:23:20 INFO]: [Incision-Test-1.0.0] [DEBUG] [Incision][DEBUG] JvmtiBackend.onClassFileLoad: net/minecraft/server/v1_16_R3/MinecraftServer (1 transformers, 98228 bytes)
[15:23:20 INFO]: [Incision-Test-1.0.0] [DEBUG] [Incision][DEBUG] weave inject net/minecraft/server/v1_16_R3/MinecraftServer.getPlayerCount()I kinds=[LEAD] static=false
[15:23:20 INFO]: [Incision-Test-1.0.0] [DEBUG] [Incision][DEBUG] JvmtiBackend.onClassFileLoad: net/minecraft/server/v1_16_R3/MinecraftServer → changed=true (98545 bytes)
[15:23:20 INFO]: [Incision-Test-1.0.0] [DEBUG] [Incision][DEBUG] JvmtiBackend.retransform net.minecraft.server.v1_16_R3.MinecraftServer → true (loaded=1 transformed=1)
[15:23:20 INFO]: [Incision-Test-1.0.0] [DEBUG] [Incision][DEBUG] JvmtiBackend.onClassFileLoad: net/minecraft/server/v1_16_R3/DedicatedServer (0 transformers, 34007 bytes)
[15:23:20 INFO]: [Incision-Test-1.0.0] [DEBUG] [Incision][DEBUG] JvmtiBackend.onClassFileLoad: net/minecraft/server/v1_16_R3/DedicatedServer → changed=false (34007 bytes)
[15:23:20 INFO]: [Incision-Test-1.0.0] [DEBUG] [Incision][DEBUG] JvmtiBackend.retransform net.minecraft.server.v1_16_R3.DedicatedServer → true (loaded=1 transformed=1)
[15:23:20 INFO]: [Incision-Test-1.0.0] [DEBUG] [Incision][DEBUG] JvmtiBackend.onClassFileLoad: top/maplex/incisiontest/fixture/ComplexOpcodeFixture (1 transformers, 4983 bytes)
[15:23:20 INFO]: [Incision-Test-1.0.0] [DEBUG] [Incision][DEBUG] weave inject top/maplex/incisiontest/fixture/ComplexOpcodeFixture.typeCheck(Ljava/lang/Object;)I kinds=[LEAD] static=false
[15:23:20 INFO]: [Incision-Test-1.0.0] [DEBUG] [Incision][DEBUG] weave inject top/maplex/incisiontest/fixture/ComplexOpcodeFixture.branch(Z)I kinds=[LEAD] static=false
[15:23:20 INFO]: [Incision-Test-1.0.0] [DEBUG] [Incision][DEBUG] weave inject top/maplex/incisiontest/fixture/ComplexOpcodeFixture.arrays()I kinds=[LEAD] static=false
[15:23:20 INFO]: [Incision-Test-1.0.0] [DEBUG] [Incision][DEBUG] weave inject top/maplex/incisiontest/fixture/ComplexOpcodeFixture.staticCalls()I kinds=[LEAD] static=false
[15:23:20 INFO]: [Incision-Test-1.0.0] [DEBUG] [Incision][DEBUG] weave inject top/maplex/incisiontest/fixture/ComplexOpcodeFixture.emptyBody()V kinds=[LEAD] static=false
[15:23:20 INFO]: [Incision-Test-1.0.0] [DEBUG] [Incision][DEBUG] weave inject top/maplex/incisiontest/fixture/ComplexOpcodeFixture.touchFields()I kinds=[LEAD] static=false
[15:23:20 INFO]: [Incision-Test-1.0.0] [DEBUG] [Incision][DEBUG] weave inject top/maplex/incisiontest/fixture/ComplexOpcodeFixture.multiFieldPut()I kinds=[LEAD] static=false
[15:23:20 INFO]: [Incision-Test-1.0.0] [DEBUG] [Incision][DEBUG] weave inject top/maplex/incisiontest/fixture/ComplexOpcodeFixture.loadStrings()Ljava/lang/String; kinds=[LEAD] static=false
[15:23:20 INFO]: [Incision-Test-1.0.0] [DEBUG] [Incision][DEBUG] weave inject top/maplex/incisiontest/fixture/ComplexOpcodeFixture.buildBuffer()Ljava/lang/String; kinds=[LEAD] static=false
[15:23:20 INFO]: [Incision-Test-1.0.0] [DEBUG] [Incision][DEBUG] weave inject top/maplex/incisiontest/fixture/ComplexOpcodeFixture.arithmetic(I)I kinds=[LEAD] static=false
[15:23:20 INFO]: [Incision-Test-1.0.0] [DEBUG] [Incision][DEBUG] weave inject top/maplex/incisiontest/fixture/ComplexOpcodeFixture.interfaceCall(Ljava/util/List;)I kinds=[LEAD] static=false
[15:23:20 INFO]: [Incision-Test-1.0.0] [DEBUG] [Incision][DEBUG] weave inject top/maplex/incisiontest/fixture/ComplexOpcodeFixture.densePattern()I kinds=[LEAD] static=false
[15:23:20 INFO]: [Incision-Test-1.0.0] [DEBUG] [Incision][DEBUG] weave inject top/maplex/incisiontest/fixture/ComplexOpcodeFixture.throwIt()Ljava/lang/String; kinds=[LEAD] static=false
[15:23:20 INFO]: [Incision-Test-1.0.0] [DEBUG] [Incision][DEBUG] weave inject top/maplex/incisiontest/fixture/ComplexOpcodeFixture.chainInvoke()I kinds=[GRAFT] static=false
[15:23:20 INFO]: [Incision-Test-1.0.0] [DEBUG] [Incision][DEBUG] JvmtiBackend.onClassFileLoad: top/maplex/incisiontest/fixture/ComplexOpcodeFixture → changed=true (6975 bytes)
[15:23:20 INFO]: [Incision-Test-1.0.0] [DEBUG] [Incision][DEBUG] JvmtiBackend.retransform top.maplex.incisiontest.fixture.ComplexOpcodeFixture → true (loaded=1 transformed=1)
[15:23:20 INFO]: [Incision-Test-1.0.0] [DEBUG] [Incision][DEBUG] JvmtiBackend.onClassFileLoad: top/maplex/incisiontest/fixture/PerformanceFixture (1 transformers, 1401 bytes)
[15:23:20 INFO]: [Incision-Test-1.0.0] [DEBUG] [Incision][DEBUG] weave inject top/maplex/incisiontest/fixture/PerformanceFixture.probe(I)I kinds=[LEAD] static=false
[15:23:20 INFO]: [Incision-Test-1.0.0] [DEBUG] [Incision][DEBUG] weave inject top/maplex/incisiontest/fixture/PerformanceFixture.lead(I)I kinds=[LEAD] static=false
[15:23:20 INFO]: [Incision-Test-1.0.0] [DEBUG] [Incision][DEBUG] weave inject top/maplex/incisiontest/fixture/PerformanceFixture.leadTrail(I)I kinds=[LEAD, TRAIL] static=false
[15:23:20 INFO]: [Incision-Test-1.0.0] [DEBUG] [Incision][DEBUG] JvmtiBackend.onClassFileLoad: top/maplex/incisiontest/fixture/PerformanceFixture → changed=true (1994 bytes)
[15:23:20 INFO]: [Incision-Test-1.0.0] [DEBUG] [Incision][DEBUG] JvmtiBackend.retransform top.maplex.incisiontest.fixture.PerformanceFixture → true (loaded=1 transformed=1)
[15:23:20 INFO]: [Incision-Test-1.0.0] [DEBUG] [Incision][DEBUG] JvmtiBackend.onClassFileLoad: net/minecraft/server/v1_16_R3/EnchantmentManager (1 transformers, 20595 bytes)
[15:23:20 INFO]: [Incision-Test-1.0.0] [DEBUG] [Incision][DEBUG] JvmtiBackend.onClassFileLoad: net/minecraft/server/v1_16_R3/EnchantmentManager → changed=true (20595 bytes)
[15:23:20 INFO]: [Incision-Test-1.0.0] [DEBUG] [Incision][DEBUG] JvmtiBackend.retransform net.minecraft.server.v1_16_R3.EnchantmentManager → true (loaded=1 transformed=1)
[15:23:20 INFO]: [Incision-Test-1.0.0] [DEBUG] [Incision][DEBUG] JvmtiBackend.onClassFileLoad: ink/ptms/adyeshach/impl/DefaultAdyeshachAPI (1 transformers, 20238 bytes)
[15:23:20 INFO]: [Incision-Test-1.0.0] [DEBUG] [Incision][DEBUG] weave inject ink/ptms/adyeshach/impl/DefaultAdyeshachAPI.getMinecraftAPI()Link/ptms/adyeshach/core/AdyeshachMinecraftAPI; kinds=[TRAIL] static=false
[15:23:20 INFO]: [Incision-Test-1.0.0] [DEBUG] [Incision][DEBUG] JvmtiBackend.onClassFileLoad: ink/ptms/adyeshach/impl/DefaultAdyeshachAPI → changed=true (20533 bytes)
[15:23:20 INFO]: [Incision-Test-1.0.0] [DEBUG] [Incision][DEBUG] JvmtiBackend.retransform ink.ptms.adyeshach.impl.DefaultAdyeshachAPI → true (loaded=1 transformed=1)
[15:23:20 INFO]: [Incision-Test-1.0.0] [DEBUG] [Incision][DEBUG] JvmtiBackend.onClassFileLoad: top/maplex/incisiontest/fixture/PerformanceFixture (1 transformers, 1401 bytes)
[15:23:20 INFO]: [Incision-Test-1.0.0] [DEBUG] [Incision][DEBUG] weave inject top/maplex/incisiontest/fixture/PerformanceFixture.probe(I)I kinds=[LEAD] static=false
[15:23:20 INFO]: [Incision-Test-1.0.0] [DEBUG] [Incision][DEBUG] weave inject top/maplex/incisiontest/fixture/PerformanceFixture.lead(I)I kinds=[LEAD] static=false
[15:23:20 INFO]: [Incision-Test-1.0.0] [DEBUG] [Incision][DEBUG] weave inject top/maplex/incisiontest/fixture/PerformanceFixture.leadTrail(I)I kinds=[LEAD] static=false
[15:23:20 INFO]: [Incision-Test-1.0.0] [DEBUG] [Incision][DEBUG] JvmtiBackend.onClassFileLoad: top/maplex/incisiontest/fixture/PerformanceFixture → changed=true (1893 bytes)
[15:23:20 INFO]: [Incision-Test-1.0.0] [DEBUG] [Incision][DEBUG] JvmtiBackend.retransform top.maplex.incisiontest.fixture.PerformanceFixture → true (loaded=1 transformed=1)
[15:23:20 INFO]: [Incision-Test-1.0.0] [DEBUG] [Incision][DEBUG] JvmtiBackend.onClassFileLoad: top/maplex/incisiontest/fixture/AccessorFixture (0 transformers, 3612 bytes)
[15:23:20 INFO]: [Incision-Test-1.0.0] [DEBUG] [Incision][DEBUG] JvmtiBackend.onClassFileLoad: top/maplex/incisiontest/fixture/AccessorFixture → changed=false (3612 bytes)
[15:23:20 INFO]: [Incision-Test-1.0.0] [DEBUG] [Incision][DEBUG] JvmtiBackend.retransform top.maplex.incisiontest.fixture.AccessorFixture → true (loaded=1 transformed=1)
[15:23:20 INFO]: [Incision-Test-1.0.0] [DEBUG] [Incision][DEBUG] JvmtiBackend.onClassFileLoad: top/maplex/incisiontest/fixture/ComplexOpcodeFixture (1 transformers, 4983 bytes)
[15:23:20 INFO]: [Incision-Test-1.0.0] [DEBUG] [Incision][DEBUG] weave inject top/maplex/incisiontest/fixture/ComplexOpcodeFixture.typeCheck(Ljava/lang/Object;)I kinds=[LEAD] static=false
[15:23:20 INFO]: [Incision-Test-1.0.0] [DEBUG] [Incision][DEBUG] weave inject top/maplex/incisiontest/fixture/ComplexOpcodeFixture.branch(Z)I kinds=[LEAD] static=false
[15:23:20 INFO]: [Incision-Test-1.0.0] [DEBUG] [Incision][DEBUG] weave inject top/maplex/incisiontest/fixture/ComplexOpcodeFixture.arrays()I kinds=[LEAD] static=false
[15:23:20 INFO]: [Incision-Test-1.0.0] [DEBUG] [Incision][DEBUG] weave inject top/maplex/incisiontest/fixture/ComplexOpcodeFixture.staticCalls()I kinds=[LEAD] static=false
[15:23:20 INFO]: [Incision-Test-1.0.0] [DEBUG] [Incision][DEBUG] weave inject top/maplex/incisiontest/fixture/ComplexOpcodeFixture.emptyBody()V kinds=[LEAD] static=false
[15:23:20 INFO]: [Incision-Test-1.0.0] [DEBUG] [Incision][DEBUG] weave inject top/maplex/incisiontest/fixture/ComplexOpcodeFixture.touchFields()I kinds=[LEAD] static=false
[15:23:20 INFO]: [Incision-Test-1.0.0] [DEBUG] [Incision][DEBUG] weave inject top/maplex/incisiontest/fixture/ComplexOpcodeFixture.multiFieldPut()I kinds=[LEAD] static=false
[15:23:20 INFO]: [Incision-Test-1.0.0] [DEBUG] [Incision][DEBUG] weave inject top/maplex/incisiontest/fixture/ComplexOpcodeFixture.loadStrings()Ljava/lang/String; kinds=[LEAD] static=false
[15:23:20 INFO]: [Incision-Test-1.0.0] [DEBUG] [Incision][DEBUG] weave inject top/maplex/incisiontest/fixture/ComplexOpcodeFixture.buildBuffer()Ljava/lang/String; kinds=[LEAD] static=false
[15:23:20 INFO]: [Incision-Test-1.0.0] [DEBUG] [Incision][DEBUG] weave inject top/maplex/incisiontest/fixture/ComplexOpcodeFixture.arithmetic(I)I kinds=[LEAD] static=false
[15:23:20 INFO]: [Incision-Test-1.0.0] [DEBUG] [Incision][DEBUG] weave inject top/maplex/incisiontest/fixture/ComplexOpcodeFixture.interfaceCall(Ljava/util/List;)I kinds=[LEAD] static=false
[15:23:20 INFO]: [Incision-Test-1.0.0] [DEBUG] [Incision][DEBUG] weave inject top/maplex/incisiontest/fixture/ComplexOpcodeFixture.densePattern()I kinds=[LEAD] static=false
[15:23:20 INFO]: [Incision-Test-1.0.0] [DEBUG] [Incision][DEBUG] weave inject top/maplex/incisiontest/fixture/ComplexOpcodeFixture.throwIt()Ljava/lang/String; kinds=[LEAD] static=false
[15:23:20 INFO]: [Incision-Test-1.0.0] [DEBUG] [Incision][DEBUG] weave inject top/maplex/incisiontest/fixture/ComplexOpcodeFixture.chainInvoke()I kinds=[GRAFT] static=false
[15:23:20 INFO]: [Incision-Test-1.0.0] [DEBUG] [Incision][DEBUG] JvmtiBackend.onClassFileLoad: top/maplex/incisiontest/fixture/ComplexOpcodeFixture → changed=true (6975 bytes)
[15:23:20 INFO]: [Incision-Test-1.0.0] [DEBUG] [Incision][DEBUG] JvmtiBackend.retransform top.maplex.incisiontest.fixture.ComplexOpcodeFixture → true (loaded=1 transformed=1)
[15:23:20 INFO]: [Incision-Test-1.0.0] [DEBUG] [Incision][DEBUG] JvmtiBackend.onClassFileLoad: top/maplex/incisiontest/fixture/ComplexOpcodeFixture (1 transformers, 4983 bytes)
[15:23:20 INFO]: [Incision-Test-1.0.0] [DEBUG] [Incision][DEBUG] weave inject top/maplex/incisiontest/fixture/ComplexOpcodeFixture.typeCheck(Ljava/lang/Object;)I kinds=[LEAD] static=false
[15:23:20 INFO]: [Incision-Test-1.0.0] [DEBUG] [Incision][DEBUG] weave inject top/maplex/incisiontest/fixture/ComplexOpcodeFixture.branch(Z)I kinds=[LEAD] static=false
[15:23:20 INFO]: [Incision-Test-1.0.0] [DEBUG] [Incision][DEBUG] weave inject top/maplex/incisiontest/fixture/ComplexOpcodeFixture.arrays()I kinds=[LEAD] static=false
[15:23:20 INFO]: [Incision-Test-1.0.0] [DEBUG] [Incision][DEBUG] weave inject top/maplex/incisiontest/fixture/ComplexOpcodeFixture.staticCalls()I kinds=[LEAD] static=false
[15:23:20 INFO]: [Incision-Test-1.0.0] [DEBUG] [Incision][DEBUG] weave inject top/maplex/incisiontest/fixture/ComplexOpcodeFixture.emptyBody()V kinds=[LEAD] static=false
[15:23:20 INFO]: [Incision-Test-1.0.0] [DEBUG] [Incision][DEBUG] weave inject top/maplex/incisiontest/fixture/ComplexOpcodeFixture.touchFields()I kinds=[LEAD] static=false
[15:23:20 INFO]: [Incision-Test-1.0.0] [DEBUG] [Incision][DEBUG] weave inject top/maplex/incisiontest/fixture/ComplexOpcodeFixture.multiFieldPut()I kinds=[LEAD] static=false
[15:23:20 INFO]: [Incision-Test-1.0.0] [DEBUG] [Incision][DEBUG] weave inject top/maplex/incisiontest/fixture/ComplexOpcodeFixture.loadStrings()Ljava/lang/String; kinds=[LEAD] static=false
[15:23:20 INFO]: [Incision-Test-1.0.0] [DEBUG] [Incision][DEBUG] weave inject top/maplex/incisiontest/fixture/ComplexOpcodeFixture.buildBuffer()Ljava/lang/String; kinds=[LEAD] static=false
[15:23:20 INFO]: [Incision-Test-1.0.0] [DEBUG] [Incision][DEBUG] weave inject top/maplex/incisiontest/fixture/ComplexOpcodeFixture.arithmetic(I)I kinds=[LEAD] static=false
[15:23:20 INFO]: [Incision-Test-1.0.0] [DEBUG] [Incision][DEBUG] weave inject top/maplex/incisiontest/fixture/ComplexOpcodeFixture.interfaceCall(Ljava/util/List;)I kinds=[LEAD] static=false
[15:23:20 INFO]: [Incision-Test-1.0.0] [DEBUG] [Incision][DEBUG] weave inject top/maplex/incisiontest/fixture/ComplexOpcodeFixture.densePattern()I kinds=[LEAD] static=false
[15:23:20 INFO]: [Incision-Test-1.0.0] [DEBUG] [Incision][DEBUG] weave inject top/maplex/incisiontest/fixture/ComplexOpcodeFixture.chainInvoke()I kinds=[GRAFT] static=false
[15:23:20 INFO]: [Incision-Test-1.0.0] [DEBUG] [Incision][DEBUG] JvmtiBackend.onClassFileLoad: top/maplex/incisiontest/fixture/ComplexOpcodeFixture → changed=true (6871 bytes)
[15:23:20 INFO]: [Incision-Test-1.0.0] [DEBUG] [Incision][DEBUG] JvmtiBackend.retransform top.maplex.incisiontest.fixture.ComplexOpcodeFixture → true (loaded=1 transformed=1)
[15:23:21 INFO]: [Incision-Test-1.0.0] [DEBUG] [Incision][DEBUG] JvmtiBackend.onClassFileLoad: top/maplex/incisiontest/fixture/ComplexOpcodeFixture (1 transformers, 4983 bytes)
[15:23:21 INFO]: [Incision-Test-1.0.0] [DEBUG] [Incision][DEBUG] weave inject top/maplex/incisiontest/fixture/ComplexOpcodeFixture.typeCheck(Ljava/lang/Object;)I kinds=[LEAD] static=false
[15:23:21 INFO]: [Incision-Test-1.0.0] [DEBUG] [Incision][DEBUG] weave inject top/maplex/incisiontest/fixture/ComplexOpcodeFixture.branch(Z)I kinds=[LEAD] static=false
[15:23:21 INFO]: [Incision-Test-1.0.0] [DEBUG] [Incision][DEBUG] weave inject top/maplex/incisiontest/fixture/ComplexOpcodeFixture.arrays()I kinds=[LEAD] static=false
[15:23:21 INFO]: [Incision-Test-1.0.0] [DEBUG] [Incision][DEBUG] weave inject top/maplex/incisiontest/fixture/ComplexOpcodeFixture.staticCalls()I kinds=[LEAD] static=false
[15:23:21 INFO]: [Incision-Test-1.0.0] [DEBUG] [Incision][DEBUG] weave inject top/maplex/incisiontest/fixture/ComplexOpcodeFixture.emptyBody()V kinds=[LEAD] static=false
[15:23:21 INFO]: [Incision-Test-1.0.0] [DEBUG] [Incision][DEBUG] weave inject top/maplex/incisiontest/fixture/ComplexOpcodeFixture.touchFields()I kinds=[LEAD] static=false
[15:23:21 INFO]: [Incision-Test-1.0.0] [DEBUG] [Incision][DEBUG] weave inject top/maplex/incisiontest/fixture/ComplexOpcodeFixture.multiFieldPut()I kinds=[LEAD] static=false
[15:23:21 INFO]: [Incision-Test-1.0.0] [DEBUG] [Incision][DEBUG] weave inject top/maplex/incisiontest/fixture/ComplexOpcodeFixture.loadStrings()Ljava/lang/String; kinds=[LEAD] static=false
[15:23:21 INFO]: [Incision-Test-1.0.0] [DEBUG] [Incision][DEBUG] weave inject top/maplex/incisiontest/fixture/ComplexOpcodeFixture.buildBuffer()Ljava/lang/String; kinds=[LEAD] static=false
[15:23:21 INFO]: [Incision-Test-1.0.0] [DEBUG] [Incision][DEBUG] weave inject top/maplex/incisiontest/fixture/ComplexOpcodeFixture.arithmetic(I)I kinds=[LEAD] static=false
[15:23:21 INFO]: [Incision-Test-1.0.0] [DEBUG] [Incision][DEBUG] weave inject top/maplex/incisiontest/fixture/ComplexOpcodeFixture.densePattern()I kinds=[LEAD] static=false
[15:23:21 INFO]: [Incision-Test-1.0.0] [DEBUG] [Incision][DEBUG] weave inject top/maplex/incisiontest/fixture/ComplexOpcodeFixture.chainInvoke()I kinds=[GRAFT] static=false
[15:23:21 INFO]: [Incision-Test-1.0.0] [DEBUG] [Incision][DEBUG] JvmtiBackend.onClassFileLoad: top/maplex/incisiontest/fixture/ComplexOpcodeFixture → changed=true (6758 bytes)
[15:23:21 INFO]: [Incision-Test-1.0.0] [DEBUG] [Incision][DEBUG] JvmtiBackend.retransform top.maplex.incisiontest.fixture.ComplexOpcodeFixture → true (loaded=1 transformed=1)
[15:23:21 INFO]: [Incision-Test-1.0.0] [DEBUG] [Incision][DEBUG] JvmtiBackend.onClassFileLoad: top/maplex/incisiontest/fixture/ComplexOpcodeFixture (1 transformers, 4983 bytes)
[15:23:21 INFO]: [Incision-Test-1.0.0] [DEBUG] [Incision][DEBUG] weave inject top/maplex/incisiontest/fixture/ComplexOpcodeFixture.typeCheck(Ljava/lang/Object;)I kinds=[LEAD] static=false
[15:23:21 INFO]: [Incision-Test-1.0.0] [DEBUG] [Incision][DEBUG] weave inject top/maplex/incisiontest/fixture/ComplexOpcodeFixture.branch(Z)I kinds=[LEAD] static=false
[15:23:21 INFO]: [Incision-Test-1.0.0] [DEBUG] [Incision][DEBUG] weave inject top/maplex/incisiontest/fixture/ComplexOpcodeFixture.arrays()I kinds=[LEAD] static=false
[15:23:21 INFO]: [Incision-Test-1.0.0] [DEBUG] [Incision][DEBUG] weave inject top/maplex/incisiontest/fixture/ComplexOpcodeFixture.staticCalls()I kinds=[LEAD] static=false
[15:23:21 INFO]: [Incision-Test-1.0.0] [DEBUG] [Incision][DEBUG] weave inject top/maplex/incisiontest/fixture/ComplexOpcodeFixture.touchFields()I kinds=[LEAD] static=false
[15:23:21 INFO]: [Incision-Test-1.0.0] [DEBUG] [Incision][DEBUG] weave inject top/maplex/incisiontest/fixture/ComplexOpcodeFixture.multiFieldPut()I kinds=[LEAD] static=false
[15:23:21 INFO]: [Incision-Test-1.0.0] [DEBUG] [Incision][DEBUG] weave inject top/maplex/incisiontest/fixture/ComplexOpcodeFixture.loadStrings()Ljava/lang/String; kinds=[LEAD] static=false
[15:23:21 INFO]: [Incision-Test-1.0.0] [DEBUG] [Incision][DEBUG] weave inject top/maplex/incisiontest/fixture/ComplexOpcodeFixture.buildBuffer()Ljava/lang/String; kinds=[LEAD] static=false
[15:23:21 INFO]: [Incision-Test-1.0.0] [DEBUG] [Incision][DEBUG] weave inject top/maplex/incisiontest/fixture/ComplexOpcodeFixture.arithmetic(I)I kinds=[LEAD] static=false
[15:23:21 INFO]: [Incision-Test-1.0.0] [DEBUG] [Incision][DEBUG] weave inject top/maplex/incisiontest/fixture/ComplexOpcodeFixture.densePattern()I kinds=[LEAD] static=false
[15:23:21 INFO]: [Incision-Test-1.0.0] [DEBUG] [Incision][DEBUG] weave inject top/maplex/incisiontest/fixture/ComplexOpcodeFixture.chainInvoke()I kinds=[GRAFT] static=false
[15:23:21 INFO]: [Incision-Test-1.0.0] [DEBUG] [Incision][DEBUG] JvmtiBackend.onClassFileLoad: top/maplex/incisiontest/fixture/ComplexOpcodeFixture → changed=true (6669 bytes)
[15:23:21 INFO]: [Incision-Test-1.0.0] [DEBUG] [Incision][DEBUG] JvmtiBackend.retransform top.maplex.incisiontest.fixture.ComplexOpcodeFixture → true (loaded=1 transformed=1)
[15:23:21 INFO]: [Incision-Test-1.0.0] [DEBUG] [Incision][DEBUG] JvmtiBackend.onClassFileLoad: top/maplex/incisiontest/fixture/PerformanceFixture (1 transformers, 1401 bytes)
[15:23:21 INFO]: [Incision-Test-1.0.0] [DEBUG] [Incision][DEBUG] weave inject top/maplex/incisiontest/fixture/PerformanceFixture.lead(I)I kinds=[LEAD] static=false
[15:23:21 INFO]: [Incision-Test-1.0.0] [DEBUG] [Incision][DEBUG] weave inject top/maplex/incisiontest/fixture/PerformanceFixture.leadTrail(I)I kinds=[LEAD] static=false
[15:23:21 INFO]: [Incision-Test-1.0.0] [DEBUG] [Incision][DEBUG] JvmtiBackend.onClassFileLoad: top/maplex/incisiontest/fixture/PerformanceFixture → changed=true (1797 bytes)
[15:23:21 INFO]: [Incision-Test-1.0.0] [DEBUG] [Incision][DEBUG] JvmtiBackend.retransform top.maplex.incisiontest.fixture.PerformanceFixture → true (loaded=1 transformed=1)
[15:23:21 INFO]: [Incision-Test-1.0.0] [DEBUG] [Incision][DEBUG] JvmtiBackend.onClassFileLoad: net/minecraft/server/v1_16_R3/MinecraftServer (1 transformers, 98228 bytes)
[15:23:21 INFO]: [Incision-Test-1.0.0] [DEBUG] [Incision][DEBUG] weave inject net/minecraft/server/v1_16_R3/MinecraftServer.getPlayerCount()I kinds=[LEAD] static=false
[15:23:21 INFO]: [Incision-Test-1.0.0] [DEBUG] [Incision][DEBUG] JvmtiBackend.onClassFileLoad: net/minecraft/server/v1_16_R3/MinecraftServer → changed=true (98545 bytes)
[15:23:21 INFO]: [Incision-Test-1.0.0] [DEBUG] [Incision][DEBUG] JvmtiBackend.retransform net.minecraft.server.v1_16_R3.MinecraftServer → true (loaded=1 transformed=1)
[15:23:21 INFO]: [Incision-Test-1.0.0] [DEBUG] [Incision][DEBUG] JvmtiBackend.onClassFileLoad: top/maplex/incisiontest/fixture/InsnPatternFixture (0 transformers, 982 bytes)
[15:23:21 INFO]: [Incision-Test-1.0.0] [DEBUG] [Incision][DEBUG] JvmtiBackend.onClassFileLoad: top/maplex/incisiontest/fixture/InsnPatternFixture → changed=false (982 bytes)
[15:23:21 INFO]: [Incision-Test-1.0.0] [DEBUG] [Incision][DEBUG] JvmtiBackend.retransform top.maplex.incisiontest.fixture.InsnPatternFixture → true (loaded=1 transformed=1)
[15:23:21 INFO]: [Incision-Test-1.0.0] [DEBUG] [Incision][DEBUG] JvmtiBackend.onClassFileLoad: top/maplex/incisiontest/fixture/ComplexOpcodeFixture (1 transformers, 4983 bytes)
[15:23:21 INFO]: [Incision-Test-1.0.0] [DEBUG] [Incision][DEBUG] weave inject top/maplex/incisiontest/fixture/ComplexOpcodeFixture.typeCheck(Ljava/lang/Object;)I kinds=[LEAD] static=false
[15:23:21 INFO]: [Incision-Test-1.0.0] [DEBUG] [Incision][DEBUG] weave inject top/maplex/incisiontest/fixture/ComplexOpcodeFixture.branch(Z)I kinds=[LEAD] static=false
[15:23:21 INFO]: [Incision-Test-1.0.0] [DEBUG] [Incision][DEBUG] weave inject top/maplex/incisiontest/fixture/ComplexOpcodeFixture.arrays()I kinds=[LEAD] static=false
[15:23:21 INFO]: [Incision-Test-1.0.0] [DEBUG] [Incision][DEBUG] weave inject top/maplex/incisiontest/fixture/ComplexOpcodeFixture.staticCalls()I kinds=[LEAD] static=false
[15:23:21 INFO]: [Incision-Test-1.0.0] [DEBUG] [Incision][DEBUG] weave inject top/maplex/incisiontest/fixture/ComplexOpcodeFixture.touchFields()I kinds=[LEAD] static=false
[15:23:21 INFO]: [Incision-Test-1.0.0] [DEBUG] [Incision][DEBUG] weave inject top/maplex/incisiontest/fixture/ComplexOpcodeFixture.multiFieldPut()I kinds=[LEAD] static=false
[15:23:21 INFO]: [Incision-Test-1.0.0] [DEBUG] [Incision][DEBUG] weave inject top/maplex/incisiontest/fixture/ComplexOpcodeFixture.loadStrings()Ljava/lang/String; kinds=[LEAD] static=false
[15:23:21 INFO]: [Incision-Test-1.0.0] [DEBUG] [Incision][DEBUG] weave inject top/maplex/incisiontest/fixture/ComplexOpcodeFixture.buildBuffer()Ljava/lang/String; kinds=[LEAD] static=false
[15:23:21 INFO]: [Incision-Test-1.0.0] [DEBUG] [Incision][DEBUG] weave inject top/maplex/incisiontest/fixture/ComplexOpcodeFixture.arithmetic(I)I kinds=[LEAD] static=false
[15:23:21 INFO]: [Incision-Test-1.0.0] [DEBUG] [Incision][DEBUG] weave inject top/maplex/incisiontest/fixture/ComplexOpcodeFixture.chainInvoke()I kinds=[GRAFT] static=false
[15:23:21 INFO]: [Incision-Test-1.0.0] [DEBUG] [Incision][DEBUG] JvmtiBackend.onClassFileLoad: top/maplex/incisiontest/fixture/ComplexOpcodeFixture → changed=true (6577 bytes)
[15:23:21 INFO]: [Incision-Test-1.0.0] [DEBUG] [Incision][DEBUG] JvmtiBackend.retransform top.maplex.incisiontest.fixture.ComplexOpcodeFixture → true (loaded=1 transformed=1)
[15:23:21 INFO]: [Incision-Test-1.0.0] [DEBUG] [Incision][DEBUG] JvmtiBackend.onClassFileLoad: top/maplex/incisiontest/fixture/ComplexOpcodeFixture (1 transformers, 4983 bytes)
[15:23:21 INFO]: [Incision-Test-1.0.0] [DEBUG] [Incision][DEBUG] weave inject top/maplex/incisiontest/fixture/ComplexOpcodeFixture.typeCheck(Ljava/lang/Object;)I kinds=[LEAD] static=false
[15:23:21 INFO]: [Incision-Test-1.0.0] [DEBUG] [Incision][DEBUG] weave inject top/maplex/incisiontest/fixture/ComplexOpcodeFixture.branch(Z)I kinds=[LEAD] static=false
[15:23:21 INFO]: [Incision-Test-1.0.0] [DEBUG] [Incision][DEBUG] weave inject top/maplex/incisiontest/fixture/ComplexOpcodeFixture.arrays()I kinds=[LEAD] static=false
[15:23:21 INFO]: [Incision-Test-1.0.0] [DEBUG] [Incision][DEBUG] weave inject top/maplex/incisiontest/fixture/ComplexOpcodeFixture.staticCalls()I kinds=[LEAD] static=false
[15:23:21 INFO]: [Incision-Test-1.0.0] [DEBUG] [Incision][DEBUG] weave inject top/maplex/incisiontest/fixture/ComplexOpcodeFixture.touchFields()I kinds=[LEAD] static=false
[15:23:21 INFO]: [Incision-Test-1.0.0] [DEBUG] [Incision][DEBUG] weave inject top/maplex/incisiontest/fixture/ComplexOpcodeFixture.multiFieldPut()I kinds=[LEAD] static=false
[15:23:21 INFO]: [Incision-Test-1.0.0] [DEBUG] [Incision][DEBUG] weave inject top/maplex/incisiontest/fixture/ComplexOpcodeFixture.loadStrings()Ljava/lang/String; kinds=[LEAD] static=false
[15:23:21 INFO]: [Incision-Test-1.0.0] [DEBUG] [Incision][DEBUG] weave inject top/maplex/incisiontest/fixture/ComplexOpcodeFixture.buildBuffer()Ljava/lang/String; kinds=[LEAD] static=false
[15:23:21 INFO]: [Incision-Test-1.0.0] [DEBUG] [Incision][DEBUG] weave inject top/maplex/incisiontest/fixture/ComplexOpcodeFixture.arithmetic(I)I kinds=[LEAD] static=false
[15:23:21 INFO]: [Incision-Test-1.0.0] [DEBUG] [Incision][DEBUG] weave inject top/maplex/incisiontest/fixture/ComplexOpcodeFixture.chainInvoke()I kinds=[GRAFT] static=false
[15:23:21 INFO]: [Incision-Test-1.0.0] [DEBUG] [Incision][DEBUG] JvmtiBackend.onClassFileLoad: top/maplex/incisiontest/fixture/ComplexOpcodeFixture → changed=true (6577 bytes)
[15:23:21 INFO]: [Incision-Test-1.0.0] [DEBUG] [Incision][DEBUG] JvmtiBackend.retransform top.maplex.incisiontest.fixture.ComplexOpcodeFixture → true (loaded=1 transformed=1)
[15:23:21 INFO]: [Incision-Test-1.0.0] [DEBUG] [Incision][DEBUG] JvmtiBackend.onClassFileLoad: top/maplex/incisiontest/fixture/PerformanceFixture (1 transformers, 1401 bytes)
[15:23:21 INFO]: [Incision-Test-1.0.0] [DEBUG] [Incision][DEBUG] weave inject top/maplex/incisiontest/fixture/PerformanceFixture.leadTrail(I)I kinds=[LEAD] static=false
[15:23:21 INFO]: [Incision-Test-1.0.0] [DEBUG] [Incision][DEBUG] JvmtiBackend.onClassFileLoad: top/maplex/incisiontest/fixture/PerformanceFixture → changed=true (1702 bytes)
[15:23:21 INFO]: [Incision-Test-1.0.0] [DEBUG] [Incision][DEBUG] JvmtiBackend.retransform top.maplex.incisiontest.fixture.PerformanceFixture → true (loaded=1 transformed=1)
[15:23:21 INFO]: [Incision-Test-1.0.0] [DEBUG] [Incision][DEBUG] JvmtiBackend.onClassFileLoad: org/bukkit/Bukkit (0 transformers, 21636 bytes)
[15:23:21 INFO]: [Incision-Test-1.0.0] [DEBUG] [Incision][DEBUG] JvmtiBackend.onClassFileLoad: org/bukkit/Bukkit → changed=false (21636 bytes)
[15:23:21 INFO]: [Incision-Test-1.0.0] [DEBUG] [Incision][DEBUG] JvmtiBackend.retransform org.bukkit.Bukkit → true (loaded=1 transformed=1)
[15:23:21 INFO]: [Incision-Test-1.0.0] [Incision] AutoHeal: classLoader=PluginClassLoader{plugin=Incision-Test v1.0.0, pluginEnabled=false, url=plugins\Incision-Test-1.0.0.jar} removed=293 advice
[15:23:21 INFO]: [Incision-Test-1.0.0] [DEBUG] [Incision][DEBUG] JvmtiBackend.onClassFileLoad: top/maplex/incisiontest/fixture/ComplexOpcodeFixture (1 transformers, 4983 bytes)
[15:23:21 INFO]: [Incision-Test-1.0.0] [DEBUG] [Incision][DEBUG] weave inject top/maplex/incisiontest/fixture/ComplexOpcodeFixture.typeCheck(Ljava/lang/Object;)I kinds=[LEAD] static=false
[15:23:21 INFO]: [Incision-Test-1.0.0] [DEBUG] [Incision][DEBUG] weave inject top/maplex/incisiontest/fixture/ComplexOpcodeFixture.branch(Z)I kinds=[LEAD] static=false
[15:23:21 INFO]: [Incision-Test-1.0.0] [DEBUG] [Incision][DEBUG] weave inject top/maplex/incisiontest/fixture/ComplexOpcodeFixture.arrays()I kinds=[LEAD] static=false
[15:23:21 INFO]: [Incision-Test-1.0.0] [DEBUG] [Incision][DEBUG] weave inject top/maplex/incisiontest/fixture/ComplexOpcodeFixture.staticCalls()I kinds=[LEAD] static=false
[15:23:21 INFO]: [Incision-Test-1.0.0] [DEBUG] [Incision][DEBUG] weave inject top/maplex/incisiontest/fixture/ComplexOpcodeFixture.touchFields()I kinds=[LEAD] static=false
[15:23:21 INFO]: [Incision-Test-1.0.0] [DEBUG] [Incision][DEBUG] weave inject top/maplex/incisiontest/fixture/ComplexOpcodeFixture.multiFieldPut()I kinds=[LEAD] static=false
[15:23:21 INFO]: [Incision-Test-1.0.0] [DEBUG] [Incision][DEBUG] weave inject top/maplex/incisiontest/fixture/ComplexOpcodeFixture.loadStrings()Ljava/lang/String; kinds=[LEAD] static=false
[15:23:21 INFO]: [Incision-Test-1.0.0] [DEBUG] [Incision][DEBUG] weave inject top/maplex/incisiontest/fixture/ComplexOpcodeFixture.buildBuffer()Ljava/lang/String; kinds=[LEAD] static=false
[15:23:21 INFO]: [Incision-Test-1.0.0] [DEBUG] [Incision][DEBUG] weave inject top/maplex/incisiontest/fixture/ComplexOpcodeFixture.arithmetic(I)I kinds=[LEAD] static=false
[15:23:21 INFO]: [Incision-Test-1.0.0] [DEBUG] [Incision][DEBUG] weave inject top/maplex/incisiontest/fixture/ComplexOpcodeFixture.chainInvoke()I kinds=[GRAFT] static=false
[15:23:21 INFO]: [Incision-Test-1.0.0] [DEBUG] [Incision][DEBUG] JvmtiBackend.onClassFileLoad: top/maplex/incisiontest/fixture/ComplexOpcodeFixture → changed=true (6577 bytes)
[15:23:21 INFO]: [Incision-Test-1.0.0] [DEBUG] [Incision][DEBUG] JvmtiBackend.retransform top.maplex.incisiontest.fixture.ComplexOpcodeFixture → true (loaded=1 transformed=1)
[15:23:21 INFO]: [Incision-Test-1.0.0] [DEBUG] [Incision][DEBUG] JvmtiBackend.onClassFileLoad: top/maplex/incisiontest/fixture/ComplexOpcodeFixture (1 transformers, 4983 bytes)
[15:23:21 INFO]: [Incision-Test-1.0.0] [DEBUG] [Incision][DEBUG] weave inject top/maplex/incisiontest/fixture/ComplexOpcodeFixture.typeCheck(Ljava/lang/Object;)I kinds=[LEAD] static=false
[15:23:21 INFO]: [Incision-Test-1.0.0] [DEBUG] [Incision][DEBUG] weave inject top/maplex/incisiontest/fixture/ComplexOpcodeFixture.branch(Z)I kinds=[LEAD] static=false
[15:23:21 INFO]: [Incision-Test-1.0.0] [DEBUG] [Incision][DEBUG] weave inject top/maplex/incisiontest/fixture/ComplexOpcodeFixture.arrays()I kinds=[LEAD] static=false
[15:23:21 INFO]: [Incision-Test-1.0.0] [DEBUG] [Incision][DEBUG] weave inject top/maplex/incisiontest/fixture/ComplexOpcodeFixture.staticCalls()I kinds=[LEAD] static=false
[15:23:21 INFO]: [Incision-Test-1.0.0] [DEBUG] [Incision][DEBUG] weave inject top/maplex/incisiontest/fixture/ComplexOpcodeFixture.touchFields()I kinds=[LEAD] static=false
[15:23:21 INFO]: [Incision-Test-1.0.0] [DEBUG] [Incision][DEBUG] weave inject top/maplex/incisiontest/fixture/ComplexOpcodeFixture.multiFieldPut()I kinds=[LEAD] static=false
[15:23:21 INFO]: [Incision-Test-1.0.0] [DEBUG] [Incision][DEBUG] weave inject top/maplex/incisiontest/fixture/ComplexOpcodeFixture.loadStrings()Ljava/lang/String; kinds=[LEAD] static=false
[15:23:21 INFO]: [Incision-Test-1.0.0] [DEBUG] [Incision][DEBUG] weave inject top/maplex/incisiontest/fixture/ComplexOpcodeFixture.buildBuffer()Ljava/lang/String; kinds=[LEAD] static=false
[15:23:21 INFO]: [Incision-Test-1.0.0] [DEBUG] [Incision][DEBUG] weave inject top/maplex/incisiontest/fixture/ComplexOpcodeFixture.arithmetic(I)I kinds=[LEAD] static=false
[15:23:21 INFO]: [Incision-Test-1.0.0] [DEBUG] [Incision][DEBUG] weave inject top/maplex/incisiontest/fixture/ComplexOpcodeFixture.chainInvoke()I kinds=[GRAFT] static=false
[15:23:21 INFO]: [Incision-Test-1.0.0] [DEBUG] [Incision][DEBUG] JvmtiBackend.onClassFileLoad: top/maplex/incisiontest/fixture/ComplexOpcodeFixture → changed=true (6577 bytes)
[15:23:21 INFO]: [Incision-Test-1.0.0] [DEBUG] [Incision][DEBUG] JvmtiBackend.retransform top.maplex.incisiontest.fixture.ComplexOpcodeFixture → true (loaded=1 transformed=1)
[15:23:21 INFO]: [Incision-Test-1.0.0] [DEBUG] [Incision][DEBUG] JvmtiBackend.onClassFileLoad: top/maplex/incisiontest/fixture/ComplexOpcodeFixture (1 transformers, 4983 bytes)
[15:23:21 INFO]: [Incision-Test-1.0.0] [DEBUG] [Incision][DEBUG] weave inject top/maplex/incisiontest/fixture/ComplexOpcodeFixture.typeCheck(Ljava/lang/Object;)I kinds=[LEAD] static=false
[15:23:21 INFO]: [Incision-Test-1.0.0] [DEBUG] [Incision][DEBUG] weave inject top/maplex/incisiontest/fixture/ComplexOpcodeFixture.branch(Z)I kinds=[LEAD] static=false
[15:23:21 INFO]: [Incision-Test-1.0.0] [DEBUG] [Incision][DEBUG] weave inject top/maplex/incisiontest/fixture/ComplexOpcodeFixture.arrays()I kinds=[LEAD] static=false
[15:23:21 INFO]: [Incision-Test-1.0.0] [DEBUG] [Incision][DEBUG] weave inject top/maplex/incisiontest/fixture/ComplexOpcodeFixture.staticCalls()I kinds=[LEAD] static=false
[15:23:21 INFO]: [Incision-Test-1.0.0] [DEBUG] [Incision][DEBUG] weave inject top/maplex/incisiontest/fixture/ComplexOpcodeFixture.touchFields()I kinds=[LEAD] static=false
[15:23:21 INFO]: [Incision-Test-1.0.0] [DEBUG] [Incision][DEBUG] weave inject top/maplex/incisiontest/fixture/ComplexOpcodeFixture.multiFieldPut()I kinds=[LEAD] static=false
[15:23:21 INFO]: [Incision-Test-1.0.0] [DEBUG] [Incision][DEBUG] weave inject top/maplex/incisiontest/fixture/ComplexOpcodeFixture.loadStrings()Ljava/lang/String; kinds=[LEAD] static=false
[15:23:21 INFO]: [Incision-Test-1.0.0] [DEBUG] [Incision][DEBUG] weave inject top/maplex/incisiontest/fixture/ComplexOpcodeFixture.buildBuffer()Ljava/lang/String; kinds=[LEAD] static=false
[15:23:21 INFO]: [Incision-Test-1.0.0] [DEBUG] [Incision][DEBUG] weave inject top/maplex/incisiontest/fixture/ComplexOpcodeFixture.arithmetic(I)I kinds=[LEAD] static=false
[15:23:21 INFO]: [Incision-Test-1.0.0] [DEBUG] [Incision][DEBUG] weave inject top/maplex/incisiontest/fixture/ComplexOpcodeFixture.chainInvoke()I kinds=[GRAFT] static=false
[15:23:21 INFO]: [Incision-Test-1.0.0] [DEBUG] [Incision][DEBUG] JvmtiBackend.onClassFileLoad: top/maplex/incisiontest/fixture/ComplexOpcodeFixture → changed=true (6577 bytes)
[15:23:22 INFO]: [Incision-Test-1.0.0] [DEBUG] [Incision][DEBUG] JvmtiBackend.retransform top.maplex.incisiontest.fixture.ComplexOpcodeFixture → true (loaded=1 transformed=1)
[15:23:22 INFO]: [Incision-Test-1.0.0] [DEBUG] [Incision][DEBUG] JvmtiBackend.onClassFileLoad: top/maplex/incisiontest/fixture/ComplexOpcodeFixture (1 transformers, 4983 bytes)
[15:23:22 INFO]: [Incision-Test-1.0.0] [DEBUG] [Incision][DEBUG] weave inject top/maplex/incisiontest/fixture/ComplexOpcodeFixture.typeCheck(Ljava/lang/Object;)I kinds=[LEAD] static=false
[15:23:22 INFO]: [Incision-Test-1.0.0] [DEBUG] [Incision][DEBUG] weave inject top/maplex/incisiontest/fixture/ComplexOpcodeFixture.branch(Z)I kinds=[LEAD] static=false
[15:23:22 INFO]: [Incision-Test-1.0.0] [DEBUG] [Incision][DEBUG] weave inject top/maplex/incisiontest/fixture/ComplexOpcodeFixture.arrays()I kinds=[LEAD] static=false
[15:23:22 INFO]: [Incision-Test-1.0.0] [DEBUG] [Incision][DEBUG] weave inject top/maplex/incisiontest/fixture/ComplexOpcodeFixture.staticCalls()I kinds=[LEAD] static=false
[15:23:22 INFO]: [Incision-Test-1.0.0] [DEBUG] [Incision][DEBUG] weave inject top/maplex/incisiontest/fixture/ComplexOpcodeFixture.touchFields()I kinds=[LEAD] static=false
[15:23:22 INFO]: [Incision-Test-1.0.0] [DEBUG] [Incision][DEBUG] weave inject top/maplex/incisiontest/fixture/ComplexOpcodeFixture.multiFieldPut()I kinds=[LEAD] static=false
[15:23:22 INFO]: [Incision-Test-1.0.0] [DEBUG] [Incision][DEBUG] weave inject top/maplex/incisiontest/fixture/ComplexOpcodeFixture.loadStrings()Ljava/lang/String; kinds=[LEAD] static=false
[15:23:22 INFO]: [Incision-Test-1.0.0] [DEBUG] [Incision][DEBUG] weave inject top/maplex/incisiontest/fixture/ComplexOpcodeFixture.buildBuffer()Ljava/lang/String; kinds=[LEAD] static=false
[15:23:22 INFO]: [Incision-Test-1.0.0] [DEBUG] [Incision][DEBUG] weave inject top/maplex/incisiontest/fixture/ComplexOpcodeFixture.arithmetic(I)I kinds=[LEAD] static=false
[15:23:22 INFO]: [Incision-Test-1.0.0] [DEBUG] [Incision][DEBUG] weave inject top/maplex/incisiontest/fixture/ComplexOpcodeFixture.chainInvoke()I kinds=[GRAFT] static=false
[15:23:22 INFO]: [Incision-Test-1.0.0] [DEBUG] [Incision][DEBUG] JvmtiBackend.onClassFileLoad: top/maplex/incisiontest/fixture/ComplexOpcodeFixture → changed=true (6577 bytes)
[15:23:22 INFO]: [Incision-Test-1.0.0] [DEBUG] [Incision][DEBUG] JvmtiBackend.retransform top.maplex.incisiontest.fixture.ComplexOpcodeFixture → true (loaded=1 transformed=1)
[15:23:22 INFO]: [Incision-Test-1.0.0] [DEBUG] [Incision][DEBUG] JvmtiBackend.onClassFileLoad: top/maplex/incisiontest/fixture/ComplexOpcodeFixture (1 transformers, 4983 bytes)
[15:23:22 INFO]: [Incision-Test-1.0.0] [DEBUG] [Incision][DEBUG] weave inject top/maplex/incisiontest/fixture/ComplexOpcodeFixture.typeCheck(Ljava/lang/Object;)I kinds=[LEAD] static=false
[15:23:22 INFO]: [Incision-Test-1.0.0] [DEBUG] [Incision][DEBUG] weave inject top/maplex/incisiontest/fixture/ComplexOpcodeFixture.branch(Z)I kinds=[LEAD] static=false
[15:23:22 INFO]: [Incision-Test-1.0.0] [DEBUG] [Incision][DEBUG] weave inject top/maplex/incisiontest/fixture/ComplexOpcodeFixture.arrays()I kinds=[LEAD] static=false
[15:23:22 INFO]: [Incision-Test-1.0.0] [DEBUG] [Incision][DEBUG] weave inject top/maplex/incisiontest/fixture/ComplexOpcodeFixture.staticCalls()I kinds=[LEAD] static=false
[15:23:22 INFO]: [Incision-Test-1.0.0] [DEBUG] [Incision][DEBUG] weave inject top/maplex/incisiontest/fixture/ComplexOpcodeFixture.touchFields()I kinds=[LEAD] static=false
[15:23:22 INFO]: [Incision-Test-1.0.0] [DEBUG] [Incision][DEBUG] weave inject top/maplex/incisiontest/fixture/ComplexOpcodeFixture.multiFieldPut()I kinds=[LEAD] static=false
[15:23:22 INFO]: [Incision-Test-1.0.0] [DEBUG] [Incision][DEBUG] weave inject top/maplex/incisiontest/fixture/ComplexOpcodeFixture.loadStrings()Ljava/lang/String; kinds=[LEAD] static=false
[15:23:22 INFO]: [Incision-Test-1.0.0] [DEBUG] [Incision][DEBUG] weave inject top/maplex/incisiontest/fixture/ComplexOpcodeFixture.buildBuffer()Ljava/lang/String; kinds=[LEAD] static=false
[15:23:22 INFO]: [Incision-Test-1.0.0] [DEBUG] [Incision][DEBUG] weave inject top/maplex/incisiontest/fixture/ComplexOpcodeFixture.arithmetic(I)I kinds=[LEAD] static=false
[15:23:22 INFO]: [Incision-Test-1.0.0] [DEBUG] [Incision][DEBUG] weave inject top/maplex/incisiontest/fixture/ComplexOpcodeFixture.chainInvoke()I kinds=[GRAFT] static=false
[15:23:22 INFO]: [Incision-Test-1.0.0] [DEBUG] [Incision][DEBUG] JvmtiBackend.onClassFileLoad: top/maplex/incisiontest/fixture/ComplexOpcodeFixture → changed=true (6577 bytes)
[15:23:22 INFO]: [Incision-Test-1.0.0] [DEBUG] [Incision][DEBUG] JvmtiBackend.retransform top.maplex.incisiontest.fixture.ComplexOpcodeFixture → true (loaded=1 transformed=1)
[15:23:22 INFO]: [Incision-Test-1.0.0] [DEBUG] [Incision][DEBUG] JvmtiBackend.onClassFileLoad: top/maplex/incisiontest/fixture/ComplexOpcodeFixture (1 transformers, 4983 bytes)
[15:23:22 INFO]: [Incision-Test-1.0.0] [DEBUG] [Incision][DEBUG] weave inject top/maplex/incisiontest/fixture/ComplexOpcodeFixture.typeCheck(Ljava/lang/Object;)I kinds=[LEAD] static=false
[15:23:22 INFO]: [Incision-Test-1.0.0] [DEBUG] [Incision][DEBUG] weave inject top/maplex/incisiontest/fixture/ComplexOpcodeFixture.branch(Z)I kinds=[LEAD] static=false
[15:23:22 INFO]: [Incision-Test-1.0.0] [DEBUG] [Incision][DEBUG] weave inject top/maplex/incisiontest/fixture/ComplexOpcodeFixture.arrays()I kinds=[LEAD] static=false
[15:23:22 INFO]: [Incision-Test-1.0.0] [DEBUG] [Incision][DEBUG] weave inject top/maplex/incisiontest/fixture/ComplexOpcodeFixture.staticCalls()I kinds=[LEAD] static=false
[15:23:22 INFO]: [Incision-Test-1.0.0] [DEBUG] [Incision][DEBUG] weave inject top/maplex/incisiontest/fixture/ComplexOpcodeFixture.touchFields()I kinds=[LEAD] static=false
[15:23:22 INFO]: [Incision-Test-1.0.0] [DEBUG] [Incision][DEBUG] weave inject top/maplex/incisiontest/fixture/ComplexOpcodeFixture.multiFieldPut()I kinds=[LEAD] static=false
[15:23:22 INFO]: [Incision-Test-1.0.0] [DEBUG] [Incision][DEBUG] weave inject top/maplex/incisiontest/fixture/ComplexOpcodeFixture.loadStrings()Ljava/lang/String; kinds=[LEAD] static=false
[15:23:22 INFO]: [Incision-Test-1.0.0] [DEBUG] [Incision][DEBUG] weave inject top/maplex/incisiontest/fixture/ComplexOpcodeFixture.buildBuffer()Ljava/lang/String; kinds=[LEAD] static=false
[15:23:22 INFO]: [Incision-Test-1.0.0] [DEBUG] [Incision][DEBUG] weave inject top/maplex/incisiontest/fixture/ComplexOpcodeFixture.arithmetic(I)I kinds=[LEAD] static=false
[15:23:22 INFO]: [Incision-Test-1.0.0] [DEBUG] [Incision][DEBUG] weave inject top/maplex/incisiontest/fixture/ComplexOpcodeFixture.chainInvoke()I kinds=[GRAFT] static=false
[15:23:22 INFO]: [Incision-Test-1.0.0] [DEBUG] [Incision][DEBUG] JvmtiBackend.onClassFileLoad: top/maplex/incisiontest/fixture/ComplexOpcodeFixture → changed=true (6577 bytes)
[15:23:22 INFO]: [Incision-Test-1.0.0] [DEBUG] [Incision][DEBUG] JvmtiBackend.retransform top.maplex.incisiontest.fixture.ComplexOpcodeFixture → true (loaded=1 transformed=1)
[15:23:22 INFO]: [Incision-Test-1.0.0] [DEBUG] [Incision][DEBUG] JvmtiBackend.onClassFileLoad: ink/ptms/adyeshach/impl/nms/DefaultMinecraftHelper (1 transformers, 18510 bytes)
[15:23:22 INFO]: [Incision-Test-1.0.0] [DEBUG] [Incision][DEBUG] weave inject ink/ptms/adyeshach/impl/nms/DefaultMinecraftHelper.literalChatBaseComponent(Ljava/lang/String;)Ljava/lang/Object; kinds=[SPLICE, LEAD] static=false
[15:23:22 INFO]: [Incision-Test-1.0.0] [DEBUG] [Incision][DEBUG] JvmtiBackend.onClassFileLoad: ink/ptms/adyeshach/impl/nms/DefaultMinecraftHelper → changed=true (18977 bytes)
[15:23:22 INFO]: [Incision-Test-1.0.0] [DEBUG] [Incision][DEBUG] JvmtiBackend.retransform ink.ptms.adyeshach.impl.nms.DefaultMinecraftHelper → true (loaded=1 transformed=1)
[15:23:22 INFO]: [Incision-Test-1.0.0] [DEBUG] [Incision][DEBUG] JvmtiBackend.onClassFileLoad: top/maplex/incisiontest/fixture/ComplexOpcodeFixture (1 transformers, 4983 bytes)
[15:23:22 INFO]: [Incision-Test-1.0.0] [DEBUG] [Incision][DEBUG] weave inject top/maplex/incisiontest/fixture/ComplexOpcodeFixture.branch(Z)I kinds=[LEAD] static=false
[15:23:22 INFO]: [Incision-Test-1.0.0] [DEBUG] [Incision][DEBUG] weave inject top/maplex/incisiontest/fixture/ComplexOpcodeFixture.arrays()I kinds=[LEAD] static=false
[15:23:22 INFO]: [Incision-Test-1.0.0] [DEBUG] [Incision][DEBUG] weave inject top/maplex/incisiontest/fixture/ComplexOpcodeFixture.staticCalls()I kinds=[LEAD] static=false
[15:23:22 INFO]: [Incision-Test-1.0.0] [DEBUG] [Incision][DEBUG] weave inject top/maplex/incisiontest/fixture/ComplexOpcodeFixture.touchFields()I kinds=[LEAD] static=false
[15:23:22 INFO]: [Incision-Test-1.0.0] [DEBUG] [Incision][DEBUG] weave inject top/maplex/incisiontest/fixture/ComplexOpcodeFixture.multiFieldPut()I kinds=[LEAD] static=false
[15:23:22 INFO]: [Incision-Test-1.0.0] [DEBUG] [Incision][DEBUG] weave inject top/maplex/incisiontest/fixture/ComplexOpcodeFixture.loadStrings()Ljava/lang/String; kinds=[LEAD] static=false
[15:23:22 INFO]: [Incision-Test-1.0.0] [DEBUG] [Incision][DEBUG] weave inject top/maplex/incisiontest/fixture/ComplexOpcodeFixture.buildBuffer()Ljava/lang/String; kinds=[LEAD] static=false
[15:23:22 INFO]: [Incision-Test-1.0.0] [DEBUG] [Incision][DEBUG] weave inject top/maplex/incisiontest/fixture/ComplexOpcodeFixture.arithmetic(I)I kinds=[LEAD] static=false
[15:23:22 INFO]: [Incision-Test-1.0.0] [DEBUG] [Incision][DEBUG] weave inject top/maplex/incisiontest/fixture/ComplexOpcodeFixture.chainInvoke()I kinds=[GRAFT] static=false
[15:23:22 INFO]: [Incision-Test-1.0.0] [DEBUG] [Incision][DEBUG] JvmtiBackend.onClassFileLoad: top/maplex/incisiontest/fixture/ComplexOpcodeFixture → changed=true (6466 bytes)
[15:23:22 INFO]: [Incision-Test-1.0.0] [DEBUG] [Incision][DEBUG] JvmtiBackend.retransform top.maplex.incisiontest.fixture.ComplexOpcodeFixture → true (loaded=1 transformed=1)
[15:23:22 INFO]: [Incision-Test-1.0.0] [DEBUG] [Incision][DEBUG] JvmtiBackend.onClassFileLoad: net/minecraft/server/v1_16_R3/EnchantmentManager (0 transformers, 20595 bytes)
[15:23:22 INFO]: [Incision-Test-1.0.0] [DEBUG] [Incision][DEBUG] JvmtiBackend.onClassFileLoad: net/minecraft/server/v1_16_R3/EnchantmentManager → changed=false (20595 bytes)
[15:23:22 INFO]: [Incision-Test-1.0.0] [DEBUG] [Incision][DEBUG] JvmtiBackend.retransform net.minecraft.server.v1_16_R3.EnchantmentManager → true (loaded=1 transformed=1)
[15:23:22 INFO]: [Incision-Test-1.0.0] [DEBUG] [Incision][DEBUG] JvmtiBackend.onClassFileLoad: top/maplex/incisiontest/fixture/ComplexOpcodeFixture (1 transformers, 4983 bytes)
[15:23:22 INFO]: [Incision-Test-1.0.0] [DEBUG] [Incision][DEBUG] weave inject top/maplex/incisiontest/fixture/ComplexOpcodeFixture.branch(Z)I kinds=[LEAD] static=false
[15:23:22 INFO]: [Incision-Test-1.0.0] [DEBUG] [Incision][DEBUG] weave inject top/maplex/incisiontest/fixture/ComplexOpcodeFixture.arrays()I kinds=[LEAD] static=false
[15:23:22 INFO]: [Incision-Test-1.0.0] [DEBUG] [Incision][DEBUG] weave inject top/maplex/incisiontest/fixture/ComplexOpcodeFixture.staticCalls()I kinds=[LEAD] static=false
[15:23:22 INFO]: [Incision-Test-1.0.0] [DEBUG] [Incision][DEBUG] weave inject top/maplex/incisiontest/fixture/ComplexOpcodeFixture.touchFields()I kinds=[LEAD] static=false
[15:23:22 INFO]: [Incision-Test-1.0.0] [DEBUG] [Incision][DEBUG] weave inject top/maplex/incisiontest/fixture/ComplexOpcodeFixture.multiFieldPut()I kinds=[LEAD] static=false
[15:23:22 INFO]: [Incision-Test-1.0.0] [DEBUG] [Incision][DEBUG] weave inject top/maplex/incisiontest/fixture/ComplexOpcodeFixture.loadStrings()Ljava/lang/String; kinds=[LEAD] static=false
[15:23:22 INFO]: [Incision-Test-1.0.0] [DEBUG] [Incision][DEBUG] weave inject top/maplex/incisiontest/fixture/ComplexOpcodeFixture.buildBuffer()Ljava/lang/String; kinds=[LEAD] static=false
[15:23:22 INFO]: [Incision-Test-1.0.0] [DEBUG] [Incision][DEBUG] weave inject top/maplex/incisiontest/fixture/ComplexOpcodeFixture.arithmetic(I)I kinds=[LEAD] static=false
[15:23:22 INFO]: [Incision-Test-1.0.0] [DEBUG] [Incision][DEBUG] weave inject top/maplex/incisiontest/fixture/ComplexOpcodeFixture.chainInvoke()I kinds=[GRAFT] static=false
[15:23:22 INFO]: [Incision-Test-1.0.0] [DEBUG] [Incision][DEBUG] JvmtiBackend.onClassFileLoad: top/maplex/incisiontest/fixture/ComplexOpcodeFixture → changed=true (6466 bytes)
[15:23:22 INFO]: [Incision-Test-1.0.0] [DEBUG] [Incision][DEBUG] JvmtiBackend.retransform top.maplex.incisiontest.fixture.ComplexOpcodeFixture → true (loaded=1 transformed=1)
[15:23:22 INFO]: [Incision-Test-1.0.0] [DEBUG] [Incision][DEBUG] JvmtiBackend.onClassFileLoad: top/maplex/incisiontest/fixture/ComplexOpcodeFixture (1 transformers, 4983 bytes)
[15:23:22 INFO]: [Incision-Test-1.0.0] [DEBUG] [Incision][DEBUG] weave inject top/maplex/incisiontest/fixture/ComplexOpcodeFixture.branch(Z)I kinds=[LEAD] static=false
[15:23:22 INFO]: [Incision-Test-1.0.0] [DEBUG] [Incision][DEBUG] weave inject top/maplex/incisiontest/fixture/ComplexOpcodeFixture.arrays()I kinds=[LEAD] static=false
[15:23:22 INFO]: [Incision-Test-1.0.0] [DEBUG] [Incision][DEBUG] weave inject top/maplex/incisiontest/fixture/ComplexOpcodeFixture.staticCalls()I kinds=[LEAD] static=false
[15:23:22 INFO]: [Incision-Test-1.0.0] [DEBUG] [Incision][DEBUG] weave inject top/maplex/incisiontest/fixture/ComplexOpcodeFixture.touchFields()I kinds=[LEAD] static=false
[15:23:22 INFO]: [Incision-Test-1.0.0] [DEBUG] [Incision][DEBUG] weave inject top/maplex/incisiontest/fixture/ComplexOpcodeFixture.multiFieldPut()I kinds=[LEAD] static=false
[15:23:22 INFO]: [Incision-Test-1.0.0] [DEBUG] [Incision][DEBUG] weave inject top/maplex/incisiontest/fixture/ComplexOpcodeFixture.loadStrings()Ljava/lang/String; kinds=[LEAD] static=false
[15:23:22 INFO]: [Incision-Test-1.0.0] [DEBUG] [Incision][DEBUG] weave inject top/maplex/incisiontest/fixture/ComplexOpcodeFixture.buildBuffer()Ljava/lang/String; kinds=[LEAD] static=false
[15:23:22 INFO]: [Incision-Test-1.0.0] [DEBUG] [Incision][DEBUG] weave inject top/maplex/incisiontest/fixture/ComplexOpcodeFixture.arithmetic(I)I kinds=[LEAD] static=false
[15:23:22 INFO]: [Incision-Test-1.0.0] [DEBUG] [Incision][DEBUG] weave inject top/maplex/incisiontest/fixture/ComplexOpcodeFixture.chainInvoke()I kinds=[GRAFT] static=false
[15:23:22 INFO]: [Incision-Test-1.0.0] [DEBUG] [Incision][DEBUG] JvmtiBackend.onClassFileLoad: top/maplex/incisiontest/fixture/ComplexOpcodeFixture → changed=true (6466 bytes)
[15:23:22 INFO]: [Incision-Test-1.0.0] [DEBUG] [Incision][DEBUG] JvmtiBackend.retransform top.maplex.incisiontest.fixture.ComplexOpcodeFixture → true (loaded=1 transformed=1)
[15:23:22 INFO]: [Incision-Test-1.0.0] [DEBUG] [Incision][DEBUG] JvmtiBackend.onClassFileLoad: top/maplex/incisiontest/fixture/ComplexOpcodeFixture (1 transformers, 4983 bytes)
[15:23:22 INFO]: [Incision-Test-1.0.0] [DEBUG] [Incision][DEBUG] weave inject top/maplex/incisiontest/fixture/ComplexOpcodeFixture.branch(Z)I kinds=[LEAD] static=false
[15:23:22 INFO]: [Incision-Test-1.0.0] [DEBUG] [Incision][DEBUG] weave inject top/maplex/incisiontest/fixture/ComplexOpcodeFixture.arrays()I kinds=[LEAD] static=false
[15:23:22 INFO]: [Incision-Test-1.0.0] [DEBUG] [Incision][DEBUG] weave inject top/maplex/incisiontest/fixture/ComplexOpcodeFixture.touchFields()I kinds=[LEAD] static=false
[15:23:22 INFO]: [Incision-Test-1.0.0] [DEBUG] [Incision][DEBUG] weave inject top/maplex/incisiontest/fixture/ComplexOpcodeFixture.multiFieldPut()I kinds=[LEAD] static=false
[15:23:22 INFO]: [Incision-Test-1.0.0] [DEBUG] [Incision][DEBUG] weave inject top/maplex/incisiontest/fixture/ComplexOpcodeFixture.loadStrings()Ljava/lang/String; kinds=[LEAD] static=false
[15:23:22 INFO]: [Incision-Test-1.0.0] [DEBUG] [Incision][DEBUG] weave inject top/maplex/incisiontest/fixture/ComplexOpcodeFixture.buildBuffer()Ljava/lang/String; kinds=[LEAD] static=false
[15:23:22 INFO]: [Incision-Test-1.0.0] [DEBUG] [Incision][DEBUG] weave inject top/maplex/incisiontest/fixture/ComplexOpcodeFixture.arithmetic(I)I kinds=[LEAD] static=false
[15:23:22 INFO]: [Incision-Test-1.0.0] [DEBUG] [Incision][DEBUG] weave inject top/maplex/incisiontest/fixture/ComplexOpcodeFixture.chainInvoke()I kinds=[GRAFT] static=false
[15:23:22 INFO]: [Incision-Test-1.0.0] [DEBUG] [Incision][DEBUG] JvmtiBackend.onClassFileLoad: top/maplex/incisiontest/fixture/ComplexOpcodeFixture → changed=true (6375 bytes)
[15:23:22 INFO]: [Incision-Test-1.0.0] [DEBUG] [Incision][DEBUG] JvmtiBackend.retransform top.maplex.incisiontest.fixture.ComplexOpcodeFixture → true (loaded=1 transformed=1)
[15:23:22 INFO]: [Incision-Test-1.0.0] [DEBUG] [Incision][DEBUG] JvmtiBackend.onClassFileLoad: ink/ptms/adyeshach/impl/DefaultAdyeshachAPI (0 transformers, 20238 bytes)
[15:23:22 INFO]: [Incision-Test-1.0.0] [DEBUG] [Incision][DEBUG] JvmtiBackend.onClassFileLoad: ink/ptms/adyeshach/impl/DefaultAdyeshachAPI → changed=false (20238 bytes)
[15:23:22 INFO]: [Incision-Test-1.0.0] [DEBUG] [Incision][DEBUG] JvmtiBackend.retransform ink.ptms.adyeshach.impl.DefaultAdyeshachAPI → true (loaded=1 transformed=1)
[15:23:22 INFO]: [Incision-Test-1.0.0] [DEBUG] [Incision][DEBUG] JvmtiBackend.onClassFileLoad: top/maplex/incisiontest/fixture/ComplexOpcodeFixture (1 transformers, 4983 bytes)
[15:23:22 INFO]: [Incision-Test-1.0.0] [DEBUG] [Incision][DEBUG] weave inject top/maplex/incisiontest/fixture/ComplexOpcodeFixture.branch(Z)I kinds=[LEAD] static=false
[15:23:22 INFO]: [Incision-Test-1.0.0] [DEBUG] [Incision][DEBUG] weave inject top/maplex/incisiontest/fixture/ComplexOpcodeFixture.arrays()I kinds=[LEAD] static=false
[15:23:22 INFO]: [Incision-Test-1.0.0] [DEBUG] [Incision][DEBUG] weave inject top/maplex/incisiontest/fixture/ComplexOpcodeFixture.touchFields()I kinds=[LEAD] static=false
[15:23:22 INFO]: [Incision-Test-1.0.0] [DEBUG] [Incision][DEBUG] weave inject top/maplex/incisiontest/fixture/ComplexOpcodeFixture.multiFieldPut()I kinds=[LEAD] static=false
[15:23:22 INFO]: [Incision-Test-1.0.0] [DEBUG] [Incision][DEBUG] weave inject top/maplex/incisiontest/fixture/ComplexOpcodeFixture.loadStrings()Ljava/lang/String; kinds=[LEAD] static=false
[15:23:22 INFO]: [Incision-Test-1.0.0] [DEBUG] [Incision][DEBUG] weave inject top/maplex/incisiontest/fixture/ComplexOpcodeFixture.buildBuffer()Ljava/lang/String; kinds=[LEAD] static=false
[15:23:22 INFO]: [Incision-Test-1.0.0] [DEBUG] [Incision][DEBUG] weave inject top/maplex/incisiontest/fixture/ComplexOpcodeFixture.chainInvoke()I kinds=[GRAFT] static=false
[15:23:22 INFO]: [Incision-Test-1.0.0] [DEBUG] [Incision][DEBUG] JvmtiBackend.onClassFileLoad: top/maplex/incisiontest/fixture/ComplexOpcodeFixture → changed=true (6239 bytes)
[15:23:22 INFO]: [Incision-Test-1.0.0] [DEBUG] [Incision][DEBUG] JvmtiBackend.retransform top.maplex.incisiontest.fixture.ComplexOpcodeFixture → true (loaded=1 transformed=1)
[15:23:22 INFO]: [Incision-Test-1.0.0] [DEBUG] [Incision][DEBUG] JvmtiBackend.onClassFileLoad: top/maplex/incisiontest/fixture/ComplexOpcodeFixture (1 transformers, 4983 bytes)
[15:23:22 INFO]: [Incision-Test-1.0.0] [DEBUG] [Incision][DEBUG] weave inject top/maplex/incisiontest/fixture/ComplexOpcodeFixture.arrays()I kinds=[LEAD] static=false
[15:23:22 INFO]: [Incision-Test-1.0.0] [DEBUG] [Incision][DEBUG] weave inject top/maplex/incisiontest/fixture/ComplexOpcodeFixture.touchFields()I kinds=[LEAD] static=false
[15:23:22 INFO]: [Incision-Test-1.0.0] [DEBUG] [Incision][DEBUG] weave inject top/maplex/incisiontest/fixture/ComplexOpcodeFixture.multiFieldPut()I kinds=[LEAD] static=false
[15:23:22 INFO]: [Incision-Test-1.0.0] [DEBUG] [Incision][DEBUG] weave inject top/maplex/incisiontest/fixture/ComplexOpcodeFixture.loadStrings()Ljava/lang/String; kinds=[LEAD] static=false
[15:23:22 INFO]: [Incision-Test-1.0.0] [DEBUG] [Incision][DEBUG] weave inject top/maplex/incisiontest/fixture/ComplexOpcodeFixture.buildBuffer()Ljava/lang/String; kinds=[LEAD] static=false
[15:23:22 INFO]: [Incision-Test-1.0.0] [DEBUG] [Incision][DEBUG] weave inject top/maplex/incisiontest/fixture/ComplexOpcodeFixture.chainInvoke()I kinds=[GRAFT] static=false
[15:23:22 INFO]: [Incision-Test-1.0.0] [DEBUG] [Incision][DEBUG] JvmtiBackend.onClassFileLoad: top/maplex/incisiontest/fixture/ComplexOpcodeFixture → changed=true (6100 bytes)
[15:23:22 INFO]: [Incision-Test-1.0.0] [DEBUG] [Incision][DEBUG] JvmtiBackend.retransform top.maplex.incisiontest.fixture.ComplexOpcodeFixture → true (loaded=1 transformed=1)
[15:23:22 INFO]: [Incision-Test-1.0.0] [DEBUG] [Incision][DEBUG] JvmtiBackend.onClassFileLoad: top/maplex/incisiontest/fixture/ComplexOpcodeFixture (1 transformers, 4983 bytes)
[15:23:22 INFO]: [Incision-Test-1.0.0] [DEBUG] [Incision][DEBUG] weave inject top/maplex/incisiontest/fixture/ComplexOpcodeFixture.arrays()I kinds=[LEAD] static=false
[15:23:22 INFO]: [Incision-Test-1.0.0] [DEBUG] [Incision][DEBUG] weave inject top/maplex/incisiontest/fixture/ComplexOpcodeFixture.touchFields()I kinds=[LEAD] static=false
[15:23:22 INFO]: [Incision-Test-1.0.0] [DEBUG] [Incision][DEBUG] weave inject top/maplex/incisiontest/fixture/ComplexOpcodeFixture.multiFieldPut()I kinds=[LEAD] static=false
[15:23:22 INFO]: [Incision-Test-1.0.0] [DEBUG] [Incision][DEBUG] weave inject top/maplex/incisiontest/fixture/ComplexOpcodeFixture.buildBuffer()Ljava/lang/String; kinds=[LEAD] static=false
[15:23:22 INFO]: [Incision-Test-1.0.0] [DEBUG] [Incision][DEBUG] weave inject top/maplex/incisiontest/fixture/ComplexOpcodeFixture.chainInvoke()I kinds=[GRAFT] static=false
[15:23:22 INFO]: [Incision-Test-1.0.0] [DEBUG] [Incision][DEBUG] JvmtiBackend.onClassFileLoad: top/maplex/incisiontest/fixture/ComplexOpcodeFixture → changed=true (5992 bytes)
[15:23:22 INFO]: [Incision-Test-1.0.0] [DEBUG] [Incision][DEBUG] JvmtiBackend.retransform top.maplex.incisiontest.fixture.ComplexOpcodeFixture → true (loaded=1 transformed=1)
[15:23:22 INFO]: [Incision-Test-1.0.0] [DEBUG] [Incision][DEBUG] JvmtiBackend.onClassFileLoad: top/maplex/incisiontest/fixture/ComplexOpcodeFixture (1 transformers, 4983 bytes)
[15:23:22 INFO]: [Incision-Test-1.0.0] [DEBUG] [Incision][DEBUG] weave inject top/maplex/incisiontest/fixture/ComplexOpcodeFixture.arrays()I kinds=[LEAD] static=false
[15:23:22 INFO]: [Incision-Test-1.0.0] [DEBUG] [Incision][DEBUG] weave inject top/maplex/incisiontest/fixture/ComplexOpcodeFixture.touchFields()I kinds=[LEAD] static=false
[15:23:22 INFO]: [Incision-Test-1.0.0] [DEBUG] [Incision][DEBUG] weave inject top/maplex/incisiontest/fixture/ComplexOpcodeFixture.multiFieldPut()I kinds=[LEAD] static=false
[15:23:22 INFO]: [Incision-Test-1.0.0] [DEBUG] [Incision][DEBUG] weave inject top/maplex/incisiontest/fixture/ComplexOpcodeFixture.buildBuffer()Ljava/lang/String; kinds=[LEAD] static=false
[15:23:22 INFO]: [Incision-Test-1.0.0] [DEBUG] [Incision][DEBUG] weave inject top/maplex/incisiontest/fixture/ComplexOpcodeFixture.chainInvoke()I kinds=[GRAFT] static=false
[15:23:22 INFO]: [Incision-Test-1.0.0] [DEBUG] [Incision][DEBUG] JvmtiBackend.onClassFileLoad: top/maplex/incisiontest/fixture/ComplexOpcodeFixture → changed=true (5755 bytes)
[15:23:22 INFO]: [Incision-Test-1.0.0] [DEBUG] [Incision][DEBUG] JvmtiBackend.retransform top.maplex.incisiontest.fixture.ComplexOpcodeFixture → true (loaded=1 transformed=1)
[15:23:22 INFO]: [Incision-Test-1.0.0] [DEBUG] [Incision][DEBUG] JvmtiBackend.onClassFileLoad: top/maplex/incisiontest/fixture/ComplexOpcodeFixture (1 transformers, 4983 bytes)
[15:23:22 INFO]: [Incision-Test-1.0.0] [DEBUG] [Incision][DEBUG] weave inject top/maplex/incisiontest/fixture/ComplexOpcodeFixture.arrays()I kinds=[LEAD] static=false
[15:23:22 INFO]: [Incision-Test-1.0.0] [DEBUG] [Incision][DEBUG] weave inject top/maplex/incisiontest/fixture/ComplexOpcodeFixture.touchFields()I kinds=[LEAD] static=false
[15:23:22 INFO]: [Incision-Test-1.0.0] [DEBUG] [Incision][DEBUG] weave inject top/maplex/incisiontest/fixture/ComplexOpcodeFixture.multiFieldPut()I kinds=[LEAD] static=false
[15:23:22 INFO]: [Incision-Test-1.0.0] [DEBUG] [Incision][DEBUG] weave inject top/maplex/incisiontest/fixture/ComplexOpcodeFixture.buildBuffer()Ljava/lang/String; kinds=[LEAD] static=false
[15:23:22 INFO]: [Incision-Test-1.0.0] [DEBUG] [Incision][DEBUG] weave inject top/maplex/incisiontest/fixture/ComplexOpcodeFixture.chainInvoke()I kinds=[GRAFT] static=false
[15:23:22 INFO]: [Incision-Test-1.0.0] [DEBUG] [Incision][DEBUG] JvmtiBackend.onClassFileLoad: top/maplex/incisiontest/fixture/ComplexOpcodeFixture → changed=true (5755 bytes)
[15:23:22 INFO]: [Incision-Test-1.0.0] [DEBUG] [Incision][DEBUG] JvmtiBackend.retransform top.maplex.incisiontest.fixture.ComplexOpcodeFixture → true (loaded=1 transformed=1)
[15:23:22 INFO]: [Incision-Test-1.0.0] [DEBUG] [Incision][DEBUG] JvmtiBackend.onClassFileLoad: ink/ptms/adyeshach/impl/nms/DefaultMinecraftHelper (1 transformers, 18510 bytes)
[15:23:22 INFO]: [Incision-Test-1.0.0] [DEBUG] [Incision][DEBUG] weave inject ink/ptms/adyeshach/impl/nms/DefaultMinecraftHelper.literalChatBaseComponent(Ljava/lang/String;)Ljava/lang/Object; kinds=[LEAD] static=false
[15:23:22 INFO]: [Incision-Test-1.0.0] [DEBUG] [Incision][DEBUG] JvmtiBackend.onClassFileLoad: ink/ptms/adyeshach/impl/nms/DefaultMinecraftHelper → changed=true (18813 bytes)
[15:23:23 INFO]: [Incision-Test-1.0.0] [DEBUG] [Incision][DEBUG] JvmtiBackend.retransform ink.ptms.adyeshach.impl.nms.DefaultMinecraftHelper → true (loaded=1 transformed=1)
[15:23:23 INFO]: [Incision-Test-1.0.0] [DEBUG] [Incision][DEBUG] JvmtiBackend.onClassFileLoad: top/maplex/incisiontest/fixture/ComplexOpcodeFixture (1 transformers, 4983 bytes)
[15:23:23 INFO]: [Incision-Test-1.0.0] [DEBUG] [Incision][DEBUG] weave inject top/maplex/incisiontest/fixture/ComplexOpcodeFixture.arrays()I kinds=[LEAD] static=false
[15:23:23 INFO]: [Incision-Test-1.0.0] [DEBUG] [Incision][DEBUG] weave inject top/maplex/incisiontest/fixture/ComplexOpcodeFixture.touchFields()I kinds=[LEAD] static=false
[15:23:23 INFO]: [Incision-Test-1.0.0] [DEBUG] [Incision][DEBUG] weave inject top/maplex/incisiontest/fixture/ComplexOpcodeFixture.multiFieldPut()I kinds=[LEAD] static=false
[15:23:23 INFO]: [Incision-Test-1.0.0] [DEBUG] [Incision][DEBUG] weave inject top/maplex/incisiontest/fixture/ComplexOpcodeFixture.buildBuffer()Ljava/lang/String; kinds=[LEAD] static=false
[15:23:23 INFO]: [Incision-Test-1.0.0] [DEBUG] [Incision][DEBUG] weave inject top/maplex/incisiontest/fixture/ComplexOpcodeFixture.chainInvoke()I kinds=[GRAFT] static=false
[15:23:23 INFO]: [Incision-Test-1.0.0] [DEBUG] [Incision][DEBUG] JvmtiBackend.onClassFileLoad: top/maplex/incisiontest/fixture/ComplexOpcodeFixture → changed=true (5755 bytes)
[15:23:23 INFO]: [Incision-Test-1.0.0] [DEBUG] [Incision][DEBUG] JvmtiBackend.retransform top.maplex.incisiontest.fixture.ComplexOpcodeFixture → true (loaded=1 transformed=1)
[15:23:23 INFO]: [Incision-Test-1.0.0] [DEBUG] [Incision][DEBUG] JvmtiBackend.onClassFileLoad: ink/ptms/adyeshach/impl/nms/DefaultMinecraftHelper (0 transformers, 18510 bytes)
[15:23:23 INFO]: [Incision-Test-1.0.0] [DEBUG] [Incision][DEBUG] JvmtiBackend.onClassFileLoad: ink/ptms/adyeshach/impl/nms/DefaultMinecraftHelper → changed=false (18510 bytes)
[15:23:23 INFO]: [Incision-Test-1.0.0] [DEBUG] [Incision][DEBUG] JvmtiBackend.retransform ink.ptms.adyeshach.impl.nms.DefaultMinecraftHelper → true (loaded=1 transformed=1)
[15:23:23 INFO]: [Incision-Test-1.0.0] [DEBUG] [Incision][DEBUG] JvmtiBackend.onClassFileLoad: top/maplex/incisiontest/fixture/ComplexOpcodeFixture (1 transformers, 4983 bytes)
[15:23:23 INFO]: [Incision-Test-1.0.0] [DEBUG] [Incision][DEBUG] weave inject top/maplex/incisiontest/fixture/ComplexOpcodeFixture.arrays()I kinds=[LEAD] static=false
[15:23:23 INFO]: [Incision-Test-1.0.0] [DEBUG] [Incision][DEBUG] weave inject top/maplex/incisiontest/fixture/ComplexOpcodeFixture.touchFields()I kinds=[LEAD] static=false
[15:23:23 INFO]: [Incision-Test-1.0.0] [DEBUG] [Incision][DEBUG] weave inject top/maplex/incisiontest/fixture/ComplexOpcodeFixture.multiFieldPut()I kinds=[LEAD] static=false
[15:23:23 INFO]: [Incision-Test-1.0.0] [DEBUG] [Incision][DEBUG] weave inject top/maplex/incisiontest/fixture/ComplexOpcodeFixture.buildBuffer()Ljava/lang/String; kinds=[LEAD] static=false
[15:23:23 INFO]: [Incision-Test-1.0.0] [DEBUG] [Incision][DEBUG] weave inject top/maplex/incisiontest/fixture/ComplexOpcodeFixture.chainInvoke()I kinds=[GRAFT] static=false
[15:23:23 INFO]: [Incision-Test-1.0.0] [DEBUG] [Incision][DEBUG] JvmtiBackend.onClassFileLoad: top/maplex/incisiontest/fixture/ComplexOpcodeFixture → changed=true (5755 bytes)
[15:23:23 INFO]: [Incision-Test-1.0.0] [DEBUG] [Incision][DEBUG] JvmtiBackend.retransform top.maplex.incisiontest.fixture.ComplexOpcodeFixture → true (loaded=1 transformed=1)
[15:23:23 INFO]: [Incision-Test-1.0.0] [DEBUG] [Incision][DEBUG] JvmtiBackend.onClassFileLoad: top/maplex/incisiontest/fixture/PerformanceFixture (0 transformers, 1401 bytes)
[15:23:23 INFO]: [Incision-Test-1.0.0] [DEBUG] [Incision][DEBUG] JvmtiBackend.onClassFileLoad: top/maplex/incisiontest/fixture/PerformanceFixture → changed=false (1401 bytes)
[15:23:23 INFO]: [Incision-Test-1.0.0] [DEBUG] [Incision][DEBUG] JvmtiBackend.retransform top.maplex.incisiontest.fixture.PerformanceFixture → true (loaded=1 transformed=1)
[15:23:23 INFO]: [Incision-Test-1.0.0] [DEBUG] [Incision][DEBUG] JvmtiBackend.onClassFileLoad: net/minecraft/server/v1_16_R3/MinecraftServer (0 transformers, 98228 bytes)
[15:23:23 INFO]: [Incision-Test-1.0.0] [DEBUG] [Incision][DEBUG] JvmtiBackend.onClassFileLoad: net/minecraft/server/v1_16_R3/MinecraftServer → changed=false (98228 bytes)
[15:23:23 INFO]: [Incision-Test-1.0.0] [DEBUG] [Incision][DEBUG] JvmtiBackend.retransform net.minecraft.server.v1_16_R3.MinecraftServer → true (loaded=1 transformed=1)
[15:23:23 INFO]: [Incision-Test-1.0.0] [DEBUG] [Incision][DEBUG] JvmtiBackend.onClassFileLoad: top/maplex/incisiontest/fixture/ComplexOpcodeFixture (1 transformers, 4983 bytes)
[15:23:23 INFO]: [Incision-Test-1.0.0] [DEBUG] [Incision][DEBUG] weave inject top/maplex/incisiontest/fixture/ComplexOpcodeFixture.arrays()I kinds=[LEAD] static=false
[15:23:23 INFO]: [Incision-Test-1.0.0] [DEBUG] [Incision][DEBUG] weave inject top/maplex/incisiontest/fixture/ComplexOpcodeFixture.touchFields()I kinds=[LEAD] static=false
[15:23:23 INFO]: [Incision-Test-1.0.0] [DEBUG] [Incision][DEBUG] weave inject top/maplex/incisiontest/fixture/ComplexOpcodeFixture.buildBuffer()Ljava/lang/String; kinds=[LEAD] static=false
[15:23:23 INFO]: [Incision-Test-1.0.0] [DEBUG] [Incision][DEBUG] weave inject top/maplex/incisiontest/fixture/ComplexOpcodeFixture.chainInvoke()I kinds=[GRAFT] static=false
[15:23:23 INFO]: [Incision-Test-1.0.0] [DEBUG] [Incision][DEBUG] JvmtiBackend.onClassFileLoad: top/maplex/incisiontest/fixture/ComplexOpcodeFixture → changed=true (5662 bytes)
[15:23:23 INFO]: [Incision-Test-1.0.0] [DEBUG] [Incision][DEBUG] JvmtiBackend.retransform top.maplex.incisiontest.fixture.ComplexOpcodeFixture → true (loaded=1 transformed=1)
[15:23:23 INFO]: [Incision-Test-1.0.0] [DEBUG] [Incision][DEBUG] JvmtiBackend.onClassFileLoad: top/maplex/incisiontest/fixture/ComplexOpcodeFixture (1 transformers, 4983 bytes)
[15:23:23 INFO]: [Incision-Test-1.0.0] [DEBUG] [Incision][DEBUG] weave inject top/maplex/incisiontest/fixture/ComplexOpcodeFixture.arrays()I kinds=[LEAD] static=false
[15:23:23 INFO]: [Incision-Test-1.0.0] [DEBUG] [Incision][DEBUG] weave inject top/maplex/incisiontest/fixture/ComplexOpcodeFixture.touchFields()I kinds=[LEAD] static=false
[15:23:23 INFO]: [Incision-Test-1.0.0] [DEBUG] [Incision][DEBUG] weave inject top/maplex/incisiontest/fixture/ComplexOpcodeFixture.buildBuffer()Ljava/lang/String; kinds=[LEAD] static=false
[15:23:23 INFO]: [Incision-Test-1.0.0] [DEBUG] [Incision][DEBUG] JvmtiBackend.onClassFileLoad: top/maplex/incisiontest/fixture/ComplexOpcodeFixture → changed=true (5429 bytes)
[15:23:23 INFO]: [Incision-Test-1.0.0] [DEBUG] [Incision][DEBUG] JvmtiBackend.retransform top.maplex.incisiontest.fixture.ComplexOpcodeFixture → true (loaded=1 transformed=1)
[15:23:23 INFO]: [Incision-Test-1.0.0] [DEBUG] [Incision][DEBUG] JvmtiBackend.onClassFileLoad: top/maplex/incisiontest/fixture/ComplexOpcodeFixture (1 transformers, 4983 bytes)
[15:23:23 INFO]: [Incision-Test-1.0.0] [DEBUG] [Incision][DEBUG] weave inject top/maplex/incisiontest/fixture/ComplexOpcodeFixture.arrays()I kinds=[LEAD] static=false
[15:23:23 INFO]: [Incision-Test-1.0.0] [DEBUG] [Incision][DEBUG] weave inject top/maplex/incisiontest/fixture/ComplexOpcodeFixture.touchFields()I kinds=[LEAD] static=false
[15:23:23 INFO]: [Incision-Test-1.0.0] [DEBUG] [Incision][DEBUG] JvmtiBackend.onClassFileLoad: top/maplex/incisiontest/fixture/ComplexOpcodeFixture → changed=true (5321 bytes)
[15:23:23 INFO]: [Incision-Test-1.0.0] [DEBUG] [Incision][DEBUG] JvmtiBackend.retransform top.maplex.incisiontest.fixture.ComplexOpcodeFixture → true (loaded=1 transformed=1)
[15:23:23 INFO]: [Incision-Test-1.0.0] [DEBUG] [Incision][DEBUG] JvmtiBackend.onClassFileLoad: top/maplex/incisiontest/fixture/ComplexOpcodeFixture (1 transformers, 4983 bytes)
[15:23:23 INFO]: [Incision-Test-1.0.0] [DEBUG] [Incision][DEBUG] weave inject top/maplex/incisiontest/fixture/ComplexOpcodeFixture.arrays()I kinds=[LEAD] static=false
[15:23:23 INFO]: [Incision-Test-1.0.0] [DEBUG] [Incision][DEBUG] JvmtiBackend.onClassFileLoad: top/maplex/incisiontest/fixture/ComplexOpcodeFixture → changed=true (5230 bytes)
[15:23:23 INFO]: [Incision-Test-1.0.0] [DEBUG] [Incision][DEBUG] JvmtiBackend.retransform top.maplex.incisiontest.fixture.ComplexOpcodeFixture → true (loaded=1 transformed=1)
[15:23:23 INFO]: [Incision-Test-1.0.0] [DEBUG] [Incision][DEBUG] JvmtiBackend.onClassFileLoad: top/maplex/incisiontest/fixture/ComplexOpcodeFixture (0 transformers, 4983 bytes)
[15:23:23 INFO]: [Incision-Test-1.0.0] [DEBUG] [Incision][DEBUG] JvmtiBackend.onClassFileLoad: top/maplex/incisiontest/fixture/ComplexOpcodeFixture → changed=false (4983 bytes)
[15:23:23 INFO]: [Incision-Test-1.0.0] [DEBUG] [Incision][DEBUG] JvmtiBackend.retransform top.maplex.incisiontest.fixture.ComplexOpcodeFixture → true (loaded=1 transformed=1)
[15:23:23 INFO]: [Incision-Test-1.0.0] [DEBUG] injectAll(DISABLE): 201 个类, 用时 4,209 毫秒
[15:23:23 INFO]: [Incision-Test-1.0.0] [DEBUG]   - ClassVisitorAwake: 4,209 毫秒
[15:23:23 INFO]: [Incision-Test-1.0.0] [DEBUG] 生命周期 "DISABLE" 用时 4,209 毫秒。
[15:23:23 INFO]: [Adyeshach] Disabling Adyeshach v2.1.30
[15:23:23 INFO]: Saving players
[15:23:23 INFO]: Saving worlds
[15:23:23 INFO]: Saving chunks for level 'ServerLevel[world]'/minecraft:overworld
[15:23:23 INFO]: ThreadedAnvilChunkStorage (world): All chunks are saved
[15:23:23 INFO]: Saving chunks for level 'ServerLevel[world_nether]'/minecraft:the_nether
[15:23:24 INFO]: ThreadedAnvilChunkStorage (DIM-1): All chunks are saved
[15:23:24 INFO]: Saving chunks for level 'ServerLevel[world_the_end]'/minecraft:the_end
[15:23:24 INFO]: ThreadedAnvilChunkStorage (DIM1): All chunks are saved
[15:23:24 INFO]: ThreadedAnvilChunkStorage (world): All chunks are saved
[15:23:24 INFO]: ThreadedAnvilChunkStorage (DIM-1): All chunks are saved
[15:23:24 INFO]: ThreadedAnvilChunkStorage (DIM1): All chunks are saved
[15:23:24 INFO]: Flushing Chunk IO
[15:23:24 INFO]: Closing Thread Pool
[15:23:24 INFO]: Closing Server
