
Unbundling libraries to E:\Minecraft-Server\incisionTest\run-26.1.2-spigot\bundler
Starting server
*** Error, this build is outdated ***
*** Please download a new build as per instructions from https://www.spigotmc.org/go/outdated-spigot ***
*** Server will start in 20 seconds ***
Loading libraries, please wait...
WARNING: A restricted method in java.lang.System has been called
WARNING: java.lang.System::load has been called by com.sun.jna.Native in an unnamed module (file:/E:/Minecraft-Server/incisionTest/run-26.1.2-spigot/bundler/libraries/jna-5.17.0.jar)
WARNING: Use --enable-native-access=ALL-UNNAMED to avoid a warning for callers in this module
WARNING: Restricted methods will be blocked in a future release unless native access is enabled

WARNING: A terminally deprecated method in sun.misc.Unsafe has been called
WARNING: sun.misc.Unsafe::objectFieldOffset has been called by org.joml.MemUtil$MemUtilUnsafe (file:/E:/Minecraft-Server/incisionTest/run-26.1.2-spigot/bundler/libraries/joml-1.10.8.jar)
WARNING: Please consider reporting this to the maintainers of class org.joml.MemUtil$MemUtilUnsafe
WARNING: sun.misc.Unsafe::objectFieldOffset will be removed in a future release
[15:28:54] [ServerMain/INFO]: Environment: Environment[sessionHost=https://sessionserver.mojang.com, servicesHost=https://api.minecraftservices.com, profilesHost=https://api.mojang.com, name=PROD]
[15:28:55] [ServerMain/INFO]: Loaded 1515 recipes
[15:28:54] [ServerMain/INFO]: Environment: Environment[sessionHost=https://sessionserver.mojang.com, servicesHost=https://api.minecraftservices.com, profilesHost=https://api.mojang.com, name=PROD]
[15:28:55] [ServerMain/INFO]: Loaded 1515 recipes
[15:28:55] [Server thread/INFO]: Starting minecraft server version 26.1.2
[15:28:55] [Server thread/INFO]: Loading properties
[15:28:55] [Server thread/INFO]: This server is running Spigot version 4620-Spigot-566f972-3347052 (MC: 26.1.2) (Implementing API version 26.1.2-R0.1-SNAPSHOT)
[15:28:55] [Server thread/INFO]: *** This version of Spigot contains changes to some enums. If you notice that plugins no longer work after updating, please report this to the developers of those plugins first. ***
[15:28:55] [Server thread/INFO]: *** If you cannot update those plugins, you can try setting `settings.compatibility.enum-compatibility-mode` to `true` in `bukkit.yml`. ***
[15:28:55] [Server thread/INFO]: Debug logging is disabled
[15:28:55] [Server thread/INFO]: Server Ping Player Sample Count: 12
[15:28:55] [Server thread/INFO]: Using 4 threads for Netty based IO
[15:28:55] [Server thread/INFO]: Default game type: SURVIVAL
[15:28:55] [Server thread/INFO]: Generating keypair
[15:28:55] [Server thread/INFO]: Starting Minecraft server on *:25565
[15:28:55] [ForkJoinPool.commonPool-worker-12/INFO]: [Adyeshach] Generate MinecraftHelper in 20ms
[15:28:56] [ForkJoinPool.commonPool-worker-12/INFO]: [Adyeshach] Generate MinecraftEntitySpawner in 12ms
[15:28:56] [ForkJoinPool.commonPool-worker-12/INFO]: [Adyeshach] Generate MinecraftEntityOperator in 9ms
[15:28:56] [Server thread/INFO]: [DEBUG] 当前以调试模式运行。
[15:28:56] [Server thread/INFO]: [DEBUG] 基础依赖加载完成，用时 225 毫秒。
[15:28:56] [Server thread/INFO]: 正在下载依赖 io.izzel.taboolib:common-env:6.3.0-local-dev
[15:28:56] [Server thread/INFO]: [DEBUG] 从 common-env-6.3.0-local-dev-fae78078.jar 中加载 extra.properties 配置
[15:28:56] [Server thread/INFO]: [DEBUG] RuntimeEnv 加载完成，用时 24 毫秒。
[15:28:56] [Server thread/INFO]: [DEBUG]  = 调用 top.maplex.incisiontest.taboolib.common.env.RuntimeEnv.init()
[15:28:56] [Server thread/INFO]: 正在下载依赖 io.izzel.taboolib:common-util:6.3.0-local-dev
[15:28:56] [Server thread/INFO]: [DEBUG] 从 common-util-6.3.0-local-dev-55516d5b.jar 中加载 extra.properties 配置
[15:28:56] [Server thread/INFO]: [DEBUG] ClassVisitorHandler 初始化完成。
[15:28:56] [Server thread/INFO]: [DEBUG]  = 调用 top.maplex.incisiontest.taboolib.common.inject.ClassVisitorHandler.init()
[15:28:56] [Server thread/INFO]: [DEBUG]  = 调用 top.maplex.incisiontest.taboolib.common.io.ProjectScannerKt.init()
[15:28:56] [Server thread/INFO]: 正在下载依赖 io.izzel.taboolib:common-legacy-api:6.3.0-local-dev
[15:28:56] [Server thread/INFO]: 正在下载依赖 io.izzel.taboolib:common-platform-api:6.3.0-local-dev
[15:28:56] [Server thread/INFO]: [DEBUG] 从 common-platform-api-6.3.0-local-dev-4f1aa33f.jar 中加载 extra.properties 配置
[15:28:56] [Server thread/INFO]: [DEBUG]  = 调用 top.maplex.incisiontest.taboolib.common.platform.PlatformFactory.init()
[15:28:56] [Server thread/INFO]: 正在下载依赖 io.izzel.taboolib:bukkit-xseries:6.3.0-local-dev
[15:28:56] [Server thread/INFO]: 正在下载依赖 io.izzel.taboolib:bukkit-nms:6.3.0-local-dev
[15:28:56] [Server thread/INFO]: [DEBUG] 从 bukkit-nms-6.3.0-local-dev-3d7d438f.jar 中加载 extra.properties 配置
[15:28:56] [Server thread/INFO]: [DEBUG] PaperClassFinder 已生效。
[15:28:56] [Server thread/INFO]: [DEBUG]  = 调用 top.maplex.incisiontest.taboolib.module.nms.MeteorReflection.init()
[15:28:56] [Server thread/INFO]: 正在下载依赖 io.izzel.taboolib:bukkit-ui:6.3.0-local-dev
[15:28:56] [Server thread/INFO]: 正在下载依赖 io.izzel.taboolib:bukkit-nms-stable:6.3.0-local-dev
[15:28:56] [Server thread/INFO]: 正在下载依赖 io.izzel.taboolib:minecraft-kether:6.3.0-local-dev
[15:28:56] [Server thread/INFO]: 正在下载依赖 io.izzel.taboolib:platform-bukkit-impl:6.3.0-local-dev
[15:28:57] [Server thread/INFO]: 正在下载依赖 io.izzel.taboolib:bukkit-hook:6.3.0-local-dev
[15:28:57] [Server thread/INFO]: 正在下载依赖 io.izzel.taboolib:bukkit-ui-legacy:6.3.0-local-dev
[15:28:57] [Server thread/INFO]: 正在下载依赖 io.izzel.taboolib:database:6.3.0-local-dev
[15:28:57] [Server thread/INFO]: 正在下载依赖 io.izzel.taboolib:bukkit-nms-legacy:6.3.0-local-dev
[15:28:57] [Server thread/INFO]: 正在下载依赖 io.izzel.taboolib:bukkit-nms-tag:6.3.0-local-dev
[15:28:57] [Server thread/INFO]: 正在下载依赖 io.izzel.taboolib:bukkit-ui-12100:6.3.0-local-dev
[15:28:57] [Server thread/INFO]: 正在下载依赖 io.izzel.taboolib:platform-bukkit:6.3.0-local-dev
[15:28:57] [Server thread/INFO]: 正在下载依赖 io.izzel.taboolib:bukkit-nms-tag-modern:6.3.0-local-dev
[15:28:57] [Server thread/INFO]: 正在下载依赖 io.izzel.taboolib:bukkit-nms-tag-legacy:6.3.0-local-dev
[15:28:57] [Server thread/INFO]: 正在下载依赖 io.izzel.taboolib:minecraft-command-helper:6.3.0-local-dev
[15:28:57] [Server thread/INFO]: 正在下载依赖 io.izzel.taboolib:incision:6.3.0-local-dev
[15:28:57] [Server thread/INFO]: 正在下载依赖 io.izzel.taboolib:bukkit-util:6.3.0-local-dev
[15:28:57] [Server thread/INFO]: 正在下载依赖 io.izzel.taboolib:minecraft-i18n:6.3.0-local-dev
[15:28:57] [Server thread/INFO]: 正在下载依赖 io.izzel.taboolib:basic-configuration:6.3.0-local-dev
[15:28:57] [Server thread/INFO]: 正在下载依赖 io.izzel.taboolib:basic-submit-chain:6.3.0-local-dev
[15:28:57] [Server thread/INFO]: 正在下载依赖 io.izzel.taboolib:minecraft-chat:6.3.0-local-dev
[15:28:57] [Server thread/INFO]: [DEBUG] 所有依赖加载完成，用时 1,119 毫秒。
[15:28:57] [Server thread/INFO]: [DEBUG] ProjectScanner 扫描到 526 个类，用时 29 毫秒。
[15:28:57] [Server thread/INFO]: [DEBUG] ClassVisitor 第一阶段过滤: 2,739 -> 1,200 个候选类，用时 6 毫秒。
[15:28:57] [Server thread/INFO]: [DEBUG] ClassVisitor 第二阶段过滤: 1,200 -> 201 个有效类，用时 2 毫秒。
[15:28:57] [Server thread/INFO]: [DEBUG] ClassVisitor 总用时 45 毫秒。
[15:28:57] [Server thread/INFO]: [DEBUG] RunningClasses (All)            : 2,739
[15:28:57] [Server thread/INFO]: [DEBUG] RunningClasses (Jar)            : 526
[15:28:57] [Server thread/INFO]: [DEBUG] RunningClasses (Included)       : 201
[15:28:57] [Server thread/WARN]: [Incision-Test] Loaded class org.slf4j_2_0_8.LoggerFactory from Adyeshach v2.1.30 which is not a depend or softdepend of this plugin.
[15:28:57] [Server thread/INFO]: [DEBUG] [Incision][DEBUG] asm-tree probe: loader=org.bukkit.plugin.java.PluginClassLoader core=file:/E:/Minecraft-Server/incisionTest/run-26.1.2-spigot/cache/taboolib/top.maplex.incisiontest/asm-9.8-bc746a17.jar tree=file:/E:/Minecraft-Server/incisionTest/run-26.1.2-spigot/cache/taboolib/top.maplex.incisiontest/asm-tree-9.8-9faf6fa8.jar
[15:28:57] [Server thread/INFO]: [DEBUG] [Incision][DEBUG] asm-tree probe OK: name=top/maplex/incisiontest/taboolib/module/incision/IncisionBootstrap methods=8
[15:28:57] [Server thread/INFO]: [Incision] TabooLibNmsResolver 已启用: nms=UNKNOWN,unobf=true,uniCB=true,mojang=true,impl=RemapTranslationUnobfuscated
[15:28:57] [Server thread/INFO]: [Incision] JvmtiBackend: JVMTI native loaded from C:\Users\ADMINI~1\AppData\Local\Temp\incision-native\incision-jvmti-e6191845.dll
[15:28:57] [Server thread/INFO]: [DEBUG] [Incision][DEBUG] JvmtiBackend.defineClass: io.izzel.incision.bridge.IncisionBridge in bootstrap
[15:28:57] [Server thread/INFO]: [Incision] IncisionBridge 已注入 bootstrap ClassLoader (JVMTI)
[15:28:57] [Server thread/INFO]: [Incision] IncisionBridge dispatcher 已注册 (CL=bootstrap)
[15:28:57] [Server thread/INFO]: [Incision] Incision CONST: api=2 resolver=RemapRouter[TabooLibNmsResolver]
[15:28:57] [Server thread/INFO]: [Incision] PipelineBackend installed into TabooLib RemapTranslation.extraTransformers
[15:28:57] [Server thread/INFO]: [DEBUG] 跨平台服务初始化完成，用时 74 毫秒。
[15:28:57] [Server thread/INFO]: [DEBUG]   唤醒: 21
[15:28:57] [Server thread/INFO]: [DEBUG]   注入: 20
[15:28:57] [Server thread/INFO]: [DEBUG]   服务: 6
[15:28:57] [Server thread/INFO]: [DEBUG]  = PlatformOpenContainer (BukkitOpenContainer)
[15:28:57] [Server thread/INFO]: [DEBUG]  = PlatformListener (BukkitListener)
[15:28:57] [Server thread/INFO]: [DEBUG]  = PlatformAdapter (BukkitAdapter)
[15:28:57] [Server thread/INFO]: [DEBUG]  = PlatformIO (BukkitIO)
[15:28:57] [Server thread/INFO]: [DEBUG]  = PlatformExecutor (BukkitExecutor)
[15:28:57] [Server thread/INFO]: [DEBUG]  = PlatformCommand (BukkitCommand)
[15:28:57] [Server thread/INFO]: [DEBUG] [Incision][DEBUG] register id=top.maplex.incisiontest.cases.SharpnessModifier#sharpness-modifier@2 targets=[net/minecraft/world/item/enchantment/EnchantmentHelper.modifyDamage(Lnet/minecraft/server/level/ServerLevel;Lnet/minecraft/world/item/ItemStack;Lnet/minecraft/world/entity/Entity;Lnet/minecraft/world/damagesource/DamageSource;F)F]
[15:28:57] [Server thread/INFO]: [DEBUG] [Incision][DEBUG] installWeaver status=PENDING_LOAD owner=net/minecraft/world/item/enchantment/EnchantmentHelper resolved=net/minecraft/world/item/enchantment/EnchantmentHelper advices=1 total=1 backend=Instrumentation
[15:28:57] [Server thread/INFO]: [DEBUG] [Incision][DEBUG] Surgeon 扫描: top.maplex.incisiontest.cases.SharpnessModifier → 1 suture / 1 advice
[15:28:57] [Server thread/INFO]: [DEBUG] [Incision][DEBUG] register id=top.maplex.incisiontest.cases.SurgeonAnchorMatrixPriorityDefault#defaultPriority@4 targets=[top/maplex/incisiontest/fixture/AnchorMatrixFixture_Priority.prioritySurgeonTarget()Ljava/lang/String;]
[15:28:57] [Server thread/INFO]: [DEBUG] [Incision][DEBUG] installWeaver status=PENDING_LOAD owner=top/maplex/incisiontest/fixture/AnchorMatrixFixture_Priority resolved=top/maplex/incisiontest/fixture/AnchorMatrixFixture_Priority advices=1 total=1 backend=Instrumentation
[15:28:57] [Server thread/INFO]: [DEBUG] [Incision][DEBUG] Surgeon 扫描: top.maplex.incisiontest.cases.SurgeonAnchorMatrixPriorityDefault → 1 suture / 1 advice
[15:28:57] [Server thread/INFO]: [DEBUG] [Incision][DEBUG] Site selector: anchor=INVOKE mode=EXACT target=top/maplex/incisiontest/fixture/OffsetFixture.helper(I)I ordinal=0 matches=1..1
[15:28:57] [Server thread/INFO]: [DEBUG] [Incision][DEBUG] register id=top.maplex.incisiontest.cases.SurgeonOffsetCases#onFirstHelperBefore@37 targets=[top/maplex/incisiontest/fixture/OffsetFixture.chain()I]
[15:28:57] [Server thread/INFO]: [DEBUG] [Incision][DEBUG] Site selector: anchor=INVOKE mode=EXACT target=top/maplex/incisiontest/fixture/OffsetFixture.helper(I)I ordinal=1 matches=1..1
[15:28:57] [Server thread/INFO]: [DEBUG] [Incision][DEBUG] register id=top.maplex.incisiontest.cases.SurgeonOffsetCases#onSecondHelperBefore@38 targets=[top/maplex/incisiontest/fixture/OffsetFixture.chain()I]
[15:28:57] [Server thread/INFO]: [DEBUG] [Incision][DEBUG] Site selector: anchor=INVOKE mode=EXACT target=top/maplex/incisiontest/fixture/OffsetFixture.helper(I)I ordinal=2 matches=1..1
[15:28:57] [Server thread/INFO]: [DEBUG] [Incision][DEBUG] register id=top.maplex.incisiontest.cases.SurgeonOffsetCases#onThirdHelperBefore@39 targets=[top/maplex/incisiontest/fixture/OffsetFixture.chain()I]
[15:28:57] [Server thread/INFO]: [DEBUG] [Incision][DEBUG] Site selector: anchor=INVOKE mode=EXACT target=top/maplex/incisiontest/fixture/OffsetFixture.helper(I)I ordinal=0 matches=1..1
[15:28:57] [Server thread/INFO]: [DEBUG] [Incision][DEBUG] register id=top.maplex.incisiontest.cases.SurgeonOffsetCases#onFirstHelperAfterOffset1@40 targets=[top/maplex/incisiontest/fixture/OffsetFixture.chain()I]
[15:28:57] [Server thread/INFO]: [DEBUG] [Incision][DEBUG] Site selector: anchor=INVOKE mode=EXACT target=top/maplex/incisiontest/fixture/OffsetFixture.helper(I)I ordinal=0 matches=1..1
[15:28:57] [Server thread/INFO]: [DEBUG] [Incision][DEBUG] register id=top.maplex.incisiontest.cases.SurgeonOffsetCases#onFirstHelperBeforeOffsetZero@41 targets=[top/maplex/incisiontest/fixture/OffsetFixture.chain()I]
[15:28:57] [Server thread/INFO]: [DEBUG] [Incision][DEBUG] Site selector: anchor=INVOKE mode=EXACT target=top/maplex/incisiontest/fixture/OffsetFixture.helper(I)I ordinal=-1 matches=1..-1
[15:28:57] [Server thread/INFO]: [DEBUG] [Incision][DEBUG] register id=top.maplex.incisiontest.cases.SurgeonOffsetCases#onAfterOffset1All@42 targets=[top/maplex/incisiontest/fixture/OffsetFixture.chainWithGap()I]
[15:28:57] [Server thread/INFO]: [DEBUG] [Incision][DEBUG] Site selector: anchor=INVOKE mode=EXACT target=top/maplex/incisiontest/fixture/OffsetFixture.helper(I)I ordinal=-1 matches=1..-1
[15:28:57] [Server thread/INFO]: [DEBUG] [Incision][DEBUG] register id=top.maplex.incisiontest.cases.SurgeonOffsetCases#onAfterOffset2All@43 targets=[top/maplex/incisiontest/fixture/OffsetFixture.chainWithGap()I]
[15:28:57] [Server thread/INFO]: [DEBUG] [Incision][DEBUG] Site selector: anchor=INVOKE mode=EXACT target=top/maplex/incisiontest/fixture/OffsetFixture.helper(I)I ordinal=-1 matches=1..-1
[15:28:57] [Server thread/INFO]: [DEBUG] [Incision][DEBUG] register id=top.maplex.incisiontest.cases.SurgeonOffsetCases#onBeforeNegOffset@44 targets=[top/maplex/incisiontest/fixture/OffsetFixture.chainWithGap()I]
[15:28:57] [Server thread/INFO]: [DEBUG] [Incision][DEBUG] Site selector: anchor=INVOKE mode=EXACT target=top/maplex/incisiontest/fixture/OffsetFixture.helper(I)I ordinal=0 matches=1..1
[15:28:57] [Server thread/INFO]: [DEBUG] [Incision][DEBUG] register id=top.maplex.incisiontest.cases.SurgeonOffsetCases#onOrdinal0AfterOffset1@45 targets=[top/maplex/incisiontest/fixture/OffsetFixture.chainWithGap()I]
[15:28:57] [Server thread/INFO]: [DEBUG] [Incision][DEBUG] Site selector: anchor=INVOKE mode=EXACT target=top/maplex/incisiontest/fixture/OffsetFixture.helper(I)I ordinal=2 matches=1..1
[15:28:57] [Server thread/INFO]: [DEBUG] [Incision][DEBUG] register id=top.maplex.incisiontest.cases.SurgeonOffsetCases#onOrdinal2AfterOffset2@46 targets=[top/maplex/incisiontest/fixture/OffsetFixture.chainWithGap()I]
[15:28:57] [Server thread/INFO]: [DEBUG] [Incision][DEBUG] Site selector: anchor=INVOKE mode=EXACT target=top/maplex/incisiontest/fixture/OffsetFixture.helper(I)I ordinal=-1 matches=1..-1
[15:28:57] [Server thread/INFO]: [DEBUG] [Incision][DEBUG] register id=top.maplex.incisiontest.cases.SurgeonOffsetCases#onAnyOrdinal@47 targets=[top/maplex/incisiontest/fixture/OffsetFixture.chain()I]
[15:28:57] [Server thread/INFO]: [DEBUG] [Incision][DEBUG] Site selector: anchor=INVOKE mode=EXACT target=top/maplex/incisiontest/fixture/OffsetFixture.helper(I)I ordinal=0 matches=1..1
[15:28:57] [Server thread/INFO]: [DEBUG] [Incision][DEBUG] register id=top.maplex.incisiontest.cases.SurgeonOffsetCases#onOffsetPlus5@48 targets=[top/maplex/incisiontest/fixture/OffsetFixture.chainWithGap()I]
[15:28:57] [Server thread/INFO]: [DEBUG] [Incision][DEBUG] Site selector: anchor=INVOKE mode=EXACT target=top/maplex/incisiontest/fixture/OffsetFixture.helper(I)I ordinal=1 matches=1..1
[15:28:57] [Server thread/INFO]: [DEBUG] [Incision][DEBUG] register id=top.maplex.incisiontest.cases.SurgeonOffsetCases#onOffsetMinus2@49 targets=[top/maplex/incisiontest/fixture/OffsetFixture.chainWithGap()I]
[15:28:57] [Server thread/INFO]: [DEBUG] [Incision][DEBUG] Site selector: anchor=INVOKE mode=EXACT target=top/maplex/incisiontest/fixture/OffsetFixture.helper(I)I ordinal=-1 matches=1..-1
[15:28:57] [Server thread/INFO]: [DEBUG] [Incision][DEBUG] register id=top.maplex.incisiontest.cases.SurgeonOffsetCases#onBeforeOffset2@50 targets=[top/maplex/incisiontest/fixture/OffsetFixture.chainWithGap()I]
[15:28:57] [Server thread/INFO]: [DEBUG] [Incision][DEBUG] Site selector: anchor=INVOKE mode=EXACT target=top/maplex/incisiontest/fixture/OffsetFixture.helper(I)I ordinal=-1 matches=1..-1
[15:28:57] [Server thread/INFO]: [DEBUG] [Incision][DEBUG] register id=top.maplex.incisiontest.cases.SurgeonOffsetCases#onAfterOffset0@51 targets=[top/maplex/incisiontest/fixture/OffsetFixture.chain()I]
[15:28:57] [Server thread/INFO]: [DEBUG] [Incision][DEBUG] Site selector: anchor=INVOKE mode=EXACT target=top/maplex/incisiontest/fixture/OffsetFixture.helper(I)I ordinal=1 matches=1..1
[15:28:57] [Server thread/INFO]: [DEBUG] [Incision][DEBUG] register id=top.maplex.incisiontest.cases.SurgeonOffsetCases#onOrdinal1AfterOffset1@52 targets=[top/maplex/incisiontest/fixture/OffsetFixture.chainWithGap()I]
[15:28:57] [Server thread/INFO]: [DEBUG] [Incision][DEBUG] Site selector: anchor=FIELD_GET mode=EXACT target=top/maplex/incisiontest/fixture/OffsetFixture.counterI ordinal=0 matches=1..1
[15:28:57] [Server thread/INFO]: [DEBUG] [Incision][DEBUG] register id=top.maplex.incisiontest.cases.SurgeonOffsetCases#onFieldGetOffset@53 targets=[top/maplex/incisiontest/fixture/OffsetFixture.chainWithGap()I]
[15:28:57] [Server thread/INFO]: [DEBUG] [Incision][DEBUG] Site selector: anchor=FIELD_PUT mode=EXACT target=top/maplex/incisiontest/fixture/OffsetFixture.counterI ordinal=0 matches=1..1
[15:28:57] [Server thread/INFO]: [DEBUG] [Incision][DEBUG] register id=top.maplex.incisiontest.cases.SurgeonOffsetCases#onFieldPutOffset@54 targets=[top/maplex/incisiontest/fixture/OffsetFixture.chainWithGap()I]
[15:28:57] [Server thread/INFO]: [DEBUG] [Incision][DEBUG] installWeaver status=PENDING_LOAD owner=top/maplex/incisiontest/fixture/OffsetFixture resolved=top/maplex/incisiontest/fixture/OffsetFixture advices=18 total=18 backend=Instrumentation
[15:28:57] [Server thread/INFO]: [DEBUG] [Incision][DEBUG] Surgeon 扫描: top.maplex.incisiontest.cases.SurgeonOffsetCases → 18 suture / 18 advice
[15:28:57] [Server thread/INFO]: [DEBUG] [Incision][DEBUG] register id=top.maplex.incisiontest.cases.Pri0Surgeon#pri0@0 targets=[top/maplex/incisiontest/fixture/SurgeonPriorityExtremeFixture.threeSurgeonTarget()Ljava/util/List;]
[15:28:57] [Server thread/INFO]: [DEBUG] [Incision][DEBUG] installWeaver status=PENDING_LOAD owner=top/maplex/incisiontest/fixture/SurgeonPriorityExtremeFixture resolved=top/maplex/incisiontest/fixture/SurgeonPriorityExtremeFixture advices=1 total=1 backend=Instrumentation
[15:28:57] [Server thread/INFO]: [DEBUG] [Incision][DEBUG] Surgeon 扫描: top.maplex.incisiontest.cases.Pri0Surgeon → 1 suture / 1 advice
[15:28:57] [Server thread/INFO]: [DEBUG] [Incision][DEBUG] register id=top.maplex.incisiontest.cases.SurgeonAnchorMatrixPriorityOperation#opPriority200@10 targets=[top/maplex/incisiontest/fixture/AnchorMatrixFixture_Priority.priorityOperationTarget()Ljava/lang/String;]
[15:28:57] [Server thread/INFO]: [DEBUG] [Incision][DEBUG] register id=top.maplex.incisiontest.cases.SurgeonAnchorMatrixPriorityOperation#opPriority50@11 targets=[top/maplex/incisiontest/fixture/AnchorMatrixFixture_Priority.priorityOperationTarget()Ljava/lang/String;]
[15:28:57] [Server thread/INFO]: [DEBUG] [Incision][DEBUG] register id=top.maplex.incisiontest.cases.SurgeonAnchorMatrixPriorityOperation#opPriorityNeg10@12 targets=[top/maplex/incisiontest/fixture/AnchorMatrixFixture_Priority.priorityOperationTarget()Ljava/lang/String;]
[15:28:57] [Server thread/INFO]: [DEBUG] [Incision][DEBUG] register id=top.maplex.incisiontest.cases.SurgeonAnchorMatrixPriorityOperation#opPriorityDefault@13 targets=[top/maplex/incisiontest/fixture/AnchorMatrixFixture_Priority.priorityOperationTarget()Ljava/lang/String;]
[15:28:57] [Server thread/INFO]: [DEBUG] [Incision][DEBUG] installWeaver status=PENDING_LOAD owner=top/maplex/incisiontest/fixture/AnchorMatrixFixture_Priority resolved=top/maplex/incisiontest/fixture/AnchorMatrixFixture_Priority advices=4 total=5 backend=Instrumentation
[15:28:57] [Server thread/INFO]: [DEBUG] [Incision][DEBUG] Surgeon 扫描: top.maplex.incisiontest.cases.SurgeonAnchorMatrixPriorityOperation → 4 suture / 4 advice
[15:28:57] [Server thread/INFO]: [DEBUG] [Incision][DEBUG] register id=top.maplex.incisiontest.cases.SurgeonPriorityNegativeCases#adviceNegative@0 targets=[top/maplex/incisiontest/fixture/SurgeonPriorityFixture.pSharedTarget()Ljava/util/List;]
[15:28:57] [Server thread/INFO]: [DEBUG] [Incision][DEBUG] installWeaver status=PENDING_LOAD owner=top/maplex/incisiontest/fixture/SurgeonPriorityFixture resolved=top/maplex/incisiontest/fixture/SurgeonPriorityFixture advices=1 total=1 backend=Instrumentation
[15:28:57] [Server thread/INFO]: [DEBUG] [Incision][DEBUG] Surgeon 扫描: top.maplex.incisiontest.cases.SurgeonPriorityNegativeCases → 1 suture / 1 advice
[15:28:57] [Server thread/INFO]: [DEBUG] [Incision][DEBUG] register id=top.maplex.incisiontest.cases.SurgeonAnchorMatrixPriorityHigh#highPriority@2 targets=[top/maplex/incisiontest/fixture/AnchorMatrixFixture_Priority.prioritySurgeonTarget()Ljava/lang/String;]
[15:28:57] [Server thread/INFO]: [DEBUG] [Incision][DEBUG] installWeaver status=PENDING_LOAD owner=top/maplex/incisiontest/fixture/AnchorMatrixFixture_Priority resolved=top/maplex/incisiontest/fixture/AnchorMatrixFixture_Priority advices=1 total=6 backend=Instrumentation
[15:28:57] [Server thread/INFO]: [DEBUG] [Incision][DEBUG] Surgeon 扫描: top.maplex.incisiontest.cases.SurgeonAnchorMatrixPriorityHigh → 1 suture / 1 advice
[15:28:57] [Server thread/INFO]: [DEBUG] [Incision][DEBUG] register id=top.maplex.incisiontest.cases.SurgeonKotlinTargetCases#onCompanionOnly@8 targets=[top/maplex/incisiontest/fixture/SurgeonKotlinTargetFixture$Companion.companionOnlyEcho(Ljava/lang/String;)Ljava/lang/String;]
[15:28:57] [Server thread/INFO]: [DEBUG] [Incision][DEBUG] register id=top.maplex.incisiontest.cases.SurgeonKotlinTargetCases#onStaticOnly@9 targets=[top/maplex/incisiontest/fixture/SurgeonKotlinTargetFixture.staticOnlyEcho(Ljava/lang/String;)Ljava/lang/String;]
[15:28:57] [Server thread/INFO]: [DEBUG] [Incision][DEBUG] register id=top.maplex.incisiontest.cases.SurgeonKotlinTargetCases#both-static-path@10 targets=[top/maplex/incisiontest/fixture/SurgeonKotlinTargetFixture.bothEcho(Ljava/lang/String;)Ljava/lang/String;]
[15:28:57] [Server thread/INFO]: [DEBUG] [Incision][DEBUG] register id=top.maplex.incisiontest.cases.SurgeonKotlinTargetCases#both-companion-path@11 targets=[top/maplex/incisiontest/fixture/SurgeonKotlinTargetFixture$Companion.bothEcho(Ljava/lang/String;)Ljava/lang/String;]
[15:28:57] [Server thread/INFO]: [DEBUG] [Incision][DEBUG] installWeaver status=PENDING_LOAD owner=top/maplex/incisiontest/fixture/SurgeonKotlinTargetFixture$Companion resolved=top/maplex/incisiontest/fixture/SurgeonKotlinTargetFixture$Companion advices=2 total=2 backend=Instrumentation
[15:28:57] [Server thread/INFO]: [DEBUG] [Incision][DEBUG] installWeaver status=PENDING_LOAD owner=top/maplex/incisiontest/fixture/SurgeonKotlinTargetFixture resolved=top/maplex/incisiontest/fixture/SurgeonKotlinTargetFixture advices=2 total=2 backend=Instrumentation
[15:28:57] [Server thread/INFO]: [DEBUG] [Incision][DEBUG] Surgeon 扫描: top.maplex.incisiontest.cases.SurgeonKotlinTargetCases → 4 suture / 4 advice
[15:28:57] [Server thread/INFO]: [DEBUG] [Incision][DEBUG] register id=top.maplex.incisiontest.cases.Pri100Surgeon#pri100@0 targets=[top/maplex/incisiontest/fixture/SurgeonPriorityExtremeFixture.threeSurgeonTarget()Ljava/util/List;]
[15:28:57] [Server thread/INFO]: [DEBUG] [Incision][DEBUG] installWeaver status=PENDING_LOAD owner=top/maplex/incisiontest/fixture/SurgeonPriorityExtremeFixture resolved=top/maplex/incisiontest/fixture/SurgeonPriorityExtremeFixture advices=1 total=2 backend=Instrumentation
[15:28:57] [Server thread/INFO]: [DEBUG] [Incision][DEBUG] Surgeon 扫描: top.maplex.incisiontest.cases.Pri100Surgeon → 1 suture / 1 advice
[15:28:57] [Server thread/INFO]: [DEBUG] [Incision][DEBUG] register id=top.maplex.incisiontest.cases.SurgeonPriorityMaxCases#adviceMax@2 targets=[top/maplex/incisiontest/fixture/SurgeonPriorityExtremeFixture.extremeMaxTarget()I]
[15:28:57] [Server thread/INFO]: [DEBUG] [Incision][DEBUG] installWeaver status=PENDING_LOAD owner=top/maplex/incisiontest/fixture/SurgeonPriorityExtremeFixture resolved=top/maplex/incisiontest/fixture/SurgeonPriorityExtremeFixture advices=1 total=3 backend=Instrumentation
[15:28:57] [Server thread/INFO]: [DEBUG] [Incision][DEBUG] Surgeon 扫描: top.maplex.incisiontest.cases.SurgeonPriorityMaxCases → 1 suture / 1 advice
[15:28:57] [Server thread/INFO]: [DEBUG] [Incision][DEBUG] register id=top.maplex.incisiontest.cases.AdyeshachIntegrationCases#apiLead@12 targets=[ink/ptms/adyeshach/impl/DefaultAdyeshachAPI.getMinecraftAPI()Link/ptms/adyeshach/core/AdyeshachMinecraftAPI;]
[15:28:57] [Server thread/INFO]: [DEBUG] [Incision][DEBUG] register id=top.maplex.incisiontest.cases.AdyeshachIntegrationCases#apiTrail@13 targets=[ink/ptms/adyeshach/impl/DefaultAdyeshachAPI.getMinecraftAPI()Link/ptms/adyeshach/core/AdyeshachMinecraftAPI;]
[15:28:57] [Server thread/INFO]: [DEBUG] [Incision][DEBUG] register id=top.maplex.incisiontest.cases.AdyeshachIntegrationCases#literalLead@14 targets=[ink/ptms/adyeshach/impl/nms/DefaultMinecraftHelper.literalChatBaseComponent(Ljava/lang/String;)Ljava/lang/Object;]
[15:28:57] [Server thread/INFO]: [DEBUG] [Incision][DEBUG] register id=top.maplex.incisiontest.cases.AdyeshachIntegrationCases#literalTrail@15 targets=[ink/ptms/adyeshach/impl/nms/DefaultMinecraftHelper.literalChatBaseComponent(Ljava/lang/String;)Ljava/lang/Object;]
[15:28:57] [Server thread/INFO]: [DEBUG] [Incision][DEBUG] register id=top.maplex.incisiontest.cases.AdyeshachIntegrationCases#literalSplice@16 targets=[ink/ptms/adyeshach/impl/nms/DefaultMinecraftHelper.literalChatBaseComponent(Ljava/lang/String;)Ljava/lang/Object;]
[15:28:57] [Server thread/INFO]: [DEBUG] [Incision][DEBUG] Site selector: anchor=INVOKE mode=EXACT target=org/bukkit/craftbukkit/v1_16_R3/util/CraftChatMessage.fromString(Ljava/lang/String;)[Lnet/minecraft/server/v1_16_R3/IChatBaseComponent; ordinal=0 matches=1..1
[15:28:57] [Server thread/INFO]: [DEBUG] [Incision][DEBUG] register id=top.maplex.incisiontest.cases.AdyeshachIntegrationCases#craftChatInvoke@17 targets=[ink/ptms/adyeshach/impl/nms/DefaultMinecraftHelper.literalChatBaseComponent(Ljava/lang/String;)Ljava/lang/Object;]
[15:28:57] [Server thread/INFO]: [DEBUG] [Incision][DEBUG] weave inject ink/ptms/adyeshach/impl/DefaultAdyeshachAPI.getMinecraftAPI()Link/ptms/adyeshach/core/AdyeshachMinecraftAPI; kinds=[LEAD, TRAIL] static=false
[15:28:57] [Server thread/INFO]: [DEBUG] [Incision][DEBUG] installWeaver status=INSTALLED owner=ink/ptms/adyeshach/impl/DefaultAdyeshachAPI resolved=ink/ptms/adyeshach/impl/DefaultAdyeshachAPI advices=2 total=2 backend=Instrumentation
[15:28:57] [Server thread/INFO]: [DEBUG] [Incision][DEBUG] resolveOwner: org/bukkit/craftbukkit/v1_16_R3/util/CraftChatMessage → org/bukkit/craftbukkit/util/CraftChatMessage
[15:28:57] [Server thread/WARN]: java.lang.ClassNotFoundException: net.minecraft.server.UNKNOWN.Particle
[15:28:57] [Server thread/WARN]: 	at org.bukkit.plugin.java.PluginClassLoader.loadClass0(PluginClassLoader.java:160)
[15:28:57] [Server thread/WARN]: 	at org.bukkit.plugin.java.PluginClassLoader.loadClass(PluginClassLoader.java:112)
[15:28:57] [Server thread/WARN]: 	at java.base/java.lang.ClassLoader.loadClass(ClassLoader.java:490)
[15:28:57] [Server thread/WARN]: 	at java.base/java.lang.Class.forName0(Native Method)
[15:28:57] [Server thread/WARN]: 	at java.base/java.lang.Class.forName(Class.java:547)
[15:28:57] [Server thread/WARN]: 	at ink.ptms.adyeshach.taboolib.module.nms.AsmClassLoader.findClass(AsmClassLoader.kt:9)
[15:28:57] [Server thread/WARN]: 	at java.base/java.lang.ClassLoader.loadClass(ClassLoader.java:557)
[15:28:57] [Server thread/WARN]: 	at java.base/java.lang.ClassLoader.loadClass(ClassLoader.java:490)
[15:28:57] [Server thread/WARN]: 	at java.base/java.lang.Class.forName0(Native Method)
[15:28:57] [Server thread/WARN]: 	at java.base/java.lang.Class.forName(Class.java:547)
[15:28:57] [Server thread/WARN]: 	at org.objectweb.asm9.ClassWriter.getCommonSuperClass(ClassWriter.java:1060)
[15:28:57] [Server thread/WARN]: 	at top.maplex.incisiontest.taboolib.module.incision.weaver.Scalpel$SafeClassWriter.getCommonSuperClass(Scalpel.kt:543)
[15:28:57] [Server thread/WARN]: 	at org.objectweb.asm9.SymbolTable.addMergedType(SymbolTable.java:1286)
[15:28:57] [Server thread/WARN]: 	at org.objectweb.asm9.Frame.merge(Frame.java:1311)
[15:28:57] [Server thread/WARN]: 	at org.objectweb.asm9.Frame.merge(Frame.java:1244)
[15:28:57] [Server thread/WARN]: 	at org.objectweb.asm9.MethodWriter.computeAllFrames(MethodWriter.java:1612)
[15:28:57] [Server thread/WARN]: 	at org.objectweb.asm9.MethodWriter.visitMaxs(MethodWriter.java:1548)
[15:28:57] [Server thread/WARN]: 	at org.objectweb.asm9.tree.MethodNode.accept(MethodNode.java:767)
[15:28:57] [Server thread/WARN]: 	at org.objectweb.asm9.tree.MethodNode.accept(MethodNode.java:647)
[15:28:57] [Server thread/WARN]: 	at org.objectweb.asm9.tree.ClassNode.accept(ClassNode.java:468)
[15:28:57] [Server thread/WARN]: 	at top.maplex.incisiontest.taboolib.module.incision.weaver.Scalpel.applySiteWeaver(Scalpel.kt:185)
[15:28:57] [Server thread/WARN]: 	at top.maplex.incisiontest.taboolib.module.incision.weaver.Scalpel.weave(Scalpel.kt:57)
[15:28:57] [Server thread/WARN]: 	at top.maplex.incisiontest.taboolib.module.incision.dsl.Scalpel$installWeaver$installation$1.invoke(Scalpel.kt:196)
[15:28:57] [Server thread/WARN]: 	at top.maplex.incisiontest.taboolib.module.incision.dsl.Scalpel$installWeaver$installation$1.invoke(Scalpel.kt:196)
[15:28:57] [Server thread/WARN]: 	at top.maplex.incisiontest.taboolib.module.incision.loader.Backend$install$guarded$1.invoke(Backend.kt:47)
[15:28:57] [Server thread/WARN]: 	at top.maplex.incisiontest.taboolib.module.incision.loader.Backend$install$guarded$1.invoke(Backend.kt:44)
[15:28:57] [Server thread/WARN]: 	at top.maplex.incisiontest.taboolib.module.incision.loader.InstrumentationBackend$register$1.transform(InstrumentationBackend.kt:86)
[15:28:57] [Server thread/WARN]: 	at java.instrument/java.lang.instrument.ClassFileTransformer.transform(ClassFileTransformer.java:257)
[15:28:57] [Server thread/WARN]: 	at java.instrument/sun.instrument.TransformerManager.transform(TransformerManager.java:188)
[15:28:57] [Server thread/WARN]: 	at java.instrument/sun.instrument.InstrumentationImpl.transform(InstrumentationImpl.java:594)
[15:28:57] [Server thread/WARN]: 	at java.instrument/sun.instrument.InstrumentationImpl.retransformClasses0(Native Method)
[15:28:57] [Server thread/WARN]: 	at java.instrument/sun.instrument.InstrumentationImpl.retransformClasses(InstrumentationImpl.java:221)
[15:28:57] [Server thread/WARN]: 	at top.maplex.incisiontest.taboolib.module.incision.loader.InstrumentationBackend.retransform(InstrumentationBackend.kt:114)
[15:28:57] [Server thread/WARN]: 	at top.maplex.incisiontest.taboolib.module.incision.loader.Backend.install(Backend.kt:57)
[15:28:57] [Server thread/WARN]: 	at top.maplex.incisiontest.taboolib.module.incision.dsl.Scalpel.installWeaver$incision(Scalpel.kt:196)
[15:28:57] [Server thread/WARN]: 	at top.maplex.incisiontest.taboolib.module.incision.loader.SurgeonScanner.visitEnd(SurgeonScanner.kt:128)
[15:28:57] [Server thread/WARN]: 	at top.maplex.incisiontest.taboolib.common.inject.ClassVisitorHandler.injectSingleVisitor(ClassVisitorHandler.java:323)
[15:28:57] [Server thread/WARN]: 	at top.maplex.incisiontest.taboolib.common.inject.ClassVisitorHandler.injectAll(ClassVisitorHandler.java:286)
[15:28:57] [Server thread/WARN]: 	at top.maplex.incisiontest.taboolib.common.inject.ClassVisitorHandler.lambda$init$0(ClassVisitorHandler.java:43)
[15:28:57] [Server thread/WARN]: 	at top.maplex.incisiontest.taboolib.common.TabooLib$2.run(TabooLib.java:119)
[15:28:57] [Server thread/WARN]: 	at top.maplex.incisiontest.taboolib.common.TabooLib.lambda$lifeCycle$0(TabooLib.java:86)
[15:28:57] [Server thread/WARN]: 	at top.maplex.incisiontest.taboolib.common.TabooLib.execution(TabooLib.java:228)
[15:28:57] [Server thread/WARN]: 	at top.maplex.incisiontest.taboolib.common.TabooLib.lifeCycle(TabooLib.java:79)
[15:28:57] [Server thread/WARN]: 	at top.maplex.incisiontest.taboolib.platform.BukkitPlugin.lambda$static$0(BukkitPlugin.java:73)
[15:28:57] [Server thread/WARN]: 	at top.maplex.incisiontest.taboolib.common.TabooLib.execution(TabooLib.java:228)
[15:28:57] [Server thread/WARN]: 	at top.maplex.incisiontest.taboolib.platform.BukkitPlugin.<clinit>(BukkitPlugin.java:38)
[15:28:57] [Server thread/WARN]: 	at java.base/java.lang.Class.forName0(Native Method)
[15:28:57] [Server thread/WARN]: 	at java.base/java.lang.Class.forName(Class.java:547)
[15:28:57] [Server thread/WARN]: 	at org.bukkit.plugin.java.PluginClassLoader.<init>(PluginClassLoader.java:68)
[15:28:57] [Server thread/WARN]: 	at org.bukkit.plugin.java.JavaPluginLoader.loadPlugin(JavaPluginLoader.java:145)
[15:28:57] [Server thread/WARN]: 	at org.bukkit.plugin.SimplePluginManager.loadPlugin(SimplePluginManager.java:406)
[15:28:57] [Server thread/WARN]: 	at org.bukkit.plugin.SimplePluginManager.loadPlugins(SimplePluginManager.java:313)
[15:28:57] [Server thread/WARN]: 	at org.bukkit.plugin.SimplePluginManager.loadPlugins(SimplePluginManager.java:122)
[15:28:57] [Server thread/WARN]: 	at org.bukkit.craftbukkit.CraftServer.loadPlugins(CraftServer.java:473)
[15:28:57] [Server thread/WARN]: 	at net.minecraft.server.dedicated.DedicatedServer.initServer(DedicatedServer.java:342)
[15:28:57] [Server thread/WARN]: 	at net.minecraft.server.MinecraftServer.runServer(MinecraftServer.java:1091)
[15:28:57] [Server thread/WARN]: 	at net.minecraft.server.MinecraftServer.lambda$spin$0(MinecraftServer.java:358)
[15:28:57] [Server thread/WARN]: 	at java.base/java.lang.Thread.run(Thread.java:1474)
[15:28:57] [Server thread/INFO]: [DEBUG] [Incision][DEBUG] weave inject ink/ptms/adyeshach/impl/nms/DefaultMinecraftHelper.literalChatBaseComponent(Ljava/lang/String;)Ljava/lang/Object; kinds=[SPLICE, LEAD, GRAFT, TRAIL] static=false
[15:28:57] [Server thread/WARN]: java.lang.ClassNotFoundException: ink.ptms.adyeshach.impl.nms.DefaultMinecraftHelper$$IncisionBodies
[15:28:57] [Server thread/WARN]: 	at org.bukkit.plugin.java.PluginClassLoader.loadClass0(PluginClassLoader.java:160)
[15:28:57] [Server thread/WARN]: 	at org.bukkit.plugin.java.PluginClassLoader.loadClass(PluginClassLoader.java:112)
[15:28:57] [Server thread/WARN]: 	at java.base/java.lang.ClassLoader.loadClass(ClassLoader.java:490)
[15:28:57] [Server thread/WARN]: 	at java.base/java.lang.Class.forName0(Native Method)
[15:28:57] [Server thread/WARN]: 	at java.base/java.lang.Class.forName(Class.java:547)
[15:28:57] [Server thread/WARN]: 	at ink.ptms.adyeshach.taboolib.module.nms.AsmClassLoader.findClass(AsmClassLoader.kt:9)
[15:28:57] [Server thread/WARN]: 	at java.base/java.lang.ClassLoader.loadClass(ClassLoader.java:557)
[15:28:57] [Server thread/WARN]: 	at java.base/java.lang.ClassLoader.loadClass(ClassLoader.java:490)
[15:28:57] [Server thread/WARN]: 	at java.base/java.lang.Class.forName0(Native Method)
[15:28:57] [Server thread/WARN]: 	at java.base/java.lang.Class.forName(Class.java:547)
[15:28:57] [Server thread/WARN]: 	at top.maplex.incisiontest.taboolib.module.incision.weaver.Scalpel.isClassDefined(Scalpel.kt:292)
[15:28:57] [Server thread/WARN]: 	at top.maplex.incisiontest.taboolib.module.incision.weaver.Scalpel.generateAndRegisterBodies(Scalpel.kt:245)
[15:28:57] [Server thread/WARN]: 	at top.maplex.incisiontest.taboolib.module.incision.weaver.Scalpel.weave(Scalpel.kt:68)
[15:28:57] [Server thread/WARN]: 	at top.maplex.incisiontest.taboolib.module.incision.dsl.Scalpel$installWeaver$installation$1.invoke(Scalpel.kt:196)
[15:28:57] [Server thread/WARN]: 	at top.maplex.incisiontest.taboolib.module.incision.dsl.Scalpel$installWeaver$installation$1.invoke(Scalpel.kt:196)
[15:28:57] [Server thread/WARN]: 	at top.maplex.incisiontest.taboolib.module.incision.loader.Backend$install$guarded$1.invoke(Backend.kt:47)
[15:28:57] [Server thread/WARN]: 	at top.maplex.incisiontest.taboolib.module.incision.loader.Backend$install$guarded$1.invoke(Backend.kt:44)
[15:28:57] [Server thread/WARN]: 	at top.maplex.incisiontest.taboolib.module.incision.loader.InstrumentationBackend$register$1.transform(InstrumentationBackend.kt:86)
[15:28:57] [Server thread/WARN]: 	at java.instrument/java.lang.instrument.ClassFileTransformer.transform(ClassFileTransformer.java:257)
[15:28:57] [Server thread/WARN]: 	at java.instrument/sun.instrument.TransformerManager.transform(TransformerManager.java:188)
[15:28:57] [Server thread/WARN]: 	at java.instrument/sun.instrument.InstrumentationImpl.transform(InstrumentationImpl.java:594)
[15:28:57] [Server thread/WARN]: 	at java.instrument/sun.instrument.InstrumentationImpl.retransformClasses0(Native Method)
[15:28:57] [Server thread/WARN]: 	at java.instrument/sun.instrument.InstrumentationImpl.retransformClasses(InstrumentationImpl.java:221)
[15:28:57] [Server thread/WARN]: 	at top.maplex.incisiontest.taboolib.module.incision.loader.InstrumentationBackend.retransform(InstrumentationBackend.kt:114)
[15:28:57] [Server thread/WARN]: 	at top.maplex.incisiontest.taboolib.module.incision.loader.Backend.install(Backend.kt:57)
[15:28:57] [Server thread/WARN]: 	at top.maplex.incisiontest.taboolib.module.incision.dsl.Scalpel.installWeaver$incision(Scalpel.kt:196)
[15:28:57] [Server thread/WARN]: 	at top.maplex.incisiontest.taboolib.module.incision.loader.SurgeonScanner.visitEnd(SurgeonScanner.kt:128)
[15:28:57] [Server thread/WARN]: 	at top.maplex.incisiontest.taboolib.common.inject.ClassVisitorHandler.injectSingleVisitor(ClassVisitorHandler.java:323)
[15:28:57] [Server thread/WARN]: 	at top.maplex.incisiontest.taboolib.common.inject.ClassVisitorHandler.injectAll(ClassVisitorHandler.java:286)
[15:28:57] [Server thread/WARN]: 	at top.maplex.incisiontest.taboolib.common.inject.ClassVisitorHandler.lambda$init$0(ClassVisitorHandler.java:43)
[15:28:57] [Server thread/WARN]: 	at top.maplex.incisiontest.taboolib.common.TabooLib$2.run(TabooLib.java:119)
[15:28:57] [Server thread/WARN]: 	at top.maplex.incisiontest.taboolib.common.TabooLib.lambda$lifeCycle$0(TabooLib.java:86)
[15:28:57] [Server thread/WARN]: 	at top.maplex.incisiontest.taboolib.common.TabooLib.execution(TabooLib.java:228)
[15:28:57] [Server thread/WARN]: 	at top.maplex.incisiontest.taboolib.common.TabooLib.lifeCycle(TabooLib.java:79)
[15:28:57] [Server thread/WARN]: 	at top.maplex.incisiontest.taboolib.platform.BukkitPlugin.lambda$static$0(BukkitPlugin.java:73)
[15:28:57] [Server thread/WARN]: 	at top.maplex.incisiontest.taboolib.common.TabooLib.execution(TabooLib.java:228)
[15:28:57] [Server thread/WARN]: 	at top.maplex.incisiontest.taboolib.platform.BukkitPlugin.<clinit>(BukkitPlugin.java:38)
[15:28:57] [Server thread/WARN]: 	at java.base/java.lang.Class.forName0(Native Method)
[15:28:57] [Server thread/WARN]: 	at java.base/java.lang.Class.forName(Class.java:547)
[15:28:57] [Server thread/WARN]: 	at org.bukkit.plugin.java.PluginClassLoader.<init>(PluginClassLoader.java:68)
[15:28:57] [Server thread/WARN]: 	at org.bukkit.plugin.java.JavaPluginLoader.loadPlugin(JavaPluginLoader.java:145)
[15:28:57] [Server thread/WARN]: 	at org.bukkit.plugin.SimplePluginManager.loadPlugin(SimplePluginManager.java:406)
[15:28:57] [Server thread/WARN]: 	at org.bukkit.plugin.SimplePluginManager.loadPlugins(SimplePluginManager.java:313)
[15:28:57] [Server thread/WARN]: 	at org.bukkit.plugin.SimplePluginManager.loadPlugins(SimplePluginManager.java:122)
[15:28:57] [Server thread/WARN]: 	at org.bukkit.craftbukkit.CraftServer.loadPlugins(CraftServer.java:473)
[15:28:57] [Server thread/WARN]: 	at net.minecraft.server.dedicated.DedicatedServer.initServer(DedicatedServer.java:342)
[15:28:57] [Server thread/WARN]: 	at net.minecraft.server.MinecraftServer.runServer(MinecraftServer.java:1091)
[15:28:57] [Server thread/WARN]: 	at net.minecraft.server.MinecraftServer.lambda$spin$0(MinecraftServer.java:358)
[15:28:57] [Server thread/WARN]: 	at java.base/java.lang.Thread.run(Thread.java:1474)
[15:28:57] [Server thread/WARN]: java.lang.ClassNotFoundException: ink.ptms.adyeshach.impl.nms.DefaultMinecraftHelper$$IncisionBodies
[15:28:57] [Server thread/WARN]: 	at org.bukkit.plugin.java.PluginClassLoader.loadClass0(PluginClassLoader.java:160)
[15:28:57] [Server thread/WARN]: 	at org.bukkit.plugin.java.PluginClassLoader.loadClass(PluginClassLoader.java:112)
[15:28:57] [Server thread/WARN]: 	at java.base/java.lang.ClassLoader.loadClass(ClassLoader.java:490)
[15:28:57] [Server thread/WARN]: 	at java.base/java.lang.Class.forName0(Native Method)
[15:28:57] [Server thread/WARN]: 	at java.base/java.lang.Class.forName(Class.java:547)
[15:28:57] [Server thread/WARN]: 	at ink.ptms.adyeshach.taboolib.module.nms.AsmClassLoader.findClass(AsmClassLoader.kt:9)
[15:28:57] [Server thread/WARN]: 	at java.base/java.lang.ClassLoader.loadClass(ClassLoader.java:557)
[15:28:57] [Server thread/WARN]: 	at java.base/java.lang.ClassLoader.loadClass(ClassLoader.java:490)
[15:28:57] [Server thread/WARN]: 	at java.base/java.lang.Class.forName0(Native Method)
[15:28:57] [Server thread/WARN]: 	at java.base/java.lang.Class.forName(Class.java:547)
[15:28:57] [Server thread/WARN]: 	at top.maplex.incisiontest.taboolib.module.incision.weaver.Scalpel.isClassDefined(Scalpel.kt:292)
[15:28:57] [Server thread/WARN]: 	at top.maplex.incisiontest.taboolib.module.incision.weaver.Scalpel.defineBodiesInTargetLoader(Scalpel.kt:285)
[15:28:57] [Server thread/WARN]: 	at top.maplex.incisiontest.taboolib.module.incision.weaver.Scalpel.generateAndRegisterBodies(Scalpel.kt:261)
[15:28:57] [Server thread/WARN]: 	at top.maplex.incisiontest.taboolib.module.incision.weaver.Scalpel.weave(Scalpel.kt:68)
[15:28:57] [Server thread/WARN]: 	at top.maplex.incisiontest.taboolib.module.incision.dsl.Scalpel$installWeaver$installation$1.invoke(Scalpel.kt:196)
[15:28:57] [Server thread/WARN]: 	at top.maplex.incisiontest.taboolib.module.incision.dsl.Scalpel$installWeaver$installation$1.invoke(Scalpel.kt:196)
[15:28:57] [Server thread/WARN]: 	at top.maplex.incisiontest.taboolib.module.incision.loader.Backend$install$guarded$1.invoke(Backend.kt:47)
[15:28:57] [Server thread/WARN]: 	at top.maplex.incisiontest.taboolib.module.incision.loader.Backend$install$guarded$1.invoke(Backend.kt:44)
[15:28:57] [Server thread/WARN]: 	at top.maplex.incisiontest.taboolib.module.incision.loader.InstrumentationBackend$register$1.transform(InstrumentationBackend.kt:86)
[15:28:57] [Server thread/WARN]: 	at java.instrument/java.lang.instrument.ClassFileTransformer.transform(ClassFileTransformer.java:257)
[15:28:57] [Server thread/WARN]: 	at java.instrument/sun.instrument.TransformerManager.transform(TransformerManager.java:188)
[15:28:57] [Server thread/WARN]: 	at java.instrument/sun.instrument.InstrumentationImpl.transform(InstrumentationImpl.java:594)
[15:28:57] [Server thread/WARN]: 	at java.instrument/sun.instrument.InstrumentationImpl.retransformClasses0(Native Method)
[15:28:57] [Server thread/WARN]: 	at java.instrument/sun.instrument.InstrumentationImpl.retransformClasses(InstrumentationImpl.java:221)
[15:28:57] [Server thread/WARN]: 	at top.maplex.incisiontest.taboolib.module.incision.loader.InstrumentationBackend.retransform(InstrumentationBackend.kt:114)
[15:28:57] [Server thread/WARN]: 	at top.maplex.incisiontest.taboolib.module.incision.loader.Backend.install(Backend.kt:57)
[15:28:57] [Server thread/WARN]: 	at top.maplex.incisiontest.taboolib.module.incision.dsl.Scalpel.installWeaver$incision(Scalpel.kt:196)
[15:28:57] [Server thread/WARN]: 	at top.maplex.incisiontest.taboolib.module.incision.loader.SurgeonScanner.visitEnd(SurgeonScanner.kt:128)
[15:28:57] [Server thread/WARN]: 	at top.maplex.incisiontest.taboolib.common.inject.ClassVisitorHandler.injectSingleVisitor(ClassVisitorHandler.java:323)
[15:28:57] [Server thread/WARN]: 	at top.maplex.incisiontest.taboolib.common.inject.ClassVisitorHandler.injectAll(ClassVisitorHandler.java:286)
[15:28:57] [Server thread/WARN]: 	at top.maplex.incisiontest.taboolib.common.inject.ClassVisitorHandler.lambda$init$0(ClassVisitorHandler.java:43)
[15:28:57] [Server thread/WARN]: 	at top.maplex.incisiontest.taboolib.common.TabooLib$2.run(TabooLib.java:119)
[15:28:57] [Server thread/WARN]: 	at top.maplex.incisiontest.taboolib.common.TabooLib.lambda$lifeCycle$0(TabooLib.java:86)
[15:28:57] [Server thread/WARN]: 	at top.maplex.incisiontest.taboolib.common.TabooLib.execution(TabooLib.java:228)
[15:28:57] [Server thread/WARN]: 	at top.maplex.incisiontest.taboolib.common.TabooLib.lifeCycle(TabooLib.java:79)
[15:28:57] [Server thread/WARN]: 	at top.maplex.incisiontest.taboolib.platform.BukkitPlugin.lambda$static$0(BukkitPlugin.java:73)
[15:28:57] [Server thread/WARN]: 	at top.maplex.incisiontest.taboolib.common.TabooLib.execution(TabooLib.java:228)
[15:28:57] [Server thread/WARN]: 	at top.maplex.incisiontest.taboolib.platform.BukkitPlugin.<clinit>(BukkitPlugin.java:38)
[15:28:57] [Server thread/WARN]: 	at java.base/java.lang.Class.forName0(Native Method)
[15:28:57] [Server thread/WARN]: 	at java.base/java.lang.Class.forName(Class.java:547)
[15:28:57] [Server thread/WARN]: 	at org.bukkit.plugin.java.PluginClassLoader.<init>(PluginClassLoader.java:68)
[15:28:57] [Server thread/WARN]: 	at org.bukkit.plugin.java.JavaPluginLoader.loadPlugin(JavaPluginLoader.java:145)
[15:28:57] [Server thread/WARN]: 	at org.bukkit.plugin.SimplePluginManager.loadPlugin(SimplePluginManager.java:406)
[15:28:57] [Server thread/WARN]: 	at org.bukkit.plugin.SimplePluginManager.loadPlugins(SimplePluginManager.java:313)
[15:28:57] [Server thread/WARN]: 	at org.bukkit.plugin.SimplePluginManager.loadPlugins(SimplePluginManager.java:122)
[15:28:57] [Server thread/WARN]: 	at org.bukkit.craftbukkit.CraftServer.loadPlugins(CraftServer.java:473)
[15:28:57] [Server thread/WARN]: 	at net.minecraft.server.dedicated.DedicatedServer.initServer(DedicatedServer.java:342)
[15:28:57] [Server thread/WARN]: 	at net.minecraft.server.MinecraftServer.runServer(MinecraftServer.java:1091)
[15:28:57] [Server thread/WARN]: 	at net.minecraft.server.MinecraftServer.lambda$spin$0(MinecraftServer.java:358)
[15:28:57] [Server thread/WARN]: 	at java.base/java.lang.Thread.run(Thread.java:1474)
[15:28:57] [Server thread/INFO]: [DEBUG] [Incision][DEBUG] JvmtiBackend.defineClass: ink.ptms.adyeshach.impl.nms.DefaultMinecraftHelper$$IncisionBodies in ink.ptms.adyeshach.taboolib.module.nms.AsmClassLoader@71c6d3c4
[15:28:57] [Server thread/INFO]: [DEBUG] [Incision][DEBUG] Bodies class defined in target loader: ink.ptms.adyeshach.impl.nms.DefaultMinecraftHelper$$IncisionBodies loader=ink.ptms.adyeshach.taboolib.module.nms.AsmClassLoader
[15:28:57] [Server thread/INFO]: [DEBUG] [Incision][DEBUG] installWeaver status=INSTALLED owner=ink/ptms/adyeshach/impl/nms/DefaultMinecraftHelper resolved=ink/ptms/adyeshach/impl/nms/DefaultMinecraftHelper advices=4 total=4 backend=Instrumentation
[15:28:57] [Server thread/INFO]: [DEBUG] [Incision][DEBUG] Surgeon 扫描: top.maplex.incisiontest.cases.AdyeshachIntegrationCases → 6 suture / 6 advice
[15:28:57] [Server thread/INFO]: [DEBUG] [Incision][DEBUG] register id=top.maplex.incisiontest.cases.OperationEnabledPriorityCases#aTNeg10@19 targets=[top/maplex/incisiontest/fixture/OperationEnabledPriorityFixture.cellTPriNeg10()I]
[15:28:57] [Server thread/INFO]: [DEBUG] [Incision][DEBUG] register id=top.maplex.incisiontest.cases.OperationEnabledPriorityCases#aT0@20 targets=[top/maplex/incisiontest/fixture/OperationEnabledPriorityFixture.cellTPri0()I]
[15:28:57] [Server thread/INFO]: [DEBUG] [Incision][DEBUG] register id=top.maplex.incisiontest.cases.OperationEnabledPriorityCases#aT5@21 targets=[top/maplex/incisiontest/fixture/OperationEnabledPriorityFixture.cellTPri5()I]
[15:28:57] [Server thread/INFO]: [DEBUG] [Incision][DEBUG] register id=top.maplex.incisiontest.cases.OperationEnabledPriorityCases#aT100@22 targets=[top/maplex/incisiontest/fixture/OperationEnabledPriorityFixture.cellTPri100()I]
[15:28:57] [Server thread/INFO]: [DEBUG] [Incision][DEBUG] register id=top.maplex.incisiontest.cases.OperationEnabledPriorityCases#aFNeg10@23 targets=[top/maplex/incisiontest/fixture/OperationEnabledPriorityFixture.cellFPriNeg10()I]
[15:28:57] [Server thread/INFO]: [DEBUG] [Incision][DEBUG] register id=top.maplex.incisiontest.cases.OperationEnabledPriorityCases#aF0@24 targets=[top/maplex/incisiontest/fixture/OperationEnabledPriorityFixture.cellFPri0()I]
[15:28:57] [Server thread/INFO]: [DEBUG] [Incision][DEBUG] register id=top.maplex.incisiontest.cases.OperationEnabledPriorityCases#aF5@25 targets=[top/maplex/incisiontest/fixture/OperationEnabledPriorityFixture.cellFPri5()I]
[15:28:57] [Server thread/INFO]: [DEBUG] [Incision][DEBUG] register id=top.maplex.incisiontest.cases.OperationEnabledPriorityCases#aF100@26 targets=[top/maplex/incisiontest/fixture/OperationEnabledPriorityFixture.cellFPri100()I]
[15:28:57] [Server thread/INFO]: [DEBUG] [Incision][DEBUG] register id=top.maplex.incisiontest.cases.OperationEnabledPriorityCases#same-pri-first@27 targets=[top/maplex/incisiontest/fixture/OperationEnabledPriorityFixture.samePriorityTarget()Ljava/util/List;]
[15:28:57] [Server thread/INFO]: [DEBUG] [Incision][DEBUG] register id=top.maplex.incisiontest.cases.OperationEnabledPriorityCases#same-pri-second@28 targets=[top/maplex/incisiontest/fixture/OperationEnabledPriorityFixture.samePriorityTarget()Ljava/util/List;]
[15:28:57] [Server thread/INFO]: [DEBUG] [Incision][DEBUG] register id=top.maplex.incisiontest.cases.OperationEnabledPriorityCases#cycle-advice@29 targets=[top/maplex/incisiontest/fixture/OperationEnabledPriorityFixture.cycleTarget()I]
[15:28:57] [Server thread/INFO]: [DEBUG] [Incision][DEBUG] installWeaver status=PENDING_LOAD owner=top/maplex/incisiontest/fixture/OperationEnabledPriorityFixture resolved=top/maplex/incisiontest/fixture/OperationEnabledPriorityFixture advices=11 total=11 backend=Instrumentation
[15:28:57] [Server thread/INFO]: [DEBUG] [Incision][DEBUG] Surgeon 扫描: top.maplex.incisiontest.cases.OperationEnabledPriorityCases → 11 suture / 11 advice
[15:28:57] [Server thread/INFO]: [DEBUG] [Incision][DEBUG] register id=top.maplex.incisiontest.cases.SurgeonCrossClCases#onIsHardcore@4 targets=[net/minecraft/server/MinecraftServer.isHardcore()Z]
[15:28:57] [Server thread/INFO]: [DEBUG] [Incision][DEBUG] register id=top.maplex.incisiontest.cases.SurgeonCrossClCases#onGetPlayerCount@5 targets=[net/minecraft/server/MinecraftServer.getPlayerCount()I]
[15:28:57] [Server thread/INFO]: [DEBUG] [Incision][DEBUG] register id=top.maplex.incisiontest.cases.SurgeonCrossClCases#onGetMaxPlayers@8 targets=[org/bukkit/Bukkit.getMaxPlayers()I]
[15:28:57] [Server thread/INFO]: [DEBUG] [Incision][DEBUG] weave inject net/minecraft/server/MinecraftServer.isHardcore()Z kinds=[LEAD] static=false
[15:28:57] [Server thread/INFO]: [DEBUG] [Incision][DEBUG] weave inject net/minecraft/server/MinecraftServer.getPlayerCount()I kinds=[LEAD] static=false
[15:28:57] [Server thread/INFO]: [DEBUG] [Incision][DEBUG] installWeaver status=INSTALLED owner=net/minecraft/server/MinecraftServer resolved=net/minecraft/server/MinecraftServer advices=2 total=2 backend=Instrumentation
[15:28:57] [Server thread/INFO]: [DEBUG] [Incision][DEBUG] weave inject org/bukkit/Bukkit.getMaxPlayers()I kinds=[LEAD] static=true
[15:28:57] [Server thread/INFO]: [DEBUG] [Incision][DEBUG] installWeaver status=INSTALLED owner=org/bukkit/Bukkit resolved=org/bukkit/Bukkit advices=1 total=1 backend=Instrumentation
[15:28:57] [Server thread/INFO]: [DEBUG] [Incision][DEBUG] Surgeon 扫描: top.maplex.incisiontest.cases.SurgeonCrossClCases → 3 suture / 3 advice
[15:28:57] [Server thread/INFO]: [DEBUG] [Incision][DEBUG] register id=top.maplex.incisiontest.cases.SurgeonAdvancedCases#onReturnsBoolExcise@4 targets=[top/maplex/incisiontest/fixture/SurgeonAdvancedTargetFixture.returnsBoolean(Z)Z]
[15:28:57] [Server thread/INFO]: [DEBUG] [Incision][DEBUG] register id=top.maplex.incisiontest.cases.SurgeonAdvancedCases#onLongCalcBypass@5 targets=[top/maplex/incisiontest/fixture/SurgeonAdvancedTargetFixture.longCalc(JJ)J]
[15:28:57] [Server thread/INFO]: [DEBUG] [Incision][DEBUG] installWeaver status=PENDING_LOAD owner=top/maplex/incisiontest/fixture/SurgeonAdvancedTargetFixture resolved=top/maplex/incisiontest/fixture/SurgeonAdvancedTargetFixture advices=2 total=2 backend=Instrumentation
[15:28:57] [Server thread/INFO]: [DEBUG] [Incision][DEBUG] Surgeon 扫描: top.maplex.incisiontest.cases.SurgeonAdvancedCases → 2 suture / 2 advice
[15:28:57] [Server thread/INFO]: [DEBUG] [Incision][DEBUG] register id=top.maplex.incisiontest.cases.AccessorTheatreDslCases#onDescribe@6 targets=[top/maplex/incisiontest/fixture/AccessorChildFixture.describe()Ljava/lang/String;]
[15:28:57] [Server thread/INFO]: [DEBUG] [Incision][DEBUG] installWeaver status=PENDING_LOAD owner=top/maplex/incisiontest/fixture/AccessorChildFixture resolved=top/maplex/incisiontest/fixture/AccessorChildFixture advices=1 total=1 backend=Instrumentation
[15:28:57] [Server thread/INFO]: [DEBUG] [Incision][DEBUG] Surgeon 扫描: top.maplex.incisiontest.cases.AccessorTheatreDslCases → 1 suture / 1 advice
[15:28:57] [Server thread/INFO]: [DEBUG] [Incision][DEBUG] register id=top.maplex.incisiontest.cases.SurgeonAnchorMatrixScopeCases#leadFullDescriptor@20 targets=[top/maplex/incisiontest/fixture/AnchorMatrixFixture_Scope.scopeMethodFull(Ljava/lang/String;)Ljava/lang/String;]
[15:28:57] [Server thread/INFO]: [DEBUG] [Incision][DEBUG] register id=top.maplex.incisiontest.cases.SurgeonAnchorMatrixScopeCases#leadWildArgs@21 targets=[top/maplex/incisiontest/fixture/AnchorMatrixFixture_Scope.scopeMethodWild(*)*]
[15:28:57] [Server thread/INFO]: [DEBUG] [Incision][DEBUG] register id=top.maplex.incisiontest.cases.SurgeonAnchorMatrixScopeCases#leadExactTarget@22 targets=[top/maplex/incisiontest/fixture/AnchorMatrixFixture_Scope.scopeStarTarget()Ljava/lang/String;]
[15:28:57] [Server thread/INFO]: [DEBUG] [Incision][DEBUG] register id=top.maplex.incisiontest.cases.SurgeonAnchorMatrixScopeCases#trailClassAndMethodA@23 targets=[top/maplex/incisiontest/fixture/AnchorMatrixFixture_Scope.scopeClassA()I]
[15:28:57] [Server thread/INFO]: [DEBUG] [Incision][DEBUG] register id=top.maplex.incisiontest.cases.SurgeonAnchorMatrixScopeCases#trailClassAndMethodB@24 targets=[top/maplex/incisiontest/fixture/AnchorMatrixFixture_Scope.scopeClassB()I]
[15:28:57] [Server thread/INFO]: [DEBUG] [Incision][DEBUG] register id=top.maplex.incisiontest.cases.SurgeonAnchorMatrixScopeCases#spliceFull@25 targets=[top/maplex/incisiontest/fixture/AnchorMatrixFixture_Scope.scopeShorthandArgs(Ljava/lang/String;I)Ljava/lang/String;]
[15:28:57] [Server thread/INFO]: [DEBUG] [Incision][DEBUG] Site selector: anchor=INVOKE mode=EXACT target=top/maplex/incisiontest/fixture/AnchorMatrixFixture_Scope.inner1()I ordinal=0 matches=1..1
[15:28:57] [Server thread/INFO]: [DEBUG] [Incision][DEBUG] register id=top.maplex.incisiontest.cases.SurgeonAnchorMatrixScopeCases#bypassFullDescriptor@26 targets=[top/maplex/incisiontest/fixture/AnchorMatrixFixture_Scope.scopeInvokeHelper()I]
[15:28:57] [Server thread/INFO]: [DEBUG] [Incision][DEBUG] Site selector: anchor=INVOKE mode=EXACT target=top/maplex/incisiontest/fixture/AnchorMatrixFixture_Scope.inner2()I ordinal=0 matches=1..1
[15:28:57] [Server thread/INFO]: [DEBUG] [Incision][DEBUG] register id=top.maplex.incisiontest.cases.SurgeonAnchorMatrixScopeCases#graftFullDescriptor@27 targets=[top/maplex/incisiontest/fixture/AnchorMatrixFixture_Scope.scopeInvokeHelper()I]
[15:28:57] [Server thread/INFO]: [DEBUG] [Incision][DEBUG] Site selector: anchor=HEAD mode=EXACT target=. ordinal=0 matches=1..1
[15:28:57] [Server thread/INFO]: [DEBUG] [Incision][DEBUG] register id=top.maplex.incisiontest.cases.SurgeonAnchorMatrixScopeCases#trimFullDescriptor@28 targets=[top/maplex/incisiontest/fixture/AnchorMatrixFixture_Scope.scopeTrimArgs(Ljava/lang/String;I)Ljava/lang/String;]
[15:28:57] [Server thread/INFO]: [DEBUG] [Incision][DEBUG] installWeaver status=PENDING_LOAD owner=top/maplex/incisiontest/fixture/AnchorMatrixFixture_Scope resolved=top/maplex/incisiontest/fixture/AnchorMatrixFixture_Scope advices=9 total=9 backend=Instrumentation
[15:28:57] [Server thread/INFO]: [DEBUG] [Incision][DEBUG] Surgeon 扫描: top.maplex.incisiontest.cases.SurgeonAnchorMatrixScopeCases → 9 suture / 9 advice
[15:28:57] [Server thread/INFO]: [DEBUG] [Incision][DEBUG] register id=top.maplex.incisiontest.cases.SurgeonAnchorMatrixCases#headLead@42 targets=[top/maplex/incisiontest/fixture/AnchorMatrixFixture.matrixSimpleReturn()Ljava/lang/String;]
[15:28:57] [Server thread/INFO]: [DEBUG] [Incision][DEBUG] register id=top.maplex.incisiontest.cases.SurgeonAnchorMatrixCases#tailTrailNormal@43 targets=[top/maplex/incisiontest/fixture/AnchorMatrixFixture.matrixSimpleReturn()Ljava/lang/String;]
[15:28:57] [Server thread/INFO]: [DEBUG] [Incision][DEBUG] register id=top.maplex.incisiontest.cases.SurgeonAnchorMatrixCases#trailMultiReturn@44 targets=[top/maplex/incisiontest/fixture/AnchorMatrixFixture.matrixMultiReturn(Z)I]
[15:28:57] [Server thread/INFO]: [DEBUG] [Incision][DEBUG] register id=top.maplex.incisiontest.cases.SurgeonAnchorMatrixCases#trailOnThrow@45 targets=[top/maplex/incisiontest/fixture/AnchorMatrixFixture.matrixThrowUncaught(Z)Ljava/lang/String;]
[15:28:57] [Server thread/INFO]: [DEBUG] [Incision][DEBUG] Site selector: anchor=INVOKE mode=EXACT target=top/maplex/incisiontest/fixture/AnchorMatrixFixture.helperA(I)I ordinal=0 matches=1..1
[15:28:57] [Server thread/INFO]: [DEBUG] [Incision][DEBUG] register id=top.maplex.incisiontest.cases.SurgeonAnchorMatrixCases#graftInvokeBefore0@46 targets=[top/maplex/incisiontest/fixture/AnchorMatrixFixture.matrixInvokeChain(I)I]
[15:28:57] [Server thread/INFO]: [DEBUG] [Incision][DEBUG] Site selector: anchor=INVOKE mode=EXACT target=top/maplex/incisiontest/fixture/AnchorMatrixFixture.helperA(I)I ordinal=1 matches=1..1
[15:28:57] [Server thread/INFO]: [DEBUG] [Incision][DEBUG] register id=top.maplex.incisiontest.cases.SurgeonAnchorMatrixCases#graftInvokeBefore1@47 targets=[top/maplex/incisiontest/fixture/AnchorMatrixFixture.matrixInvokeChain(I)I]
[15:28:57] [Server thread/INFO]: [DEBUG] [Incision][DEBUG] Site selector: anchor=INVOKE mode=EXACT target=top/maplex/incisiontest/fixture/AnchorMatrixFixture.helperA(I)I ordinal=-1 matches=1..-1
[15:28:57] [Server thread/INFO]: [DEBUG] [Incision][DEBUG] register id=top.maplex.incisiontest.cases.SurgeonAnchorMatrixCases#graftInvokeBeforeAll@48 targets=[top/maplex/incisiontest/fixture/AnchorMatrixFixture.matrixInvokeChain(I)I]
[15:28:57] [Server thread/INFO]: [DEBUG] [Incision][DEBUG] Site selector: anchor=INVOKE mode=EXACT target=top/maplex/incisiontest/fixture/AnchorMatrixFixture.helperA(I)I ordinal=0 matches=1..1
[15:28:57] [Server thread/INFO]: [DEBUG] [Incision][DEBUG] register id=top.maplex.incisiontest.cases.SurgeonAnchorMatrixCases#graftInvokeAfter0@49 targets=[top/maplex/incisiontest/fixture/AnchorMatrixFixture.matrixInvokeChain(I)I]
[15:28:57] [Server thread/INFO]: [DEBUG] [Incision][DEBUG] Site selector: anchor=FIELD_GET mode=EXACT target=top/maplex/incisiontest/fixture/AnchorMatrixFixture.counterI ordinal=0 matches=1..1
[15:28:57] [Server thread/INFO]: [DEBUG] [Incision][DEBUG] register id=top.maplex.incisiontest.cases.SurgeonAnchorMatrixCases#graftFieldGet@50 targets=[top/maplex/incisiontest/fixture/AnchorMatrixFixture.matrixFieldRead()I]
[15:28:57] [Server thread/INFO]: [DEBUG] [Incision][DEBUG] Site selector: anchor=FIELD_PUT mode=EXACT target=top/maplex/incisiontest/fixture/AnchorMatrixFixture.lastWrittenI ordinal=0 matches=1..1
[15:28:57] [Server thread/INFO]: [DEBUG] [Incision][DEBUG] register id=top.maplex.incisiontest.cases.SurgeonAnchorMatrixCases#graftFieldPut@51 targets=[top/maplex/incisiontest/fixture/AnchorMatrixFixture.matrixFieldWrite(I)V]
[15:28:57] [Server thread/INFO]: [DEBUG] [Incision][DEBUG] Site selector: anchor=NEW mode=EXACT target=java/util/ArrayList. ordinal=0 matches=1..1
[15:28:57] [Server thread/INFO]: [DEBUG] [Incision][DEBUG] register id=top.maplex.incisiontest.cases.SurgeonAnchorMatrixCases#graftNew@52 targets=[top/maplex/incisiontest/fixture/AnchorMatrixFixture.matrixAllocate()Ljava/util/ArrayList;]
[15:28:57] [Server thread/INFO]: [DEBUG] [Incision][DEBUG] Site selector: anchor=THROW mode=EXACT target=. ordinal=0 matches=1..1
[15:28:57] [Server thread/INFO]: [DEBUG] [Incision][DEBUG] register id=top.maplex.incisiontest.cases.SurgeonAnchorMatrixCases#graftThrow@53 targets=[top/maplex/incisiontest/fixture/AnchorMatrixFixture.matrixThrowUncaught(Z)Ljava/lang/String;]
[15:28:57] [Server thread/INFO]: [DEBUG] [Incision][DEBUG] Site selector: anchor=INVOKE mode=EXACT target=top/maplex/incisiontest/fixture/AnchorMatrixFixture.helperA(I)I ordinal=0 matches=1..1
[15:28:57] [Server thread/INFO]: [DEBUG] [Incision][DEBUG] register id=top.maplex.incisiontest.cases.SurgeonAnchorMatrixCases#bypassReplace@54 targets=[top/maplex/incisiontest/fixture/AnchorMatrixFixture.matrixInvokeMixed(I)I]
[15:28:57] [Server thread/INFO]: [DEBUG] [Incision][DEBUG] Site selector: anchor=RETURN mode=EXACT target=. ordinal=0 matches=1..1
[15:28:57] [Server thread/INFO]: [DEBUG] [Incision][DEBUG] register id=top.maplex.incisiontest.cases.SurgeonAnchorMatrixCases#trimReturnPlain@55 targets=[top/maplex/incisiontest/fixture/AnchorMatrixFixture.matrixPlainReturn()I]
[15:28:57] [Server thread/INFO]: [DEBUG] [Incision][DEBUG] Site selector: anchor=HEAD mode=EXACT target=. ordinal=0 matches=1..1
[15:28:57] [Server thread/INFO]: [DEBUG] [Incision][DEBUG] register id=top.maplex.incisiontest.cases.SurgeonAnchorMatrixCases#trimArg0@56 targets=[top/maplex/incisiontest/fixture/AnchorMatrixFixture.matrixEcho(Ljava/lang/String;)Ljava/lang/String;]
[15:28:57] [Server thread/INFO]: [DEBUG] [Incision][DEBUG] Site selector: anchor=HEAD mode=EXACT target=. ordinal=0 matches=1..1
[15:28:57] [Server thread/INFO]: [DEBUG] [Incision][DEBUG] register id=top.maplex.incisiontest.cases.SurgeonAnchorMatrixCases#trimArg1@57 targets=[top/maplex/incisiontest/fixture/AnchorMatrixFixture.matrixCombine(Ljava/lang/String;Ljava/lang/String;)Ljava/lang/String;]
[15:28:57] [Server thread/INFO]: [DEBUG] [Incision][DEBUG] register id=top.maplex.incisiontest.cases.SurgeonAnchorMatrixCases#exciseFullReplace@58 targets=[top/maplex/incisiontest/fixture/AnchorMatrixFixture.matrixExciseTarget()Ljava/lang/String;]
[15:28:57] [Server thread/INFO]: [DEBUG] [Incision][DEBUG] register id=top.maplex.incisiontest.cases.SurgeonAnchorMatrixCases#spliceProceedAndKeep@59 targets=[top/maplex/incisiontest/fixture/AnchorMatrixFixture.matrixSpliceTarget(I)I]
[15:28:57] [Server thread/INFO]: [DEBUG] [Incision][DEBUG] installWeaver status=PENDING_LOAD owner=top/maplex/incisiontest/fixture/AnchorMatrixFixture resolved=top/maplex/incisiontest/fixture/AnchorMatrixFixture advices=18 total=18 backend=Instrumentation
[15:28:57] [Server thread/INFO]: [DEBUG] [Incision][DEBUG] Surgeon 扫描: top.maplex.incisiontest.cases.SurgeonAnchorMatrixCases → 18 suture / 18 advice
[15:28:57] [Server thread/INFO]: [DEBUG] [Incision][DEBUG] Site selector: anchor=HEAD mode=EXACT target=. ordinal=0 matches=1..1
[15:28:57] [Server thread/INFO]: [DEBUG] [Incision][DEBUG] register id=top.maplex.incisiontest.cases.SurgeonAnchorMatrixTrimCases#trimArgSingle@18 targets=[top/maplex/incisiontest/fixture/AnchorMatrixFixture_Trim.trimSingleArg(Ljava/lang/String;)Ljava/lang/String;]
[15:28:57] [Server thread/INFO]: [DEBUG] [Incision][DEBUG] Site selector: anchor=HEAD mode=EXACT target=. ordinal=0 matches=1..1
[15:28:57] [Server thread/INFO]: [DEBUG] [Incision][DEBUG] register id=top.maplex.incisiontest.cases.SurgeonAnchorMatrixTrimCases#trimArgDouble0@19 targets=[top/maplex/incisiontest/fixture/AnchorMatrixFixture_Trim.trimDoubleArg(Ljava/lang/String;Ljava/lang/String;)Ljava/lang/String;]
[15:28:57] [Server thread/INFO]: [DEBUG] [Incision][DEBUG] Site selector: anchor=HEAD mode=EXACT target=. ordinal=0 matches=1..1
[15:28:57] [Server thread/INFO]: [DEBUG] [Incision][DEBUG] register id=top.maplex.incisiontest.cases.SurgeonAnchorMatrixTrimCases#trimArgDouble1@20 targets=[top/maplex/incisiontest/fixture/AnchorMatrixFixture_Trim.trimDoubleArg(Ljava/lang/String;Ljava/lang/String;)Ljava/lang/String;]
[15:28:57] [Server thread/INFO]: [DEBUG] [Incision][DEBUG] Site selector: anchor=HEAD mode=EXACT target=. ordinal=0 matches=1..1
[15:28:57] [Server thread/INFO]: [DEBUG] [Incision][DEBUG] register id=top.maplex.incisiontest.cases.SurgeonAnchorMatrixTrimCases#trimArgTriple2@21 targets=[top/maplex/incisiontest/fixture/AnchorMatrixFixture_Trim.trimTripleArg(Ljava/lang/String;Ljava/lang/String;Ljava/lang/String;)Ljava/lang/String;]
[15:28:57] [Server thread/INFO]: [DEBUG] [Incision][DEBUG] Site selector: anchor=HEAD mode=EXACT target=. ordinal=0 matches=1..1
[15:28:57] [Server thread/INFO]: [DEBUG] [Incision][DEBUG] register id=top.maplex.incisiontest.cases.SurgeonAnchorMatrixTrimCases#trimArgQuad3@22 targets=[top/maplex/incisiontest/fixture/AnchorMatrixFixture_Trim.trimQuadArg(Ljava/lang/String;Ljava/lang/String;Ljava/lang/String;Ljava/lang/String;)Ljava/lang/String;]
[15:28:57] [Server thread/INFO]: [DEBUG] [Incision][DEBUG] Site selector: anchor=RETURN mode=EXACT target=. ordinal=0 matches=1..1
[15:28:57] [Server thread/INFO]: [DEBUG] [Incision][DEBUG] register id=top.maplex.incisiontest.cases.SurgeonAnchorMatrixTrimCases#trimReturnInt@23 targets=[top/maplex/incisiontest/fixture/AnchorMatrixFixture_Trim.trimReturnInt()I]
[15:28:57] [Server thread/INFO]: [DEBUG] [Incision][DEBUG] Site selector: anchor=RETURN mode=EXACT target=. ordinal=0 matches=1..1
[15:28:57] [Server thread/INFO]: [DEBUG] [Incision][DEBUG] register id=top.maplex.incisiontest.cases.SurgeonAnchorMatrixTrimCases#trimReturnLong@24 targets=[top/maplex/incisiontest/fixture/AnchorMatrixFixture_Trim.trimReturnLong()J]
[15:28:57] [Server thread/INFO]: [DEBUG] [Incision][DEBUG] Site selector: anchor=RETURN mode=EXACT target=. ordinal=0 matches=1..1
[15:28:57] [Server thread/INFO]: [DEBUG] [Incision][DEBUG] register id=top.maplex.incisiontest.cases.SurgeonAnchorMatrixTrimCases#trimReturnString@25 targets=[top/maplex/incisiontest/fixture/AnchorMatrixFixture_Trim.trimReturnString()Ljava/lang/String;]
[15:28:57] [Server thread/INFO]: [DEBUG] [Incision][DEBUG] Site selector: anchor=RETURN mode=EXACT target=. ordinal=0 matches=1..1
[15:28:57] [Server thread/INFO]: [DEBUG] [Incision][DEBUG] register id=top.maplex.incisiontest.cases.SurgeonAnchorMatrixTrimCases#trimReturnBool@26 targets=[top/maplex/incisiontest/fixture/AnchorMatrixFixture_Trim.trimReturnBoolean()Z]
[15:28:57] [Server thread/INFO]: [DEBUG] [Incision][DEBUG] installWeaver status=PENDING_LOAD owner=top/maplex/incisiontest/fixture/AnchorMatrixFixture_Trim resolved=top/maplex/incisiontest/fixture/AnchorMatrixFixture_Trim advices=9 total=9 backend=Instrumentation
[15:28:57] [Server thread/INFO]: [DEBUG] [Incision][DEBUG] Surgeon 扫描: top.maplex.incisiontest.cases.SurgeonAnchorMatrixTrimCases → 9 suture / 9 advice
[15:28:57] [Server thread/INFO]: [DEBUG] [Incision][DEBUG] register id=top.maplex.incisiontest.cases.OperationMatrixCases#adviceM1@19 targets=[top/maplex/incisiontest/fixture/OperationMatrixFixture.m1Default()I]
[15:28:57] [Server thread/INFO]: [DEBUG] [Incision][DEBUG] register id=top.maplex.incisiontest.cases.OperationMatrixCases#m2-cust@20 targets=[top/maplex/incisiontest/fixture/OperationMatrixFixture.m2CustomId()I]
[15:28:57] [Server thread/INFO]: [DEBUG] [Incision][DEBUG] register id=top.maplex.incisiontest.cases.OperationMatrixCases#adviceM3@21 targets=[top/maplex/incisiontest/fixture/OperationMatrixFixture.m3DisabledNoId()I]
[15:28:57] [Server thread/INFO]: [DEBUG] [Incision][DEBUG] register id=top.maplex.incisiontest.cases.OperationMatrixCases#adviceM4@22 targets=[top/maplex/incisiontest/fixture/OperationMatrixFixture.m4PriorityPositive()I]
[15:28:57] [Server thread/INFO]: [DEBUG] [Incision][DEBUG] register id=top.maplex.incisiontest.cases.OperationMatrixCases#adviceM5@23 targets=[top/maplex/incisiontest/fixture/OperationMatrixFixture.m5PriorityNegative()I]
[15:28:57] [Server thread/INFO]: [DEBUG] [Incision][DEBUG] register id=top.maplex.incisiontest.cases.OperationMatrixCases#m6-cust@24 targets=[top/maplex/incisiontest/fixture/OperationMatrixFixture.m6IdAndPriority()I]
[15:28:57] [Server thread/INFO]: [DEBUG] [Incision][DEBUG] register id=top.maplex.incisiontest.cases.OperationMatrixCases#m7-cust@25 targets=[top/maplex/incisiontest/fixture/OperationMatrixFixture.m7IdAndDisabled()I]
[15:28:57] [Server thread/INFO]: [DEBUG] [Incision][DEBUG] register id=top.maplex.incisiontest.cases.OperationMatrixCases#m8-cust@26 targets=[top/maplex/incisiontest/fixture/OperationMatrixFixture.m8AllThree()I]
[15:28:57] [Server thread/INFO]: [DEBUG] [Incision][DEBUG] register id=top.maplex.incisiontest.cases.OperationMatrixCases#adviceM9@27 targets=[top/maplex/incisiontest/fixture/OperationMatrixFixture.m9PriorityZeroExplicit()I]
[15:28:57] [Server thread/INFO]: [DEBUG] [Incision][DEBUG] register id=top.maplex.incisiontest.cases.OperationMatrixCases#orderHigh@28 targets=[top/maplex/incisiontest/fixture/OperationMatrixFixture.mOrderTarget()Ljava/util/List;]
[15:28:57] [Server thread/INFO]: [DEBUG] [Incision][DEBUG] register id=top.maplex.incisiontest.cases.OperationMatrixCases#orderMid@29 targets=[top/maplex/incisiontest/fixture/OperationMatrixFixture.mOrderTarget()Ljava/util/List;]
[15:28:57] [Server thread/INFO]: [DEBUG] [Incision][DEBUG] register id=top.maplex.incisiontest.cases.OperationMatrixCases#orderZero@30 targets=[top/maplex/incisiontest/fixture/OperationMatrixFixture.mOrderTarget()Ljava/util/List;]
[15:28:57] [Server thread/INFO]: [DEBUG] [Incision][DEBUG] register id=top.maplex.incisiontest.cases.OperationMatrixCases#orderLow@31 targets=[top/maplex/incisiontest/fixture/OperationMatrixFixture.mOrderTarget()Ljava/util/List;]
[15:28:57] [Server thread/INFO]: [DEBUG] [Incision][DEBUG] installWeaver status=PENDING_LOAD owner=top/maplex/incisiontest/fixture/OperationMatrixFixture resolved=top/maplex/incisiontest/fixture/OperationMatrixFixture advices=13 total=13 backend=Instrumentation
[15:28:57] [Server thread/INFO]: [DEBUG] [Incision][DEBUG] Surgeon 扫描: top.maplex.incisiontest.cases.OperationMatrixCases → 13 suture / 13 advice
[15:28:57] [Server thread/INFO]: [DEBUG] [Incision][DEBUG] @Surgeon top.maplex.incisiontest.cases.SurgeonVersionCases#onLegacy 因 @Version([1.8, 1.17]) 跳过 (current=26.1.2)
[15:28:57] [Server thread/INFO]: [DEBUG] [Incision][DEBUG] @Surgeon top.maplex.incisiontest.cases.SurgeonVersionCases#onModern 因 @Version([1.17, 26.1]) 跳过 (current=26.1.2)
[15:28:57] [Server thread/INFO]: [DEBUG] [Incision][DEBUG] register id=top.maplex.incisiontest.cases.SurgeonVersionCases#onFuture@31 targets=[top/maplex/incisiontest/fixture/SurgeonVersionTargetFixture.versionedTarget()Ljava/lang/String;]
[15:28:57] [Server thread/INFO]: [DEBUG] [Incision][DEBUG] register id=top.maplex.incisiontest.cases.SurgeonVersionCases#onNoop@32 targets=[top/maplex/incisiontest/fixture/SurgeonVersionTargetFixture.noopMatcherTarget()Ljava/lang/String;]
[15:28:57] [Server thread/INFO]: [DEBUG] [Incision][DEBUG] register id=top.maplex.incisiontest.cases.SurgeonVersionCases#onNmsGetPlayerCount@33 targets=[net/minecraft/server/MinecraftServer.getPlayerCount()I]
[15:28:57] [Server thread/INFO]: [DEBUG] [Incision][DEBUG] register id=top.maplex.incisiontest.cases.SurgeonVersionCases#onFakeInRange@34 targets=[top/maplex/incisiontest/fixture/SurgeonVersionTargetFixture.fakeMatcherInRange()Ljava/lang/String;]
[15:28:57] [Server thread/INFO]: [DEBUG] [Incision][DEBUG] @Surgeon top.maplex.incisiontest.cases.SurgeonVersionCases#onFakeBelowStart 因 @Version([3.0, 4.0]) 跳过 (current=2.5)
[15:28:57] [Server thread/INFO]: [DEBUG] [Incision][DEBUG] @Surgeon top.maplex.incisiontest.cases.SurgeonVersionCases#onFakeAboveEnd 因 @Version([0.1, 1.0]) 跳过 (current=2.5)
[15:28:57] [Server thread/INFO]: [DEBUG] [Incision][DEBUG] register id=top.maplex.incisiontest.cases.SurgeonVersionCases#onFakeBoundaryEnd@37 targets=[top/maplex/incisiontest/fixture/SurgeonVersionTargetFixture.fakeMatcherBoundaryEnd()Ljava/lang/String;]
[15:28:57] [Server thread/INFO]: [DEBUG] [Incision][DEBUG] register id=top.maplex.incisiontest.cases.SurgeonVersionCases#onFakeBoundaryStart@38 targets=[top/maplex/incisiontest/fixture/SurgeonVersionTargetFixture.fakeMatcherBoundaryStart()Ljava/lang/String;]
[15:28:57] [Server thread/WARN]: [Incision][WARN] VersionMatcher 解析失败: top.maplex.incisiontest.api.FailingVersionMatcher — java.lang.reflect.InvocationTargetException: null; fail-closed
[15:28:57] [Server thread/INFO]: [DEBUG] [Incision][DEBUG] register id=top.maplex.incisiontest.cases.SurgeonVersionCases#onMissingMatcherFallback@39 targets=[top/maplex/incisiontest/fixture/SurgeonVersionTargetFixture.missingMatcherFallback()Ljava/lang/String;]
[15:28:57] [Server thread/INFO]: [DEBUG] [Incision][DEBUG] @Surgeon top.maplex.incisiontest.cases.SurgeonVersionCases#onMultiRange0 因 @Version([0, 1]) 跳过 (current=2.5)
[15:28:57] [Server thread/INFO]: [DEBUG] [Incision][DEBUG] register id=top.maplex.incisiontest.cases.SurgeonVersionCases#onMultiRange1@41 targets=[top/maplex/incisiontest/fixture/SurgeonVersionTargetFixture.multiRangeByIndex()Ljava/lang/String;]
[15:28:57] [Server thread/INFO]: [DEBUG] [Incision][DEBUG] @Surgeon top.maplex.incisiontest.cases.SurgeonVersionCases#onMultiRange2 因 @Version([4, 5]) 跳过 (current=2.5)
[15:28:57] [Server thread/INFO]: [DEBUG] [Incision][DEBUG] installWeaver status=PENDING_LOAD owner=top/maplex/incisiontest/fixture/SurgeonVersionTargetFixture resolved=top/maplex/incisiontest/fixture/SurgeonVersionTargetFixture advices=7 total=7 backend=Instrumentation
[15:28:57] [Server thread/INFO]: [DEBUG] [Incision][DEBUG] weave inject net/minecraft/server/MinecraftServer.isHardcore()Z kinds=[LEAD] static=false
[15:28:57] [Server thread/INFO]: [DEBUG] [Incision][DEBUG] weave inject net/minecraft/server/MinecraftServer.getPlayerCount()I kinds=[LEAD] static=false
[15:28:57] [Server thread/INFO]: [DEBUG] [Incision][DEBUG] installWeaver status=INSTALLED owner=net/minecraft/server/MinecraftServer resolved=net/minecraft/server/MinecraftServer advices=1 total=3 backend=Instrumentation
[15:28:57] [Server thread/INFO]: [DEBUG] [Incision][DEBUG] Surgeon 扫描: top.maplex.incisiontest.cases.SurgeonVersionCases → 8 suture / 8 advice
[15:28:57] [Server thread/INFO]: [DEBUG] [Incision][DEBUG] register id=top.maplex.incisiontest.cases.AccessorUtilCases#onProcess@26 targets=[top/maplex/incisiontest/fixture/UtilFixture.process(Ljava/lang/String;ILjava/lang/Object;)Ljava/lang/String;]
[15:28:57] [Server thread/INFO]: [DEBUG] [Incision][DEBUG] installWeaver status=PENDING_LOAD owner=top/maplex/incisiontest/fixture/UtilFixture resolved=top/maplex/incisiontest/fixture/UtilFixture advices=1 total=1 backend=Instrumentation
[15:28:57] [Server thread/INFO]: [DEBUG] [Incision][DEBUG] Surgeon 扫描: top.maplex.incisiontest.cases.AccessorUtilCases → 1 suture / 1 advice
[15:28:57] [Server thread/INFO]: [DEBUG] [Incision][DEBUG] register id=top.maplex.incisiontest.cases.SharpnessObserver#observeSharpness@0 targets=[net/minecraft/world/item/enchantment/EnchantmentHelper.modifyDamage(Lnet/minecraft/server/level/ServerLevel;Lnet/minecraft/world/item/ItemStack;Lnet/minecraft/world/entity/Entity;Lnet/minecraft/world/damagesource/DamageSource;F)F]
[15:28:58] [Server thread/INFO]: [DEBUG] [Incision][DEBUG] installWeaver status=PENDING_LOAD owner=net/minecraft/world/item/enchantment/EnchantmentHelper resolved=net/minecraft/world/item/enchantment/EnchantmentHelper advices=1 total=2 backend=Instrumentation
[15:28:58] [Server thread/INFO]: [DEBUG] [Incision][DEBUG] Surgeon 扫描: top.maplex.incisiontest.cases.SharpnessObserver → 1 suture / 1 advice
[15:28:58] [Server thread/INFO]: [DEBUG] [Incision][DEBUG] register id=top.maplex.incisiontest.cases.SurgeonAnchorMatrixPriorityLow#lowPriority@2 targets=[top/maplex/incisiontest/fixture/AnchorMatrixFixture_Priority.prioritySurgeonTarget()Ljava/lang/String;]
[15:28:58] [Server thread/INFO]: [DEBUG] [Incision][DEBUG] installWeaver status=PENDING_LOAD owner=top/maplex/incisiontest/fixture/AnchorMatrixFixture_Priority resolved=top/maplex/incisiontest/fixture/AnchorMatrixFixture_Priority advices=1 total=7 backend=Instrumentation
[15:28:58] [Server thread/INFO]: [DEBUG] [Incision][DEBUG] Surgeon 扫描: top.maplex.incisiontest.cases.SurgeonAnchorMatrixPriorityLow → 1 suture / 1 advice
[15:28:58] [Server thread/INFO]: [DEBUG] [Incision][DEBUG] register id=top.maplex.incisiontest.cases.KotlinTargetMatrixCases#onFF@20 targets=[top/maplex/incisiontest/fixture/KotlinTargetMatrixFixture.ffEcho(Ljava/lang/String;)Ljava/lang/String;]
[15:28:58] [Server thread/INFO]: [DEBUG] [Incision][DEBUG] register id=top.maplex.incisiontest.cases.KotlinTargetMatrixCases#onFFAlt@21 targets=[top/maplex/incisiontest/fixture/KotlinTargetMatrixFixture.ffAltMethod(I)I]
[15:28:58] [Server thread/INFO]: [DEBUG] [Incision][DEBUG] register id=top.maplex.incisiontest.cases.KotlinTargetMatrixCases#onFT@22 targets=[top/maplex/incisiontest/fixture/KotlinTargetMatrixFixture.ftStaticEcho(Ljava/lang/String;)Ljava/lang/String;]
[15:28:58] [Server thread/INFO]: [DEBUG] [Incision][DEBUG] register id=top.maplex.incisiontest.cases.KotlinTargetMatrixCases#onFTAlt@23 targets=[top/maplex/incisiontest/fixture/KotlinTargetMatrixFixture.ftStaticAlt(I)I]
[15:28:58] [Server thread/INFO]: [DEBUG] [Incision][DEBUG] register id=top.maplex.incisiontest.cases.KotlinTargetMatrixCases#onTF@24 targets=[top/maplex/incisiontest/fixture/KotlinTargetMatrixFixture$Companion.tfCompanionEcho(Ljava/lang/String;)Ljava/lang/String;]
[15:28:58] [Server thread/INFO]: [DEBUG] [Incision][DEBUG] register id=top.maplex.incisiontest.cases.KotlinTargetMatrixCases#onTFAlt@25 targets=[top/maplex/incisiontest/fixture/KotlinTargetMatrixFixture$Companion.tfCompanionAlt(I)I]
[15:28:58] [Server thread/INFO]: [DEBUG] [Incision][DEBUG] register id=top.maplex.incisiontest.cases.KotlinTargetMatrixCases#onTTStatic@26 targets=[top/maplex/incisiontest/fixture/KotlinTargetMatrixFixture.ttBothEcho(Ljava/lang/String;)Ljava/lang/String;]
[15:28:58] [Server thread/INFO]: [DEBUG] [Incision][DEBUG] register id=top.maplex.incisiontest.cases.KotlinTargetMatrixCases#onTTCompanion@27 targets=[top/maplex/incisiontest/fixture/KotlinTargetMatrixFixture$Companion.ttBothEcho(Ljava/lang/String;)Ljava/lang/String;]
[15:28:58] [Server thread/INFO]: [DEBUG] [Incision][DEBUG] register id=top.maplex.incisiontest.cases.KotlinTargetMatrixCases#onTTAltStatic@28 targets=[top/maplex/incisiontest/fixture/KotlinTargetMatrixFixture.ttBothAlt(I)I]
[15:28:58] [Server thread/INFO]: [DEBUG] [Incision][DEBUG] register id=top.maplex.incisiontest.cases.KotlinTargetMatrixCases#onTTAltCompanion@29 targets=[top/maplex/incisiontest/fixture/KotlinTargetMatrixFixture$Companion.ttBothAlt(I)I]
[15:28:58] [Server thread/INFO]: [DEBUG] [Incision][DEBUG] installWeaver status=PENDING_LOAD owner=top/maplex/incisiontest/fixture/KotlinTargetMatrixFixture resolved=top/maplex/incisiontest/fixture/KotlinTargetMatrixFixture advices=6 total=6 backend=Instrumentation
[15:28:58] [Server thread/INFO]: [DEBUG] [Incision][DEBUG] installWeaver status=PENDING_LOAD owner=top/maplex/incisiontest/fixture/KotlinTargetMatrixFixture$Companion resolved=top/maplex/incisiontest/fixture/KotlinTargetMatrixFixture$Companion advices=4 total=4 backend=Instrumentation
[15:28:58] [Server thread/INFO]: [DEBUG] [Incision][DEBUG] Surgeon 扫描: top.maplex.incisiontest.cases.KotlinTargetMatrixCases → 10 suture / 10 advice
[15:28:58] [Server thread/INFO]: [DEBUG] [Incision][DEBUG] register id=top.maplex.incisiontest.cases.AccessorCases#onPublicDouble@18 targets=[top/maplex/incisiontest/fixture/AccessorFixture.publicDouble(I)I]
[15:28:58] [Server thread/INFO]: [DEBUG] [Incision][DEBUG] weave inject top/maplex/incisiontest/fixture/AccessorFixture.publicDouble(I)I kinds=[LEAD] static=false
[15:28:58] [Server thread/INFO]: [DEBUG] [Incision][DEBUG] installWeaver status=INSTALLED owner=top/maplex/incisiontest/fixture/AccessorFixture resolved=top/maplex/incisiontest/fixture/AccessorFixture advices=1 total=1 backend=Instrumentation
[15:28:58] [Server thread/INFO]: [DEBUG] [Incision][DEBUG] Surgeon 扫描: top.maplex.incisiontest.cases.AccessorCases → 1 suture / 1 advice
[15:28:58] [Server thread/INFO]: [DEBUG] [Incision][DEBUG] register id=top.maplex.incisiontest.cases.SurgeonInsnPatternCases#onAccumulatePattern@73 targets=[top/maplex/incisiontest/fixture/InsnPatternFixture.accumulate(I)I]
[15:28:58] [Server thread/INFO]: [DEBUG] [Incision][DEBUG] register id=top.maplex.incisiontest.cases.SurgeonInsnPatternCases#onArithmeticIconst5@74 targets=[top/maplex/incisiontest/fixture/ComplexOpcodeFixture.arithmetic(I)I]
[15:28:58] [Server thread/INFO]: [DEBUG] [Incision][DEBUG] register id=top.maplex.incisiontest.cases.SurgeonInsnPatternCases#onArithmeticSeq2@75 targets=[top/maplex/incisiontest/fixture/ComplexOpcodeFixture.arithmetic(I)I]
[15:28:58] [Server thread/INFO]: [DEBUG] [Incision][DEBUG] register id=top.maplex.incisiontest.cases.SurgeonInsnPatternCases#onArithmeticSeq4@76 targets=[top/maplex/incisiontest/fixture/ComplexOpcodeFixture.arithmetic(I)I]
[15:28:58] [Server thread/INFO]: [DEBUG] [Incision][DEBUG] register id=top.maplex.incisiontest.cases.SurgeonInsnPatternCases#onArithmeticAny@77 targets=[top/maplex/incisiontest/fixture/ComplexOpcodeFixture.arithmetic(I)I]
[15:28:58] [Server thread/INFO]: [DEBUG] [Incision][DEBUG] register id=top.maplex.incisiontest.cases.SurgeonInsnPatternCases#onIconstFamilyRepeat@78 targets=[top/maplex/incisiontest/fixture/ComplexOpcodeFixture.arithmetic(I)I]
[15:28:58] [Server thread/INFO]: [DEBUG] [Incision][DEBUG] register id=top.maplex.incisiontest.cases.SurgeonInsnPatternCases#onLdcString@79 targets=[top/maplex/incisiontest/fixture/ComplexOpcodeFixture.loadStrings()Ljava/lang/String;]
[15:28:58] [Server thread/INFO]: [DEBUG] [Incision][DEBUG] register id=top.maplex.incisiontest.cases.SurgeonInsnPatternCases#onLdcCstFiltered@80 targets=[top/maplex/incisiontest/fixture/ComplexOpcodeFixture.loadStrings()Ljava/lang/String;]
[15:28:58] [Server thread/INFO]: [DEBUG] [Incision][DEBUG] register id=top.maplex.incisiontest.cases.SurgeonInsnPatternCases#onFieldGet@81 targets=[top/maplex/incisiontest/fixture/ComplexOpcodeFixture.touchFields()I]
[15:28:58] [Server thread/INFO]: [DEBUG] [Incision][DEBUG] register id=top.maplex.incisiontest.cases.SurgeonInsnPatternCases#onFieldPut@82 targets=[top/maplex/incisiontest/fixture/ComplexOpcodeFixture.touchFields()I]
[15:28:58] [Server thread/INFO]: [DEBUG] [Incision][DEBUG] register id=top.maplex.incisiontest.cases.SurgeonInsnPatternCases#onNewStringBuilder@83 targets=[top/maplex/incisiontest/fixture/ComplexOpcodeFixture.buildBuffer()Ljava/lang/String;]
[15:28:58] [Server thread/INFO]: [DEBUG] [Incision][DEBUG] register id=top.maplex.incisiontest.cases.SurgeonInsnPatternCases#onInvokeVirtualGlob@84 targets=[top/maplex/incisiontest/fixture/ComplexOpcodeFixture.buildBuffer()Ljava/lang/String;]
[15:28:58] [Server thread/INFO]: [DEBUG] [Incision][DEBUG] register id=top.maplex.incisiontest.cases.SurgeonInsnPatternCases#onInvokeStaticMath@85 targets=[top/maplex/incisiontest/fixture/ComplexOpcodeFixture.staticCalls()I]
[15:28:58] [Server thread/INFO]: [DEBUG] [Incision][DEBUG] register id=top.maplex.incisiontest.cases.SurgeonInsnPatternCases#onNewArray@86 targets=[top/maplex/incisiontest/fixture/ComplexOpcodeFixture.arrays()I]
[15:28:58] [Server thread/INFO]: [DEBUG] [Incision][DEBUG] register id=top.maplex.incisiontest.cases.SurgeonInsnPatternCases#onANewArray@87 targets=[top/maplex/incisiontest/fixture/ComplexOpcodeFixture.arrays()I]
[15:28:58] [Server thread/INFO]: [DEBUG] [Incision][DEBUG] register id=top.maplex.incisiontest.cases.SurgeonInsnPatternCases#onInstanceOf@88 targets=[top/maplex/incisiontest/fixture/ComplexOpcodeFixture.typeCheck(Ljava/lang/Object;)I]
[15:28:58] [Server thread/INFO]: [DEBUG] [Incision][DEBUG] register id=top.maplex.incisiontest.cases.SurgeonInsnPatternCases#onCheckCast@89 targets=[top/maplex/incisiontest/fixture/ComplexOpcodeFixture.typeCheck(Ljava/lang/Object;)I]
[15:28:58] [Server thread/INFO]: [DEBUG] [Incision][DEBUG] register id=top.maplex.incisiontest.cases.SurgeonInsnPatternCases#onIfeq@90 targets=[top/maplex/incisiontest/fixture/ComplexOpcodeFixture.branch(Z)I]
[15:28:58] [Server thread/INFO]: [DEBUG] [Incision][DEBUG] @Surgeon pattern 未命中，跳过 advice: top.maplex.incisiontest.cases.SurgeonInsnPatternCases#onGoto
[15:28:58] [Server thread/INFO]: [DEBUG] [Incision][DEBUG] register id=top.maplex.incisiontest.cases.SurgeonInsnPatternCases#onAthrow@92 targets=[top/maplex/incisiontest/fixture/ComplexOpcodeFixture.throwIt()Ljava/lang/String;]
[15:28:58] [Server thread/INFO]: [DEBUG] [Incision][DEBUG] register id=top.maplex.incisiontest.cases.SurgeonInsnPatternCases#onReturn@93 targets=[top/maplex/incisiontest/fixture/ComplexOpcodeFixture.arithmetic(I)I]
[15:28:58] [Server thread/INFO]: [DEBUG] [Incision][DEBUG] register id=top.maplex.incisiontest.cases.SurgeonInsnPatternCases#onSeq3@94 targets=[top/maplex/incisiontest/fixture/ComplexOpcodeFixture.loadStrings()Ljava/lang/String;]
[15:28:58] [Server thread/INFO]: [DEBUG] [Incision][DEBUG] register id=top.maplex.incisiontest.cases.SurgeonInsnPatternCases#onEmptyPattern@95 targets=[top/maplex/incisiontest/fixture/ComplexOpcodeFixture.emptyBody()V]
[15:28:58] [Server thread/INFO]: [DEBUG] [Incision][DEBUG] register id=top.maplex.incisiontest.cases.SurgeonInsnPatternCases#onSeq5@96 targets=[top/maplex/incisiontest/fixture/ComplexOpcodeFixture.densePattern()I]
[15:28:58] [Server thread/INFO]: [DEBUG] [Incision][DEBUG] register id=top.maplex.incisiontest.cases.SurgeonInsnPatternCases#onRepeat2@97 targets=[top/maplex/incisiontest/fixture/ComplexOpcodeFixture.multiFieldPut()I]
[15:28:58] [Server thread/INFO]: [DEBUG] [Incision][DEBUG] register id=top.maplex.incisiontest.cases.SurgeonInsnPatternCases#onRepeat5@98 targets=[top/maplex/incisiontest/fixture/ComplexOpcodeFixture.multiFieldPut()I]
[15:28:58] [Server thread/INFO]: [DEBUG] [Incision][DEBUG] register id=top.maplex.incisiontest.cases.SurgeonInsnPatternCases#onCstNumeric@99 targets=[top/maplex/incisiontest/fixture/ComplexOpcodeFixture.numberLdc()J]
[15:28:58] [Server thread/INFO]: [DEBUG] [Incision][DEBUG] register id=top.maplex.incisiontest.cases.SurgeonInsnPatternCases#onGlobOwnerJavaLang@100 targets=[top/maplex/incisiontest/fixture/ComplexOpcodeFixture.staticCalls()I]
[15:28:58] [Server thread/INFO]: [DEBUG] [Incision][DEBUG] register id=top.maplex.incisiontest.cases.SurgeonInsnPatternCases#onGlobNameSuffix@101 targets=[top/maplex/incisiontest/fixture/ComplexOpcodeFixture.staticCalls()I]
[15:28:58] [Server thread/INFO]: [DEBUG] [Incision][DEBUG] @Surgeon pattern 未命中，跳过 advice: top.maplex.incisiontest.cases.SurgeonInsnPatternCases#onGlobDesc
[15:28:58] [Server thread/INFO]: [DEBUG] [Incision][DEBUG] register id=top.maplex.incisiontest.cases.SurgeonInsnPatternCases#onDescExact@103 targets=[top/maplex/incisiontest/fixture/ComplexOpcodeFixture.staticCalls()I]
[15:28:58] [Server thread/INFO]: [DEBUG] [Incision][DEBUG] register id=top.maplex.incisiontest.cases.SurgeonInsnPatternCases#onInvokeInterface@104 targets=[top/maplex/incisiontest/fixture/ComplexOpcodeFixture.interfaceCall(Ljava/util/List;)I]
[15:28:58] [Server thread/INFO]: [DEBUG] [Incision][DEBUG] register id=top.maplex.incisiontest.cases.SurgeonInsnPatternCases#onInvokeSpecial@105 targets=[top/maplex/incisiontest/fixture/ComplexOpcodeFixture.buildBuffer()Ljava/lang/String;]
[15:28:58] [Server thread/INFO]: [DEBUG] [Incision][DEBUG] register id=top.maplex.incisiontest.cases.SurgeonInsnPatternCases#onArrayLength@106 targets=[top/maplex/incisiontest/fixture/ComplexOpcodeFixture.arrays()I]
[15:28:58] [Server thread/INFO]: [DEBUG] [Incision][DEBUG] @Surgeon pattern 未命中，跳过 advice: top.maplex.incisiontest.cases.SurgeonInsnPatternCases#onNop
[15:28:58] [Server thread/INFO]: [DEBUG] [Incision][DEBUG] register id=top.maplex.incisiontest.cases.SurgeonInsnPatternCases#onDup@108 targets=[top/maplex/incisiontest/fixture/ComplexOpcodeFixture.buildBuffer()Ljava/lang/String;]
[15:28:58] [Server thread/INFO]: [DEBUG] [Incision][DEBUG] weave inject top/maplex/incisiontest/fixture/InsnPatternFixture.accumulate(I)I kinds=[LEAD] static=false
[15:28:58] [Server thread/INFO]: [DEBUG] [Incision][DEBUG] installWeaver status=INSTALLED owner=top/maplex/incisiontest/fixture/InsnPatternFixture resolved=top/maplex/incisiontest/fixture/InsnPatternFixture advices=1 total=1 backend=Instrumentation
[15:28:58] [Server thread/INFO]: [DEBUG] [Incision][DEBUG] weave inject top/maplex/incisiontest/fixture/ComplexOpcodeFixture.typeCheck(Ljava/lang/Object;)I kinds=[LEAD] static=false
[15:28:58] [Server thread/INFO]: [DEBUG] [Incision][DEBUG] weave inject top/maplex/incisiontest/fixture/ComplexOpcodeFixture.branch(Z)I kinds=[LEAD] static=false
[15:28:58] [Server thread/INFO]: [DEBUG] [Incision][DEBUG] weave inject top/maplex/incisiontest/fixture/ComplexOpcodeFixture.arrays()I kinds=[LEAD] static=false
[15:28:58] [Server thread/INFO]: [DEBUG] [Incision][DEBUG] weave inject top/maplex/incisiontest/fixture/ComplexOpcodeFixture.loadStrings()Ljava/lang/String; kinds=[LEAD] static=false
[15:28:58] [Server thread/INFO]: [DEBUG] [Incision][DEBUG] weave inject top/maplex/incisiontest/fixture/ComplexOpcodeFixture.touchFields()I kinds=[LEAD] static=false
[15:28:58] [Server thread/INFO]: [DEBUG] [Incision][DEBUG] weave inject top/maplex/incisiontest/fixture/ComplexOpcodeFixture.buildBuffer()Ljava/lang/String; kinds=[LEAD] static=false
[15:28:58] [Server thread/INFO]: [DEBUG] [Incision][DEBUG] weave inject top/maplex/incisiontest/fixture/ComplexOpcodeFixture.densePattern()I kinds=[LEAD] static=false
[15:28:58] [Server thread/INFO]: [DEBUG] [Incision][DEBUG] weave inject top/maplex/incisiontest/fixture/ComplexOpcodeFixture.staticCalls()I kinds=[LEAD] static=false
[15:28:58] [Server thread/INFO]: [DEBUG] [Incision][DEBUG] weave inject top/maplex/incisiontest/fixture/ComplexOpcodeFixture.multiFieldPut()I kinds=[LEAD] static=false
[15:28:58] [Server thread/INFO]: [DEBUG] [Incision][DEBUG] weave inject top/maplex/incisiontest/fixture/ComplexOpcodeFixture.interfaceCall(Ljava/util/List;)I kinds=[LEAD] static=false
[15:28:58] [Server thread/INFO]: [DEBUG] [Incision][DEBUG] weave inject top/maplex/incisiontest/fixture/ComplexOpcodeFixture.emptyBody()V kinds=[LEAD] static=false
[15:28:58] [Server thread/INFO]: [DEBUG] [Incision][DEBUG] weave inject top/maplex/incisiontest/fixture/ComplexOpcodeFixture.numberLdc()J kinds=[LEAD] static=false
[15:28:58] [Server thread/INFO]: [DEBUG] [Incision][DEBUG] weave inject top/maplex/incisiontest/fixture/ComplexOpcodeFixture.throwIt()Ljava/lang/String; kinds=[LEAD] static=false
[15:28:58] [Server thread/INFO]: [DEBUG] [Incision][DEBUG] weave inject top/maplex/incisiontest/fixture/ComplexOpcodeFixture.arithmetic(I)I kinds=[LEAD] static=false
[15:28:58] [Server thread/INFO]: [DEBUG] [Incision][DEBUG] installWeaver status=INSTALLED owner=top/maplex/incisiontest/fixture/ComplexOpcodeFixture resolved=top/maplex/incisiontest/fixture/ComplexOpcodeFixture advices=32 total=32 backend=Instrumentation
[15:28:58] [Server thread/INFO]: [DEBUG] [Incision][DEBUG] Surgeon 扫描: top.maplex.incisiontest.cases.SurgeonInsnPatternCases → 33 suture / 33 advice
[15:28:58] [Server thread/INFO]: [DEBUG] [Incision][DEBUG] register id=top.maplex.incisiontest.cases.SurgeonVersionMatrixCases#onBothEmpty@39 targets=[top/maplex/incisiontest/fixture/SurgeonVersionMatrixFixture.bothEmpty()Ljava/lang/String;]
[15:28:58] [Server thread/INFO]: [DEBUG] [Incision][DEBUG] register id=top.maplex.incisiontest.cases.SurgeonVersionMatrixCases#onOnlyEndGiven@40 targets=[top/maplex/incisiontest/fixture/SurgeonVersionMatrixFixture.onlyEndGiven()Ljava/lang/String;]
[15:28:58] [Server thread/INFO]: [DEBUG] [Incision][DEBUG] register id=top.maplex.incisiontest.cases.SurgeonVersionMatrixCases#onOnlyStartGiven@41 targets=[top/maplex/incisiontest/fixture/SurgeonVersionMatrixFixture.onlyStartGiven()Ljava/lang/String;]
[15:28:58] [Server thread/INFO]: [DEBUG] [Incision][DEBUG] register id=top.maplex.incisiontest.cases.SurgeonVersionMatrixCases#onSinglePoint@42 targets=[top/maplex/incisiontest/fixture/SurgeonVersionMatrixFixture.singlePoint()Ljava/lang/String;]
[15:28:58] [Server thread/INFO]: [DEBUG] [Incision][DEBUG] register id=top.maplex.incisiontest.cases.SurgeonOperationCases#surgeonDefaultAdvice@11 targets=[top/maplex/incisiontest/fixture/SurgeonOperationTargetFixture.surgeonDefaultTarget()Ljava/util/List;]
[15:28:58] [Server thread/INFO]: [DEBUG] [Incision][DEBUG] register id=top.maplex.incisiontest.cases.SurgeonOperationCases#surgeonOverrideAdvice@12 targets=[top/maplex/incisiontest/fixture/SurgeonOperationTargetFixture.surgeonDefaultTarget()Ljava/util/List;]
[15:28:58] [Server thread/INFO]: [DEBUG] [Incision][DEBUG] register id=top.maplex.incisiontest.cases.SurgeonOperationCases#multiSurgeonLowerSide@13 targets=[top/maplex/incisiontest/fixture/SurgeonOperationTargetFixture.multiSurgeonTarget()Ljava/util/List;]
[15:28:58] [Server thread/INFO]: [DEBUG] [Incision][DEBUG] installWeaver status=PENDING_LOAD owner=top/maplex/incisiontest/fixture/SurgeonOperationTargetFixture resolved=top/maplex/incisiontest/fixture/SurgeonOperationTargetFixture advices=7 total=8 backend=Instrumentation
[15:28:58] [Server thread/INFO]: [DEBUG] [Incision][DEBUG] Surgeon 扫描: top.maplex.incisiontest.cases.SurgeonOperationCases → 7 suture / 7 advice
[15:28:58] [Server thread/INFO]: [DEBUG] [Incision][DEBUG] register id=top.maplex.incisiontest.cases.SurgeonAopCases#beforeTouchField@18 targets=[top/maplex/incisiontest/fixture/SurgeonAopTargetFixture.touchesField()I]
[15:28:58] [Server thread/INFO]: [DEBUG] [Incision][DEBUG] register id=top.maplex.incisiontest.cases.SurgeonAopCases#afterMultiArg@19 targets=[top/maplex/incisiontest/fixture/SurgeonAopTargetFixture.multiArg(ILjava/lang/String;D)Ljava/lang/String;]
[15:28:58] [Server thread/INFO]: [DEBUG] [Incision][DEBUG] register id=top.maplex.incisiontest.cases.SurgeonAopCases#aroundCallsHelper@20 targets=[top/maplex/incisiontest/fixture/SurgeonAopTargetFixture.callsHelper(I)I]
[15:28:58] [Server thread/INFO]: [DEBUG] [Incision][DEBUG] register id=top.maplex.incisiontest.cases.SurgeonAopCases#aroundModifyArgs@21 targets=[top/maplex/incisiontest/fixture/SurgeonAopTargetFixture.greet(Ljava/lang/String;)Ljava/lang/String;]
[15:28:58] [Server thread/INFO]: [DEBUG] [Incision][DEBUG] register id=top.maplex.incisiontest.cases.SurgeonAopCases#aroundRewriteResult@22 targets=[top/maplex/incisiontest/fixture/SurgeonAopTargetFixture.rewriteTarget(I)I]
[15:28:58] [Server thread/INFO]: [DEBUG] [Incision][DEBUG] register id=top.maplex.incisiontest.cases.SurgeonAopCases#onStaticEcho@23 targets=[top/maplex/incisiontest/fixture/SurgeonAopTargetFixture.staticEcho(Ljava/lang/String;)Ljava/lang/String;]
[15:28:58] [Server thread/INFO]: [DEBUG] [Incision][DEBUG] register id=top.maplex.incisiontest.cases.SurgeonAopCases#onCompanionEcho@24 targets=[top/maplex/incisiontest/fixture/SurgeonAopTargetFixture$Companion.companionEcho(Ljava/lang/String;)Ljava/lang/String;]
[15:28:58] [Server thread/INFO]: [DEBUG] [Incision][DEBUG] installWeaver status=PENDING_LOAD owner=top/maplex/incisiontest/fixture/SurgeonAopTargetFixture resolved=top/maplex/incisiontest/fixture/SurgeonAopTargetFixture advices=6 total=6 backend=Instrumentation
[15:28:58] [Server thread/INFO]: [DEBUG] [Incision][DEBUG] installWeaver status=PENDING_LOAD owner=top/maplex/incisiontest/fixture/SurgeonAopTargetFixture$Companion resolved=top/maplex/incisiontest/fixture/SurgeonAopTargetFixture$Companion advices=1 total=1 backend=Instrumentation
[15:28:58] [Server thread/INFO]: [DEBUG] [Incision][DEBUG] Surgeon 扫描: top.maplex.incisiontest.cases.SurgeonAopCases → 7 suture / 7 advice
[15:28:58] [Server thread/INFO]: [DEBUG] injectAll(CONST): 201 个类, 用时 717 毫秒
[15:28:58] [Server thread/INFO]: [DEBUG]   - SurgeonScanner: 716 毫秒
[15:28:58] [Server thread/INFO]: [DEBUG] 生命周期 "CONST" 用时 838 毫秒。
[15:28:58] [Server thread/INFO]: [DEBUG] Bukkit 插件初始化完成，用时 2,187 毫秒。
[15:28:58] [Server thread/INFO]: [DEBUG] 已屏蔽 IllegalAccess 警告，用时 0 毫秒。
[15:28:58] [Server thread/INFO]: [DEBUG] ProjectScanner 扫描到 8 个资源文件，用时 0 毫秒。
[15:28:58] [Server thread/WARN]: java.lang.IllegalStateException: top.maplex.incisiontest.taboolib.module.nms.MinecraftLanguage is not an instance of top.maplex.incisiontest.taboolib.module.nms.MinecraftLanguage
[15:28:58] [Server thread/WARN]: 	at top.maplex.incisiontest.taboolib.library.reflex.JavaClassMethod.invoke(JavaClassMethod.kt:68)
[15:28:58] [Server thread/WARN]: 	at top.maplex.incisiontest.taboolib.common.platform.ClassVisitorAwake.visit(ClassVisitorAwake.kt:17)
[15:28:58] [Server thread/WARN]: 	at top.maplex.incisiontest.taboolib.common.inject.ClassVisitorHandler.injectSingleVisitor(ClassVisitorHandler.java:321)
[15:28:58] [Server thread/WARN]: 	at top.maplex.incisiontest.taboolib.common.inject.ClassVisitorHandler.injectAll(ClassVisitorHandler.java:286)
[15:28:58] [Server thread/WARN]: 	at top.maplex.incisiontest.taboolib.common.inject.ClassVisitorHandler.lambda$init$0(ClassVisitorHandler.java:43)
[15:28:58] [Server thread/WARN]: 	at top.maplex.incisiontest.taboolib.common.TabooLib$2.run(TabooLib.java:119)
[15:28:58] [Server thread/WARN]: 	at top.maplex.incisiontest.taboolib.common.TabooLib.lambda$lifeCycle$0(TabooLib.java:86)
[15:28:58] [Server thread/WARN]: 	at top.maplex.incisiontest.taboolib.common.TabooLib.execution(TabooLib.java:228)
[15:28:58] [Server thread/WARN]: 	at top.maplex.incisiontest.taboolib.common.TabooLib.lifeCycle(TabooLib.java:79)
[15:28:58] [Server thread/WARN]: 	at top.maplex.incisiontest.taboolib.platform.BukkitPlugin.<init>(BukkitPlugin.java:84)
[15:28:58] [Server thread/WARN]: 	at java.base/jdk.internal.reflect.DirectConstructorHandleAccessor.newInstance(DirectConstructorHandleAccessor.java:62)
[15:28:58] [Server thread/WARN]: 	at java.base/java.lang.reflect.Constructor.newInstanceWithCaller(Constructor.java:499)
[15:28:58] [Server thread/WARN]: 	at java.base/java.lang.reflect.Constructor.newInstance(Constructor.java:483)
[15:28:58] [Server thread/WARN]: 	at org.bukkit.plugin.java.PluginClassLoader.<init>(PluginClassLoader.java:88)
[15:28:58] [Server thread/WARN]: 	at org.bukkit.plugin.java.JavaPluginLoader.loadPlugin(JavaPluginLoader.java:145)
[15:28:58] [Server thread/WARN]: 	at org.bukkit.plugin.SimplePluginManager.loadPlugin(SimplePluginManager.java:406)
[15:28:58] [Server thread/WARN]: 	at org.bukkit.plugin.SimplePluginManager.loadPlugins(SimplePluginManager.java:313)
[15:28:58] [Server thread/WARN]: 	at org.bukkit.plugin.SimplePluginManager.loadPlugins(SimplePluginManager.java:122)
[15:28:58] [Server thread/WARN]: 	at org.bukkit.craftbukkit.CraftServer.loadPlugins(CraftServer.java:473)
[15:28:58] [Server thread/WARN]: 	at net.minecraft.server.dedicated.DedicatedServer.initServer(DedicatedServer.java:342)
[15:28:58] [Server thread/WARN]: 	at net.minecraft.server.MinecraftServer.runServer(Unknown Source)
[15:28:58] [Server thread/WARN]: 	at net.minecraft.server.MinecraftServer.lambda$spin$0(Unknown Source)
[15:28:58] [Server thread/WARN]: 	at java.base/java.lang.Thread.run(Thread.java:1474)
[15:28:58] [Server thread/WARN]: Caused by: java.lang.ClassCastException: class java.util.Properties cannot be cast to class com.google.gson.JsonObject (java.util.Properties is in module java.base of loader 'bootstrap'; com.google.gson.JsonObject is in unnamed module of loader java.net.URLClassLoader @7291c18f)
[15:28:58] [Server thread/WARN]: 	at top.maplex.incisiontest.taboolib.module.nms.MinecraftLanguage.loadFilesFromExchange(MinecraftLanguage.kt:181)
[15:28:58] [Server thread/WARN]: 	at top.maplex.incisiontest.taboolib.module.nms.MinecraftLanguage.init(MinecraftLanguage.kt:151)
[15:28:58] [Server thread/WARN]: 	at top.maplex.incisiontest.taboolib.library.reflex.JavaClassMethod.invoke(JavaClassMethod.kt:57)
[15:28:58] [Server thread/WARN]: 	... 22 more
[15:28:58] [Server thread/INFO]: [DEBUG] 加载配置文件: E:\Minecraft-Server\incisionTest\run-26.1.2-spigot\plugins\Incision-Test\datasource.yml
[15:28:58] [Server thread/INFO]: [DEBUG] 加载配置文件: E:\Minecraft-Server\incisionTest\run-26.1.2-spigot\plugins\Incision-Test\kether.yml
[15:28:58] [Server thread/INFO]: [DEBUG] 生命周期 "INIT" 用时 40 毫秒。
[15:28:58] [Server thread/INFO]: [Adyeshach] Loading Adyeshach v2.1.30
[15:28:58] [Server thread/WARN]: [Adyeshach] 当前 Minecraft 版本不受支持，请等待插件适配。
[15:28:58] [Server thread/INFO]: [Incision-Test] Loading Incision-Test v1.0.0
[15:28:58] [Server thread/INFO]: [DEBUG] 生命周期 "LOAD" 用时 43 毫秒。
[15:28:58] [Server thread/INFO]: Preparing level "world"
[15:28:58] [Server thread/INFO]: -------- World Settings For [world] --------
[15:28:58] [Server thread/INFO]: Entity Activation Range: An 32 / Mo 32 / Ra 48 / Mi 16 / Tiv true / Isa false
[15:28:58] [Server thread/INFO]: Item Despawn Rate: 6000
[15:28:58] [Server thread/INFO]: Arrow Despawn Rate: 1200 Trident Respawn Rate:1200
[15:28:58] [Server thread/INFO]: Zombie Aggressive Towards Villager: true
[15:28:58] [Server thread/INFO]: Item Merge Radius: 2.5
[15:28:58] [Server thread/INFO]: Simulation Distance: 10
[15:28:58] [Server thread/INFO]: View Distance: 10
[15:28:58] [Server thread/INFO]: Allow Zombie Pigmen to spawn from portal blocks: true
[15:28:58] [Server thread/INFO]: Nerfing mobs spawned from spawners: false
[15:28:58] [Server thread/INFO]: Hopper Transfer: 8 Hopper Check: 1 Hopper Amount: 1 Hopper Can Load Chunks: false
[15:28:58] [Server thread/INFO]: Experience Merge Radius: 3.0
[15:28:58] [Server thread/INFO]: Mob Spawn Range: 6
[15:28:58] [Server thread/INFO]: Cactus Growth Modifier: 100%
[15:28:58] [Server thread/INFO]: Cane Growth Modifier: 100%
[15:28:58] [Server thread/INFO]: Melon Growth Modifier: 100%
[15:28:58] [Server thread/INFO]: Mushroom Growth Modifier: 100%
[15:28:58] [Server thread/INFO]: Pumpkin Growth Modifier: 100%
[15:28:58] [Server thread/INFO]: Sapling Growth Modifier: 100%
[15:28:58] [Server thread/INFO]: Beetroot Growth Modifier: 100%
[15:28:58] [Server thread/INFO]: Carrot Growth Modifier: 100%
[15:28:58] [Server thread/INFO]: Potato Growth Modifier: 100%
[15:28:58] [Server thread/INFO]: Wheat Growth Modifier: 100%
[15:28:58] [Server thread/INFO]: NetherWart Growth Modifier: 100%
[15:28:58] [Server thread/INFO]: Vine Growth Modifier: 100%
[15:28:58] [Server thread/INFO]: Cocoa Growth Modifier: 100%
[15:28:58] [Server thread/INFO]: Bamboo Growth Modifier: 100%
[15:28:58] [Server thread/INFO]: SweetBerry Growth Modifier: 100%
[15:28:58] [Server thread/INFO]: Kelp Growth Modifier: 100%
[15:28:58] [Server thread/INFO]: TwistingVines Growth Modifier: 100%
[15:28:58] [Server thread/INFO]: WeepingVines Growth Modifier: 100%
[15:28:58] [Server thread/INFO]: CaveVines Growth Modifier: 100%
[15:28:58] [Server thread/INFO]: Custom Map Seeds:  Village: 10387312 Desert: 14357617 Igloo: 14357618 Jungle: 14357619 Swamp: 14357620 Monument: 10387313 Ocean: 14357621 Shipwreck: 165745295 End City: 10387313 Slime: 987234911 Nether: 30084232 Mansion: 10387319 Fossil: 14357921 Portal: 34222645
[15:28:58] [Server thread/INFO]: Max TNT Explosions: 100
[15:28:58] [Server thread/INFO]: Tile Max Tick Time: 50ms Entity max Tick Time: 50ms
[15:28:58] [Server thread/INFO]: Entity Tracking Range: Pl 48 / An 48 / Mo 48 / Mi 32 / Di 128 / Other 64
[15:28:58] [Server thread/INFO]: -------- World Settings For [world_nether] --------
[15:28:58] [Server thread/INFO]: Entity Activation Range: An 32 / Mo 32 / Ra 48 / Mi 16 / Tiv true / Isa false
[15:28:58] [Server thread/INFO]: Item Despawn Rate: 6000
[15:28:58] [Server thread/INFO]: Arrow Despawn Rate: 1200 Trident Respawn Rate:1200
[15:28:58] [Server thread/INFO]: Zombie Aggressive Towards Villager: true
[15:28:58] [Server thread/INFO]: Item Merge Radius: 2.5
[15:28:58] [Server thread/INFO]: Simulation Distance: 10
[15:28:58] [Server thread/INFO]: View Distance: 10
[15:28:58] [Server thread/INFO]: Allow Zombie Pigmen to spawn from portal blocks: true
[15:28:58] [Server thread/INFO]: Nerfing mobs spawned from spawners: false
[15:28:58] [Server thread/INFO]: Hopper Transfer: 8 Hopper Check: 1 Hopper Amount: 1 Hopper Can Load Chunks: false
[15:28:58] [Server thread/INFO]: Experience Merge Radius: 3.0
[15:28:58] [Server thread/INFO]: Mob Spawn Range: 6
[15:28:58] [Server thread/INFO]: Cactus Growth Modifier: 100%
[15:28:58] [Server thread/INFO]: Cane Growth Modifier: 100%
[15:28:58] [Server thread/INFO]: Melon Growth Modifier: 100%
[15:28:58] [Server thread/INFO]: Mushroom Growth Modifier: 100%
[15:28:58] [Server thread/INFO]: Pumpkin Growth Modifier: 100%
[15:28:58] [Server thread/INFO]: Sapling Growth Modifier: 100%
[15:28:58] [Server thread/INFO]: Beetroot Growth Modifier: 100%
[15:28:58] [Server thread/INFO]: Carrot Growth Modifier: 100%
[15:28:58] [Server thread/INFO]: Potato Growth Modifier: 100%
[15:28:58] [Server thread/INFO]: Wheat Growth Modifier: 100%
[15:28:58] [Server thread/INFO]: NetherWart Growth Modifier: 100%
[15:28:58] [Server thread/INFO]: Vine Growth Modifier: 100%
[15:28:58] [Server thread/INFO]: Cocoa Growth Modifier: 100%
[15:28:58] [Server thread/INFO]: Bamboo Growth Modifier: 100%
[15:28:58] [Server thread/INFO]: SweetBerry Growth Modifier: 100%
[15:28:58] [Server thread/INFO]: Kelp Growth Modifier: 100%
[15:28:58] [Server thread/INFO]: TwistingVines Growth Modifier: 100%
[15:28:58] [Server thread/INFO]: WeepingVines Growth Modifier: 100%
[15:28:58] [Server thread/INFO]: CaveVines Growth Modifier: 100%
[15:28:58] [Server thread/INFO]: Custom Map Seeds:  Village: 10387312 Desert: 14357617 Igloo: 14357618 Jungle: 14357619 Swamp: 14357620 Monument: 10387313 Ocean: 14357621 Shipwreck: 165745295 End City: 10387313 Slime: 987234911 Nether: 30084232 Mansion: 10387319 Fossil: 14357921 Portal: 34222645
[15:28:58] [Server thread/INFO]: Max TNT Explosions: 100
[15:28:58] [Server thread/INFO]: Tile Max Tick Time: 50ms Entity max Tick Time: 50ms
[15:28:58] [Server thread/INFO]: Entity Tracking Range: Pl 48 / An 48 / Mo 48 / Mi 32 / Di 128 / Other 64
[15:28:58] [Server thread/INFO]: -------- World Settings For [world_the_end] --------
[15:28:58] [Server thread/INFO]: Entity Activation Range: An 32 / Mo 32 / Ra 48 / Mi 16 / Tiv true / Isa false
[15:28:58] [Server thread/INFO]: Item Despawn Rate: 6000
[15:28:58] [Server thread/INFO]: Arrow Despawn Rate: 1200 Trident Respawn Rate:1200
[15:28:58] [Server thread/INFO]: Zombie Aggressive Towards Villager: true
[15:28:58] [Server thread/INFO]: Item Merge Radius: 2.5
[15:28:58] [Server thread/INFO]: Simulation Distance: 10
[15:28:58] [Server thread/INFO]: View Distance: 10
[15:28:58] [Server thread/INFO]: Allow Zombie Pigmen to spawn from portal blocks: true
[15:28:58] [Server thread/INFO]: Nerfing mobs spawned from spawners: false
[15:28:58] [Server thread/INFO]: Hopper Transfer: 8 Hopper Check: 1 Hopper Amount: 1 Hopper Can Load Chunks: false
[15:28:58] [Server thread/INFO]: Experience Merge Radius: 3.0
[15:28:58] [Server thread/INFO]: Mob Spawn Range: 6
[15:28:58] [Server thread/INFO]: Cactus Growth Modifier: 100%
[15:28:58] [Server thread/INFO]: Cane Growth Modifier: 100%
[15:28:58] [Server thread/INFO]: Melon Growth Modifier: 100%
[15:28:58] [Server thread/INFO]: Mushroom Growth Modifier: 100%
[15:28:58] [Server thread/INFO]: Pumpkin Growth Modifier: 100%
[15:28:58] [Server thread/INFO]: Sapling Growth Modifier: 100%
[15:28:58] [Server thread/INFO]: Beetroot Growth Modifier: 100%
[15:28:58] [Server thread/INFO]: Carrot Growth Modifier: 100%
[15:28:58] [Server thread/INFO]: Potato Growth Modifier: 100%
[15:28:58] [Server thread/INFO]: Wheat Growth Modifier: 100%
[15:28:58] [Server thread/INFO]: NetherWart Growth Modifier: 100%
[15:28:58] [Server thread/INFO]: Vine Growth Modifier: 100%
[15:28:58] [Server thread/INFO]: Cocoa Growth Modifier: 100%
[15:28:58] [Server thread/INFO]: Bamboo Growth Modifier: 100%
[15:28:58] [Server thread/INFO]: SweetBerry Growth Modifier: 100%
[15:28:58] [Server thread/INFO]: Kelp Growth Modifier: 100%
[15:28:58] [Server thread/INFO]: TwistingVines Growth Modifier: 100%
[15:28:58] [Server thread/INFO]: WeepingVines Growth Modifier: 100%
[15:28:58] [Server thread/INFO]: CaveVines Growth Modifier: 100%
[15:28:58] [Server thread/INFO]: Custom Map Seeds:  Village: 10387312 Desert: 14357617 Igloo: 14357618 Jungle: 14357619 Swamp: 14357620 Monument: 10387313 Ocean: 14357621 Shipwreck: 165745295 End City: 10387313 Slime: 987234911 Nether: 30084232 Mansion: 10387319 Fossil: 14357921 Portal: 34222645
[15:28:58] [Server thread/INFO]: Max TNT Explosions: 100
[15:28:58] [Server thread/INFO]: Tile Max Tick Time: 50ms Entity max Tick Time: 50ms
[15:28:58] [Server thread/INFO]: Entity Tracking Range: Pl 48 / An 48 / Mo 48 / Mi 32 / Di 128 / Other 64
[15:28:58] [Server thread/INFO]: Loading 0 persistent chunks...
[15:28:58] [Server thread/INFO]: Time elapsed: 2 ms
[15:28:58] [Server thread/INFO]: [Adyeshach] Enabling Adyeshach v2.1.30
[15:28:58] [Server thread/INFO]: [Incision-Test] Enabling Incision-Test v1.0.0
[15:28:58] [Server thread/INFO]: [Incision] Incision ENABLE: gate / 诊断收尾开始
[15:28:58] [Server thread/INFO]: [Incision] Gate created: apiVersion=2
[15:28:58] [Server thread/INFO]: [Incision] Incision Gate online: api=2
[15:28:58] [Server thread/INFO]: [Incision] Checkup report: total=292
- top.maplex.incisiontest.cases.SurgeonVersionMatrixCases#onSegLongerStart@54
  state: ARMED
  target: top/maplex/incisiontest/fixture/SurgeonVersionMatrixFixture.segmentLongerStart()Ljava/lang/String;
- top.maplex.incisiontest.cases.SurgeonInsnPatternCases#onGlobOwnerJavaLang@100
  state: ARMED
  target: top/maplex/incisiontest/fixture/ComplexOpcodeFixture.staticCalls()I
- top.maplex.incisiontest.cases.SurgeonOffsetCases#onAfterOffset1All@42
  state: ARMED
  target: top/maplex/incisiontest/fixture/OffsetFixture.chainWithGap()I
- top.maplex.incisiontest.cases.SurgeonInsnPatternCases#onSeq3@94
  state: ARMED
  target: top/maplex/incisiontest/fixture/ComplexOpcodeFixture.loadStrings()Ljava/lang/String;
- top.maplex.incisiontest.cases.SurgeonVersionMatrixCases#onOnlyStartGiven@41
  state: ARMED
  target: top/maplex/incisiontest/fixture/SurgeonVersionMatrixFixture.onlyStartGiven()Ljava/lang/String;
- top.maplex.incisiontest.cases.SurgeonPredicateCases#onAcceptNotIsInt@79
  state: ARMED
  target: top/maplex/incisiontest/fixture/PredicateFixture.accept(Ljava/lang/Object;)Ljava/lang/String;
- top.maplex.incisiontest.cases.SurgeonOpcodeSeqAnchorCases#onInvokeAfterPattern@15
  state: ARMED
  target: top/maplex/incisiontest/fixture/ComplexOpcodeFixture.chainInvoke()I
- top.maplex.incisiontest.cases.KotlinTargetMatrixCases#onTTAltCompanion@29
  state: ARMED
  target: top/maplex/incisiontest/fixture/KotlinTargetMatrixFixture$Companion.ttBothAlt(I)I
- top.maplex.incisiontest.cases.OperationEnabledPriorityCases#aTNeg10@19
  state: ARMED
  target: top/maplex/incisiontest/fixture/OperationEnabledPriorityFixture.cellTPriNeg10()I
- top.maplex.incisiontest.cases.SurgeonPredicateCases#onTouchSafeCall@89
  state: ARMED
  target: top/maplex/incisiontest/fixture/PredicateFixture.touch(Ltop/maplex/incisiontest/fixture/PredicateFixture$Named;)Ljava/lang/String;
- top.maplex.incisiontest.cases.SurgeonAnchorMatrixExtrasCases#tripleArg0@30
  state: ARMED
  target: top/maplex/incisiontest/fixture/AnchorMatrixFixture_Extras.tripleArgEcho(Ljava/lang/String;Ljava/lang/String;Ljava/lang/String;)Ljava/lang/String;
- top.maplex.incisiontest.cases.PerformanceCases#predicate@6
  state: ARMED
  target: top/maplex/incisiontest/fixture/PerformanceFixture.predicate(I)I
- top.maplex.incisiontest.cases.OperationIdVariantsCases#adviceEmptyFallback@10
  state: ARMED
  target: top/maplex/incisiontest/fixture/OperationIdVariantsFixture.idEmptyFallbackTarget()I
- top.maplex.incisiontest.cases.SurgeonAnchorMatrixSiteCases#siteInvokeOrdAll@37
  state: ARMED
  target: top/maplex/incisiontest/fixture/AnchorMatrixFixture_Site.siteInvokeChain(I)I
- top.maplex.incisiontest.cases.SurgeonKotlinTargetCases#both-companion-path@11
  state: ARMED
  target: top/maplex/incisiontest/fixture/SurgeonKotlinTargetFixture$Companion.bothEcho(Ljava/lang/String;)Ljava/lang/String;
- top.maplex.incisiontest.cases.SurgeonPredicateCases#onRegisterPropertySize@86
  state: ARMED
  target: top/maplex/incisiontest/fixture/PredicateFixture.register(Ltop/maplex/incisiontest/fixture/PredicateFixture$Named;)Ljava/lang/String;
- top.maplex.incisiontest.cases.AdyeshachIntegrationCases#literalTrail@15
  state: ARMED
  target: ink/ptms/adyeshach/impl/nms/DefaultMinecraftHelper.literalChatBaseComponent(Ljava/lang/String;)Ljava/lang/Object;
- top.maplex.incisiontest.cases.OperationMatrixCases#adviceM1@19
  state: ARMED
  target: top/maplex/incisiontest/fixture/OperationMatrixFixture.m1Default()I
- top.maplex.incisiontest.cases.SurgeonOperationCases#custom-operation-id@7
  state: ARMED
  target: top/maplex/incisiontest/fixture/SurgeonOperationTargetFixture.customIdTarget()I
- top.maplex.incisiontest.cases.SurgeonAopCases#aroundRewriteResult@22
  state: ARMED
  target: top/maplex/incisiontest/fixture/SurgeonAopTargetFixture.rewriteTarget(I)I
- top.maplex.incisiontest.cases.SurgeonInsnPatternCases#onCstNumeric@99
  state: ARMED
  target: top/maplex/incisiontest/fixture/ComplexOpcodeFixture.numberLdc()J
- top.maplex.incisiontest.cases.SurgeonPredicateCases#onSpliceWithWhere@117
  state: ARMED
  target: top/maplex/incisiontest/fixture/PredicateFixture.whereSplice(I)I
- top.maplex.incisiontest.cases.SurgeonInsnPatternCases#onGlobNameSuffix@101
  state: ARMED
  target: top/maplex/incisiontest/fixture/ComplexOpcodeFixture.staticCalls()I
- top.maplex.incisiontest.cases.SurgeonAnchorMatrixScopeCases#trailClassAndMethodB@24
  state: ARMED
  target: top/maplex/incisiontest/fixture/AnchorMatrixFixture_Scope.scopeClassB()I
- top.maplex.incisiontest.cases.SurgeonAdvancedCases#onLongCalcBypass@5
  state: ARMED
  target: top/maplex/incisiontest/fixture/SurgeonAdvancedTargetFixture.longCalc(JJ)J
- top.maplex.incisiontest.cases.OperationEnabledPriorityCases#aF100@26
  state: ARMED
  target: top/maplex/incisiontest/fixture/OperationEnabledPriorityFixture.cellFPri100()I
- top.maplex.incisiontest.cases.SurgeonAnchorMatrixScopeCases#graftFullDescriptor@27
  state: ARMED
  target: top/maplex/incisiontest/fixture/AnchorMatrixFixture_Scope.scopeInvokeHelper()I
- top.maplex.incisiontest.cases.PerformanceCases#siteInvoke@8
  state: ARMED
  target: top/maplex/incisiontest/fixture/PerformanceFixture.siteInvoke(I)I
- top.maplex.incisiontest.cases.SurgeonPredicateCases#onSpawnGe@74
  state: ARMED
  target: top/maplex/incisiontest/fixture/PredicateFixture.spawn(Ljava/lang/String;I)Ljava/lang/String;
- top.maplex.incisiontest.cases.SurgeonInsnPatternCases#onReturn@93
  state: ARMED
  target: top/maplex/incisiontest/fixture/ComplexOpcodeFixture.arithmetic(I)I
- top.maplex.incisiontest.cases.SurgeonPredicateCases#onTriggerItExact@82
  state: ARMED
  target: top/maplex/incisiontest/fixture/PredicateFixture.trigger(Ljava/lang/String;)Ljava/lang/String;
- top.maplex.incisiontest.cases.SurgeonInsnPatternCases#onArithmeticSeq4@76
  state: ARMED
  target: top/maplex/incisiontest/fixture/ComplexOpcodeFixture.arithmetic(I)I
- top.maplex.incisiontest.cases.SurgeonPredicateCases#onFlagFalse@95
  state: ARMED
  target: top/maplex/incisiontest/fixture/PredicateFixture.flag(Ljava/lang/Object;)Ljava/lang/String;
- top.maplex.incisiontest.cases.SurgeonSiteCases#graftOnNew@22
  state: ARMED
  target: top/maplex/incisiontest/fixture/SurgeonSiteTargetFixture.allocate()Ljava/lang/StringBuilder;
- top.maplex.incisiontest.cases.SurgeonOpcodeSeqAnchorCases#onHeadPatternIfeq@12
  state: ARMED
  target: top/maplex/incisiontest/fixture/ComplexOpcodeFixture.branch(Z)I
- top.maplex.incisiontest.cases.SurgeonInsnPatternCases#onInvokeStaticMath@85
  state: ARMED
  target: top/maplex/incisiontest/fixture/ComplexOpcodeFixture.staticCalls()I
- top.maplex.incisiontest.cases.SurgeonOffsetCases#onFirstHelperBeforeOffsetZero@41
  state: ARMED
  target: top/maplex/incisiontest/fixture/OffsetFixture.chain()I
- top.maplex.incisiontest.cases.SurgeonAnchorMatrixSiteCases#siteNewWithTarget@42
  state: ARMED
  target: top/maplex/incisiontest/fixture/AnchorMatrixFixture_Site.siteNewObject()Ljava/lang/StringBuilder;
- top.maplex.incisiontest.cases.SurgeonAnchorMatrixScopeCases#leadFullDescriptor@20
  state: ARMED
  target: top/maplex/incisiontest/fixture/AnchorMatrixFixture_Scope.scopeMethodFull(Ljava/lang/String;)Ljava/lang/String;
- top.maplex.incisiontest.cases.SurgeonPredicateCases#onSpawnLowLevel@68
  state: ARMED
  target: top/maplex/incisiontest/fixture/PredicateFixture.spawn(Ljava/lang/String;I)Ljava/lang/String;
- top.maplex.incisiontest.cases.SurgeonPredicateCases#onBypassWithWhere@119
  state: ARMED
  target: top/maplex/incisiontest/fixture/PredicateFixture.whereBypass(I)I
- top.maplex.incisiontest.cases.SurgeonPredicateCases#onLogEqString@69
  state: ARMED
  target: top/maplex/incisiontest/fixture/PredicateFixture.log(Ljava/lang/String;)Ljava/lang/String;
- top.maplex.incisiontest.cases.SurgeonOffsetCases#onOrdinal0AfterOffset1@45
  state: ARMED
  target: top/maplex/incisiontest/fixture/OffsetFixture.chainWithGap()I
- top.maplex.incisiontest.cases.SurgeonAnchorMatrixCases#trimArg0@56
  state: ARMED
  target: top/maplex/incisiontest/fixture/AnchorMatrixFixture.matrixEcho(Ljava/lang/String;)Ljava/lang/String;
- top.maplex.incisiontest.cases.OperationMatrixCases#orderZero@30
  state: ARMED
  target: top/maplex/incisiontest/fixture/OperationMatrixFixture.mOrderTarget()Ljava/util/List;
- top.maplex.incisiontest.cases.SurgeonAnchorMatrixSiteCases#anchorThrow@33
  state: ARMED
  target: top/maplex/incisiontest/fixture/AnchorMatrixFixture_Site.siteThrowMethod()Ljava/lang/String;
- top.maplex.incisiontest.cases.SurgeonInsnPatternCases#onArrayLength@106
  state: ARMED
  target: top/maplex/incisiontest/fixture/ComplexOpcodeFixture.arrays()I
- top.maplex.incisiontest.cases.SurgeonSiteCases#trimEchoArg@26
  state: ARMED
  target: top/maplex/incisiontest/fixture/SurgeonSiteTargetFixture.echo(Ljava/lang/String;)Ljava/lang/String;
- top.maplex.incisiontest.cases.SurgeonPredicateCases#onTrimArgWithWhere@121
  state: ARMED
  target: top/maplex/incisiontest/fixture/PredicateFixture.whereTrim(I)I
- top.maplex.incisiontest.cases.KotlinTargetMatrixCases#onTFAlt@25
  state: ARMED
  target: top/maplex/incisiontest/fixture/KotlinTargetMatrixFixture$Companion.tfCompanionAlt(I)I
- top.maplex.incisiontest.cases.SurgeonPredicateCases#onLogThisRef@99
  state: ARMED
  target: top/maplex/incisiontest/fixture/PredicateFixture.log(Ljava/lang/String;)Ljava/lang/String;
- top.maplex.incisiontest.cases.OperationMatrixCases#m7-cust@25
  state: ARMED
  target: top/maplex/incisiontest/fixture/OperationMatrixFixture.m7IdAndDisabled()I
- top.maplex.incisiontest.cases.SurgeonInsnPatternCases#onIconstFamilyRepeat@78
  state: ARMED
  target: top/maplex/incisiontest/fixture/ComplexOpcodeFixture.arithmetic(I)I
- top.maplex.incisiontest.cases.SurgeonAnchorMatrixSiteCases#siteFieldPutGraft@41
  state: ARMED
  target: top/maplex/incisiontest/fixture/AnchorMatrixFixture_Site.siteFieldPut(I)V
- top.maplex.incisiontest.cases.SurgeonAnchorMatrixExtrasCases#fieldGetAfter@25
  state: ARMED
  target: top/maplex/incisiontest/fixture/AnchorMatrixFixture_Extras.readCounterShift()I
- top.maplex.incisiontest.cases.SurgeonAnchorMatrixPriorityHigh#highPriority@2
  state: ARMED
  target: top/maplex/incisiontest/fixture/AnchorMatrixFixture_Priority.prioritySurgeonTarget()Ljava/lang/String;
- top.maplex.incisiontest.cases.SurgeonAnchorMatrixTrimCases#trimReturnString@25
  state: ARMED
  target: top/maplex/incisiontest/fixture/AnchorMatrixFixture_Trim.trimReturnString()Ljava/lang/String;
- top.maplex.incisiontest.cases.SurgeonPredicateCases#onGraftWithWhere@120
  state: ARMED
  target: top/maplex/incisiontest/fixture/PredicateFixture.whereGraft(I)I
- top.maplex.incisiontest.cases.SurgeonAnchorMatrixTrimCases#trimReturnBool@26
  state: ARMED
  target: top/maplex/incisiontest/fixture/AnchorMatrixFixture_Trim.trimReturnBoolean()Z
- top.maplex.incisiontest.cases.KotlinTargetMatrixCases#onFT@22
  state: ARMED
  target: top/maplex/incisiontest/fixture/KotlinTargetMatrixFixture.ftStaticEcho(Ljava/lang/String;)Ljava/lang/String;
- top.maplex.incisiontest.cases.SurgeonPredicateCases#onSpawnAnd@90
  state: ARMED
  target: top/maplex/incisiontest/fixture/PredicateFixture.spawn(Ljava/lang/String;I)Ljava/lang/String;
- top.maplex.incisiontest.cases.SurgeonAnchorMatrixTrimCases#trimArgDouble1@20
  state: ARMED
  target: top/maplex/incisiontest/fixture/AnchorMatrixFixture_Trim.trimDoubleArg(Ljava/lang/String;Ljava/lang/String;)Ljava/lang/String;
- top.maplex.incisiontest.cases.SurgeonInsnPatternCases#onInstanceOf@88
  state: ARMED
  target: top/maplex/incisiontest/fixture/ComplexOpcodeFixture.typeCheck(Ljava/lang/Object;)I
- top.maplex.incisiontest.cases.SurgeonAnchorMatrixSiteCases#anchorTail@31
  state: ARMED
  target: top/maplex/incisiontest/fixture/AnchorMatrixFixture_Site.siteTailMethod()Ljava/lang/String;
- top.maplex.incisiontest.cases.SurgeonAnchorMatrixCases#exciseFullReplace@58
  state: ARMED
  target: top/maplex/incisiontest/fixture/AnchorMatrixFixture.matrixExciseTarget()Ljava/lang/String;
- top.maplex.incisiontest.cases.SurgeonSiteCases#graftBeforeHelperInvoke@18
  state: ARMED
  target: top/maplex/incisiontest/fixture/SurgeonSiteTargetFixture.invokeHelper(I)I
- top.maplex.incisiontest.cases.SurgeonOperationHigherCases#higherSurgeonAdvice@0
  state: ARMED
  target: top/maplex/incisiontest/fixture/SurgeonOperationTargetFixture.multiSurgeonTarget()Ljava/util/List;
- top.maplex.incisiontest.cases.SurgeonInsnPatternCases#onLdcString@79
  state: ARMED
  target: top/maplex/incisiontest/fixture/ComplexOpcodeFixture.loadStrings()Ljava/lang/String;
- top.maplex.incisiontest.cases.SurgeonInsnPatternCases#onArithmeticSeq2@75
  state: ARMED
  target: top/maplex/incisiontest/fixture/ComplexOpcodeFixture.arithmetic(I)I
- top.maplex.incisiontest.cases.SurgeonCrossClCases#onIsHardcore@4
  state: ARMED
  target: net/minecraft/server/MinecraftServer.isHardcore()Z
- top.maplex.incisiontest.cases.SurgeonVersionCases#onFakeInRange@34
  state: ARMED
  target: top/maplex/incisiontest/fixture/SurgeonVersionTargetFixture.fakeMatcherInRange()Ljava/lang/String;
- top.maplex.incisiontest.cases.AdyeshachIntegrationCases#craftChatInvoke@17
  state: ARMED
  target: ink/ptms/adyeshach/impl/nms/DefaultMinecraftHelper.literalChatBaseComponent(Ljava/lang/String;)Ljava/lang/Object;
- top.maplex.incisiontest.cases.SurgeonInsnPatternCases#onRepeat2@97
  state: ARMED
  target: top/maplex/incisiontest/fixture/ComplexOpcodeFixture.multiFieldPut()I
- top.maplex.incisiontest.cases.SurgeonPredicateCases#onSpawnNot@92
  state: ARMED
  target: top/maplex/incisiontest/fixture/PredicateFixture.spawn(Ljava/lang/String;I)Ljava/lang/String;
- top.maplex.incisiontest.cases.SurgeonPredicateCases#onSpawnDragon@67
  state: ARMED
  target: top/maplex/incisiontest/fixture/PredicateFixture.spawn(Ljava/lang/String;I)Ljava/lang/String;
- top.maplex.incisiontest.cases.SurgeonInsnPatternCases#onCheckCast@89
  state: ARMED
  target: top/maplex/incisiontest/fixture/ComplexOpcodeFixture.typeCheck(Ljava/lang/Object;)I
- top.maplex.incisiontest.cases.SurgeonMixinCases#redirectHelper@5
  state: ARMED
  target: top/maplex/incisiontest/fixture/SurgeonMixinTargetFixture.helper(I)I
- top.maplex.incisiontest.cases.SurgeonAnchorMatrixSiteCases#siteShiftBefore@38
  state: ARMED
  target: top/maplex/incisiontest/fixture/AnchorMatrixFixture_Site.siteOffsetBaseline(I)I
- top.maplex.incisiontest.cases.SurgeonAnchorMatrixSiteCases#anchorReturn@32
  state: ARMED
  target: top/maplex/incisiontest/fixture/AnchorMatrixFixture_Site.siteReturnMethod()I
- top.maplex.incisiontest.cases.SurgeonAopCases#onStaticEcho@23
  state: ARMED
  target: top/maplex/incisiontest/fixture/SurgeonAopTargetFixture.staticEcho(Ljava/lang/String;)Ljava/lang/String;
- top.maplex.incisiontest.cases.PerformanceCases#splice@7
  state: ARMED
  target: top/maplex/incisiontest/fixture/PerformanceFixture.splice(I)I
- top.maplex.incisiontest.cases.SurgeonAnchorMatrixExtrasCases#fieldPutAfter@27
  state: ARMED
  target: top/maplex/incisiontest/fixture/AnchorMatrixFixture_Extras.writeCounterShift(I)V
- top.maplex.incisiontest.cases.SurgeonAnchorMatrixTrimCases#trimReturnLong@24
  state: ARMED
  target: top/maplex/incisiontest/fixture/AnchorMatrixFixture_Trim.trimReturnLong()J
- top.maplex.incisiontest.cases.OperationIdVariantsCases#veryLong-abcdefghijabcdefghijabcdefghijabcdefghijabcdefghijabcdefghijabcdefghijabcdefghijabcdefghijabcdefghijabcdefghijabcdefghijabcdefghijabcdefghijabcdefghijabcdefghijabcdefghijabcdefghijabcdefghijabcdefghijabcdefghijabcdefghijabcdefghijabcdefghijabcdefghijabcdefghij@11
  state: ARMED
  target: top/maplex/incisiontest/fixture/OperationIdVariantsFixture.idVeryLongTarget()I
- top.maplex.incisiontest.cases.SurgeonPredicateCases#onTrailWithWhere@116
  state: ARMED
  target: top/maplex/incisiontest/fixture/PredicateFixture.whereTrail(I)I
- top.maplex.incisiontest.cases.SharpnessModifier#sharpness-modifier@2
  state: ARMED
  target: net/minecraft/world/item/enchantment/EnchantmentHelper.modifyDamage(Lnet/minecraft/server/level/ServerLevel;Lnet/minecraft/world/item/ItemStack;Lnet/minecraft/…
- top.maplex.incisiontest.cases.SharpnessObserver#observeSharpness@0
  state: ARMED
  target: net/minecraft/world/item/enchantment/EnchantmentHelper.modifyDamage(Lnet/minecraft/server/level/ServerLevel;Lnet/minecraft/world/item/ItemStack;Lnet/minecraft/…
- top.maplex.incisiontest.cases.AdyeshachIntegrationCases#apiLead@12
  state: ARMED
  target: ink/ptms/adyeshach/impl/DefaultAdyeshachAPI.getMinecraftAPI()Link/ptms/adyeshach/core/AdyeshachMinecraftAPI;
- top.maplex.incisiontest.cases.OperationMatrixCases#adviceM5@23
  state: ARMED
  target: top/maplex/incisiontest/fixture/OperationMatrixFixture.m5PriorityNegative()I
- top.maplex.incisiontest.cases.SurgeonAopCases#beforeTouchField@18
  state: ARMED
  target: top/maplex/incisiontest/fixture/SurgeonAopTargetFixture.touchesField()I
- top.maplex.incisiontest.cases.SurgeonAnchorMatrixCases#trailOnThrow@45
  state: ARMED
  target: top/maplex/incisiontest/fixture/AnchorMatrixFixture.matrixThrowUncaught(Z)Ljava/lang/String;
- top.maplex.incisiontest.cases.SurgeonVersionMatrixCases#onTrimReturnVersioned@50
  state: ARMED
  target: top/maplex/incisiontest/fixture/SurgeonVersionMatrixFixture.trimReturnTarget()I
- top.maplex.incisiontest.cases.PerformanceCases#trailOfPair@5
  state: ARMED
  target: top/maplex/incisiontest/fixture/PerformanceFixture.leadTrail(I)I
- top.maplex.incisiontest.cases.Pri100Surgeon#pri100@0
  state: ARMED
  target: top/maplex/incisiontest/fixture/SurgeonPriorityExtremeFixture.threeSurgeonTarget()Ljava/util/List;
- top.maplex.incisiontest.cases.SurgeonAnchorMatrixExtrasCases#tripleArg1@31
  state: ARMED
  target: top/maplex/incisiontest/fixture/AnchorMatrixFixture_Extras.tripleArgEcho(Ljava/lang/String;Ljava/lang/String;Ljava/lang/String;)Ljava/lang/String;
- top.maplex.incisiontest.cases.OperationIdVariantsCases#id-variant-normal@8
  state: ARMED
  target: top/maplex/incisiontest/fixture/OperationIdVariantsFixture.idNormalTarget()I
- top.maplex.incisiontest.cases.SurgeonOpcodeSeqAnchorCases#onHeadWithPattern@11
  state: ARMED
  target: top/maplex/incisiontest/fixture/ComplexOpcodeFixture.arithmetic(I)I
- top.maplex.incisiontest.cases.SurgeonPredicateCases#onMeasureGt@72
  state: ARMED
  target: top/maplex/incisiontest/fixture/PredicateFixture.measure(D)Ljava/lang/String;
- top.maplex.incisiontest.cases.SurgeonBasicCases#onAddSplice@10
  state: ARMED
  target: top/maplex/incisiontest/fixture/SurgeonBasicTargetFixture.add(II)I
- top.maplex.incisiontest.cases.KotlinTargetMatrixCases#onTTAltStatic@28
  state: ARMED
  target: top/maplex/incisiontest/fixture/KotlinTargetMatrixFixture.ttBothAlt(I)I
- top.maplex.incisiontest.cases.AccessorCases#onPublicDouble@18
  state: ARMED
  target: top/maplex/incisiontest/fixture/AccessorFixture.publicDouble(I)I
- top.maplex.incisiontest.cases.SurgeonAnchorMatrixSiteCases#siteShiftAfter@39
  state: ARMED
  target: top/maplex/incisiontest/fixture/AnchorMatrixFixture_Site.siteOffsetBaseline(I)I
- top.maplex.incisiontest.cases.SurgeonMixinCases#overwriteMayThrow@4
  state: ARMED
  target: top/maplex/incisiontest/fixture/SurgeonMixinTargetFixture.mayThrow(Z)Ljava/lang/String;
- top.maplex.incisiontest.cases.AccessorUtilCases#onProcess@26
  state: ARMED
  target: top/maplex/incisiontest/fixture/UtilFixture.process(Ljava/lang/String;ILjava/lang/Object;)Ljava/lang/String;
- top.maplex.incisiontest.cases.SurgeonAnchorMatrixScopeCases#leadExactTarget@22
  state: ARMED
  target: top/maplex/incisiontest/fixture/AnchorMatrixFixture_Scope.scopeStarTarget()Ljava/lang/String;
- top.maplex.incisiontest.cases.SurgeonOffsetCases#onSecondHelperBefore@38
  state: ARMED
  target: top/maplex/incisiontest/fixture/OffsetFixture.chain()I
- top.maplex.incisiontest.cases.SurgeonOffsetCases#onAfterOffset2All@43
  state: ARMED
  target: top/maplex/incisiontest/fixture/OffsetFixture.chainWithGap()I
- top.maplex.incisiontest.cases.SurgeonVersionMatrixCases#onExplicitNoop@52
  state: ARMED
  target: top/maplex/incisiontest/fixture/SurgeonVersionMatrixFixture.explicitNoopMatcherTarget()Ljava/lang/String;
- top.maplex.incisiontest.cases.KotlinTargetMatrixCases#onFF@20
  state: ARMED
  target: top/maplex/incisiontest/fixture/KotlinTargetMatrixFixture.ffEcho(Ljava/lang/String;)Ljava/lang/String;
- top.maplex.incisiontest.cases.SurgeonInsnPatternCases#onDup@108
  state: ARMED
  target: top/maplex/incisiontest/fixture/ComplexOpcodeFixture.buildBuffer()Ljava/lang/String;
- top.maplex.incisiontest.cases.SurgeonPriorityMaxCases#adviceMax@2
  state: ARMED
  target: top/maplex/incisiontest/fixture/SurgeonPriorityExtremeFixture.extremeMaxTarget()I
- top.maplex.incisiontest.cases.SurgeonInsnPatternCases#onAthrow@92
  state: ARMED
  target: top/maplex/incisiontest/fixture/ComplexOpcodeFixture.throwIt()Ljava/lang/String;
- top.maplex.incisiontest.cases.OperationMatrixCases#m2-cust@20
  state: ARMED
  target: top/maplex/incisiontest/fixture/OperationMatrixFixture.m2CustomId()I
- top.maplex.incisiontest.cases.SurgeonAnchorMatrixSiteCases#siteInvokeOrd0@34
  state: ARMED
  target: top/maplex/incisiontest/fixture/AnchorMatrixFixture_Site.siteInvokeChain(I)I
- top.maplex.incisiontest.cases.PriNeg100Surgeon#priNeg100@0
  state: ARMED
  target: top/maplex/incisiontest/fixture/SurgeonPriorityExtremeFixture.threeSurgeonTarget()Ljava/util/List;
- top.maplex.incisiontest.cases.SurgeonInsnPatternCases#onArithmeticAny@77
  state: ARMED
  target: top/maplex/incisiontest/fixture/ComplexOpcodeFixture.arithmetic(I)I
- top.maplex.incisiontest.cases.SurgeonVersionMatrixCases#onGraftVersioned@49
  state: ARMED
  target: top/maplex/incisiontest/fixture/SurgeonVersionMatrixFixture.graftCallerTarget()I
- top.maplex.incisiontest.cases.SurgeonOffsetCases#onOrdinal1AfterOffset1@52
  state: ARMED
  target: top/maplex/incisiontest/fixture/OffsetFixture.chainWithGap()I
- top.maplex.incisiontest.cases.SurgeonVersionCases#onFakeBoundaryStart@38
  state: ARMED
  target: top/maplex/incisiontest/fixture/SurgeonVersionTargetFixture.fakeMatcherBoundaryStart()Ljava/lang/String;
- top.maplex.incisiontest.cases.SurgeonInsnPatternCases#onDescExact@103
  state: ARMED
  target: top/maplex/incisiontest/fixture/ComplexOpcodeFixture.staticCalls()I
- top.maplex.incisiontest.cases.OperationEnabledPriorityCases#same-pri-second@28
  state: ARMED
  target: top/maplex/incisiontest/fixture/OperationEnabledPriorityFixture.samePriorityTarget()Ljava/util/List;
- top.maplex.incisiontest.cases.OperationMatrixCases#adviceM4@22
  state: ARMED
  target: top/maplex/incisiontest/fixture/OperationMatrixFixture.m4PriorityPositive()I
- top.maplex.incisiontest.cases.SurgeonAnchorMatrixPriorityDefault#defaultPriority@4
  state: ARMED
  target: top/maplex/incisiontest/fixture/AnchorMatrixFixture_Priority.prioritySurgeonTarget()Ljava/lang/String;
- top.maplex.incisiontest.cases.SurgeonOffsetCases#onBeforeOffset2@50
  state: ARMED
  target: top/maplex/incisiontest/fixture/OffsetFixture.chainWithGap()I
- top.maplex.incisiontest.cases.SurgeonAnchorMatrixPriorityOperation#opPriorityDefault@13
  state: ARMED
  target: top/maplex/incisiontest/fixture/AnchorMatrixFixture_Priority.priorityOperationTarget()Ljava/lang/String;
- top.maplex.incisiontest.cases.SurgeonVersionMatrixCases#onFakeNoBounds@53
  state: ARMED
  target: top/maplex/incisiontest/fixture/SurgeonVersionMatrixFixture.fakeMatcherNoBoundsTarget()Ljava/lang/String;
- top.maplex.incisiontest.cases.SurgeonOperationCases#highPriority@9
  state: ARMED
  target: top/maplex/incisiontest/fixture/SurgeonOperationTargetFixture.priorityTarget()Ljava/util/List;
- top.maplex.incisiontest.cases.SurgeonOffsetCases#onOrdinal2AfterOffset2@46
  state: ARMED
  target: top/maplex/incisiontest/fixture/OffsetFixture.chainWithGap()I
- top.maplex.incisiontest.cases.SurgeonPriorityMinCases#adviceMin@2
  state: ARMED
  target: top/maplex/incisiontest/fixture/SurgeonPriorityExtremeFixture.extremeMinTarget()I
- top.maplex.incisiontest.cases.AdyeshachIntegrationCases#apiTrail@13
  state: ARMED
  target: ink/ptms/adyeshach/impl/DefaultAdyeshachAPI.getMinecraftAPI()Link/ptms/adyeshach/core/AdyeshachMinecraftAPI;
- top.maplex.incisiontest.cases.SurgeonInsnPatternCases#onInvokeInterface@104
  state: ARMED
  target: top/maplex/incisiontest/fixture/ComplexOpcodeFixture.interfaceCall(Ljava/util/List;)I
- top.maplex.incisiontest.cases.OperationMatrixCases#m8-cust@26
  state: ARMED
  target: top/maplex/incisiontest/fixture/OperationMatrixFixture.m8AllThree()I
- top.maplex.incisiontest.cases.SurgeonAopCases#aroundCallsHelper@20
  state: ARMED
  target: top/maplex/incisiontest/fixture/SurgeonAopTargetFixture.callsHelper(I)I
- top.maplex.incisiontest.cases.SurgeonAnchorMatrixExtrasCases#fieldGetBefore@24
  state: ARMED
  target: top/maplex/incisiontest/fixture/AnchorMatrixFixture_Extras.readCounterShift()I
- top.maplex.incisiontest.cases.SurgeonAnchorMatrixScopeCases#trimFullDescriptor@28
  state: ARMED
  target: top/maplex/incisiontest/fixture/AnchorMatrixFixture_Scope.scopeTrimArgs(Ljava/lang/String;I)Ljava/lang/String;
- top.maplex.incisiontest.cases.SurgeonInsnPatternCases#onArithmeticIconst5@74
  state: ARMED
  target: top/maplex/incisiontest/fixture/ComplexOpcodeFixture.arithmetic(I)I
- top.maplex.incisiontest.cases.SurgeonInsnPatternCases#onEmptyPattern@95
  state: ARMED
  target: top/maplex/incisiontest/fixture/ComplexOpcodeFixture.emptyBody()V
- top.maplex.incisiontest.cases.SurgeonOperationCases#surgeonDefaultAdvice@11
  state: ARMED
  target: top/maplex/incisiontest/fixture/SurgeonOperationTargetFixture.surgeonDefaultTarget()Ljava/util/List;
- top.maplex.incisiontest.cases.SurgeonInsnPatternCases#onIfeq@90
  state: ARMED
  target: top/maplex/incisiontest/fixture/ComplexOpcodeFixture.branch(Z)I
- top.maplex.incisiontest.cases.SurgeonAopCases#afterMultiArg@19
  state: ARMED
  target: top/maplex/incisiontest/fixture/SurgeonAopTargetFixture.multiArg(ILjava/lang/String;D)Ljava/lang/String;
- top.maplex.incisiontest.cases.SurgeonKotlinTargetCases#both-static-path@10
  state: ARMED
  target: top/maplex/incisiontest/fixture/SurgeonKotlinTargetFixture.bothEcho(Ljava/lang/String;)Ljava/lang/String;
- top.maplex.incisiontest.cases.SurgeonBasicCases#onVoidTrail@9
  state: ARMED
  target: top/maplex/incisiontest/fixture/SurgeonBasicTargetFixture.voidNoArg()V
- top.maplex.incisiontest.cases.PerformanceCases#probe@2
  state: ARMED
  target: top/maplex/incisiontest/fixture/PerformanceFixture.probe(I)I
- top.maplex.incisiontest.cases.OperationEnabledPriorityCases#aFNeg10@23
  state: ARMED
  target: top/maplex/incisiontest/fixture/OperationEnabledPriorityFixture.cellFPriNeg10()I
- top.maplex.incisiontest.cases.SurgeonAnchorMatrixExtrasCases#fieldPutBefore@26
  state: ARMED
  target: top/maplex/incisiontest/fixture/AnchorMatrixFixture_Extras.writeCounterShift(I)V
- top.maplex.incisiontest.cases.SurgeonVersionCases#onMissingMatcherFallback@39
  state: ARMED
  target: top/maplex/incisiontest/fixture/SurgeonVersionTargetFixture.missingMatcherFallback()Ljava/lang/String;
- top.maplex.incisiontest.cases.SurgeonAnchorMatrixTrimCases#trimArgQuad3@22
  state: ARMED
  target: top/maplex/incisiontest/fixture/AnchorMatrixFixture_Trim.trimQuadArg(Ljava/lang/String;Ljava/lang/String;Ljava/lang/String;Ljava/lang/String;)Ljava/lang/String;
- top.maplex.incisiontest.cases.SurgeonInsnPatternCases#onLdcCstFiltered@80
  state: ARMED
  target: top/maplex/incisiontest/fixture/ComplexOpcodeFixture.loadStrings()Ljava/lang/String;
- top.maplex.incisiontest.cases.OperationMatrixCases#orderHigh@28
  state: ARMED
  target: top/maplex/incisiontest/fixture/OperationMatrixFixture.mOrderTarget()Ljava/util/List;
- top.maplex.incisiontest.cases.SurgeonPriorityPositiveCases#advicePositive@0
  state: ARMED
  target: top/maplex/incisiontest/fixture/SurgeonPriorityFixture.pSharedTarget()Ljava/util/List;
- top.maplex.incisiontest.cases.SurgeonAnchorMatrixSiteCases#siteOffsetZero@44
  state: ARMED
  target: top/maplex/incisiontest/fixture/AnchorMatrixFixture_Site.siteOffsetBaseline(I)I
- top.maplex.incisiontest.cases.SurgeonAnchorMatrixTrimCases#trimArgTriple2@21
  state: ARMED
  target: top/maplex/incisiontest/fixture/AnchorMatrixFixture_Trim.trimTripleArg(Ljava/lang/String;Ljava/lang/String;Ljava/lang/String;)Ljava/lang/String;
- top.maplex.incisiontest.cases.SurgeonVersionCases#onNmsGetPlayerCount@33
  state: ARMED
  target: net/minecraft/server/MinecraftServer.getPlayerCount()I
- top.maplex.incisiontest.cases.SurgeonSiteCases#bypassHelperInvoke@24
  state: ARMED
  target: top/maplex/incisiontest/fixture/SurgeonSiteTargetFixture.invokeHelper(I)I
- top.maplex.incisiontest.cases.SurgeonVersionMatrixCases#onBothEmpty@39
  state: ARMED
  target: top/maplex/incisiontest/fixture/SurgeonVersionMatrixFixture.bothEmpty()Ljava/lang/String;
- top.maplex.incisiontest.cases.SurgeonVersionMatrixCases#onBypassVersioned@48
  state: ARMED
  target: top/maplex/incisiontest/fixture/SurgeonVersionMatrixFixture.bypassCallerTarget()I
- top.maplex.incisiontest.cases.SurgeonOperationCases#multiSurgeonLowerSide@13
  state: ARMED
  target: top/maplex/incisiontest/fixture/SurgeonOperationTargetFixture.multiSurgeonTarget()Ljava/util/List;
- top.maplex.incisiontest.cases.KotlinTargetMatrixCases#onTTStatic@26
  state: ARMED
  target: top/maplex/incisiontest/fixture/KotlinTargetMatrixFixture.ttBothEcho(Ljava/lang/String;)Ljava/lang/String;
- top.maplex.incisiontest.cases.OperationEnabledPriorityCases#aT0@20
  state: ARMED
  target: top/maplex/incisiontest/fixture/OperationEnabledPriorityFixture.cellTPri0()I
- top.maplex.incisiontest.cases.SurgeonPredicateCases#onFlagTrue@94
  state: ARMED
  target: top/maplex/incisiontest/fixture/PredicateFixture.flag(Ljava/lang/Object;)Ljava/lang/String;
- top.maplex.incisiontest.cases.SurgeonPredicateCases#onEmptyWhere@115
  state: ARMED
  target: top/maplex/incisiontest/fixture/PredicateFixture.whereEmpty(I)I
- top.maplex.incisiontest.cases.SurgeonOpcodeSeqAnchorCases#onInvokeWithPattern@13
  state: ARMED
  target: top/maplex/incisiontest/fixture/ComplexOpcodeFixture.chainInvoke()I
- top.maplex.incisiontest.cases.KotlinTargetMatrixCases#onTF@24
  state: ARMED
  target: top/maplex/incisiontest/fixture/KotlinTargetMatrixFixture$Companion.tfCompanionEcho(Ljava/lang/String;)Ljava/lang/String;
- top.maplex.incisiontest.cases.SurgeonInsnPatternCases#onAccumulatePattern@73
  state: ARMED
  target: top/maplex/incisiontest/fixture/InsnPatternFixture.accumulate(I)I
- top.maplex.incisiontest.cases.SurgeonAnchorMatrixCases#graftInvokeBefore1@47
  state: ARMED
  target: top/maplex/incisiontest/fixture/AnchorMatrixFixture.matrixInvokeChain(I)I
- top.maplex.incisiontest.cases.SurgeonAnchorMatrixScopeCases#spliceFull@25
  state: ARMED
  target: top/maplex/incisiontest/fixture/AnchorMatrixFixture_Scope.scopeShorthandArgs(Ljava/lang/String;I)Ljava/lang/String;
- top.maplex.incisiontest.cases.SurgeonAnchorMatrixExtrasCases#spliceShortCircuit@33
  state: ARMED
  target: top/maplex/incisiontest/fixture/AnchorMatrixFixture_Extras.spliceSkipTarget(I)I
- top.maplex.incisiontest.cases.SurgeonOffsetCases#onBeforeNegOffset@44
  state: ARMED
  target: top/maplex/incisiontest/fixture/OffsetFixture.chainWithGap()I
- top.maplex.incisiontest.cases.SurgeonSiteCases#graftOnFieldPut@21
  state: ARMED
  target: top/maplex/incisiontest/fixture/SurgeonSiteTargetFixture.writeCounter(I)V
- top.maplex.incisiontest.cases.SurgeonAnchorMatrixSiteCases#siteInvokeOrd1@35
  state: ARMED
  target: top/maplex/incisiontest/fixture/AnchorMatrixFixture_Site.siteInvokeChain(I)I
- top.maplex.incisiontest.cases.SurgeonOffsetCases#onOffsetMinus2@49
  state: ARMED
  target: top/maplex/incisiontest/fixture/OffsetFixture.chainWithGap()I
- top.maplex.incisiontest.cases.SurgeonSiteCases#trimReturnPlain@25
  state: ARMED
  target: top/maplex/incisiontest/fixture/SurgeonSiteTargetFixture.plainReturn()I
- top.maplex.incisiontest.cases.SurgeonPredicateCases#onSpawnNeqInt@70
  state: ARMED
  target: top/maplex/incisiontest/fixture/PredicateFixture.spawn(Ljava/lang/String;I)Ljava/lang/String;
- top.maplex.incisiontest.cases.SurgeonInsnPatternCases#onInvokeSpecial@105
  state: ARMED
  target: top/maplex/incisiontest/fixture/ComplexOpcodeFixture.buildBuffer()Ljava/lang/String;
- top.maplex.incisiontest.cases.SurgeonVersionCases#onFakeBoundaryEnd@37
  state: ARMED
  target: top/maplex/incisiontest/fixture/SurgeonVersionTargetFixture.fakeMatcherBoundaryEnd()Ljava/lang/String;
- top.maplex.incisiontest.cases.SurgeonVersionMatrixCases#onLeadVersioned@44
  state: ARMED
  target: top/maplex/incisiontest/fixture/SurgeonVersionMatrixFixture.leadTarget()Ljava/lang/String;
- top.maplex.incisiontest.cases.OperationMatrixCases#adviceM9@27
  state: ARMED
  target: top/maplex/incisiontest/fixture/OperationMatrixFixture.m9PriorityZeroExplicit()I
- top.maplex.incisiontest.cases.Pri0Surgeon#pri0@0
  state: ARMED
  target: top/maplex/incisiontest/fixture/SurgeonPriorityExtremeFixture.threeSurgeonTarget()Ljava/util/List;
- top.maplex.incisiontest.cases.SurgeonAdvancedCases#onReturnsBoolExcise@4
  state: ARMED
  target: top/maplex/incisiontest/fixture/SurgeonAdvancedTargetFixture.returnsBoolean(Z)Z
- top.maplex.incisiontest.cases.SurgeonVersionMatrixCases#onOnlyEndGiven@40
  state: ARMED
  target: top/maplex/incisiontest/fixture/SurgeonVersionMatrixFixture.onlyEndGiven()Ljava/lang/String;
- top.maplex.incisiontest.cases.SurgeonOffsetCases#onOffsetPlus5@48
  state: ARMED
  target: top/maplex/incisiontest/fixture/OffsetFixture.chainWithGap()I
- top.maplex.incisiontest.cases.OperationEnabledPriorityCases#aT5@21
  state: ARMED
  target: top/maplex/incisiontest/fixture/OperationEnabledPriorityFixture.cellTPri5()I
- top.maplex.incisiontest.cases.SurgeonAnchorMatrixCases#graftFieldGet@50
  state: ARMED
  target: top/maplex/incisiontest/fixture/AnchorMatrixFixture.matrixFieldRead()I
- top.maplex.incisiontest.cases.SurgeonVersionCases#onNoop@32
  state: ARMED
  target: top/maplex/incisiontest/fixture/SurgeonVersionTargetFixture.noopMatcherTarget()Ljava/lang/String;
- top.maplex.incisiontest.cases.AccessorTheatreDslCases#onDescribe@6
  state: ARMED
  target: top/maplex/incisiontest/fixture/AccessorChildFixture.describe()Ljava/lang/String;
- top.maplex.incisiontest.cases.SurgeonAnchorMatrixPriorityOperation#opPriority200@10
  state: ARMED
  target: top/maplex/incisiontest/fixture/AnchorMatrixFixture_Priority.priorityOperationTarget()Ljava/lang/String;
- top.maplex.incisiontest.cases.SurgeonAnchorMatrixExtrasCases#newBefore@28
  state: ARMED
  target: top/maplex/incisiontest/fixture/AnchorMatrixFixture_Extras.allocateBuilder()Ljava/lang/StringBuilder;
- top.maplex.incisiontest.cases.AdyeshachIntegrationCases#literalSplice@16
  state: ARMED
  target: ink/ptms/adyeshach/impl/nms/DefaultMinecraftHelper.literalChatBaseComponent(Ljava/lang/String;)Ljava/lang/Object;
- top.maplex.incisiontest.cases.SurgeonAnchorMatrixCases#graftThrow@53
  state: ARMED
  target: top/maplex/incisiontest/fixture/AnchorMatrixFixture.matrixThrowUncaught(Z)Ljava/lang/String;
- top.maplex.incisiontest.cases.SurgeonInsnPatternCases#onSeq5@96
  state: ARMED
  target: top/maplex/incisiontest/fixture/ComplexOpcodeFixture.densePattern()I
- top.maplex.incisiontest.cases.SurgeonAnchorMatrixCases#headLead@42
  state: ARMED
  target: top/maplex/incisiontest/fixture/AnchorMatrixFixture.matrixSimpleReturn()Ljava/lang/String;
- top.maplex.incisiontest.cases.OperationEnabledPriorityCases#aF0@24
  state: ARMED
  target: top/maplex/incisiontest/fixture/OperationEnabledPriorityFixture.cellFPri0()I
- top.maplex.incisiontest.cases.SurgeonAnchorMatrixCases#trailMultiReturn@44
  state: ARMED
  target: top/maplex/incisiontest/fixture/AnchorMatrixFixture.matrixMultiReturn(Z)I
- top.maplex.incisiontest.cases.SurgeonPriorityNegativeCases#adviceNegative@0
  state: ARMED
  target: top/maplex/incisiontest/fixture/SurgeonPriorityFixture.pSharedTarget()Ljava/util/List;
- top.maplex.incisiontest.cases.SurgeonPredicateCases#onMeasureLt@71
  state: ARMED
  target: top/maplex/incisiontest/fixture/PredicateFixture.measure(D)Ljava/lang/String;
- top.maplex.incisiontest.cases.SurgeonAnchorMatrixExtrasCases#newAfter@29
  state: ARMED
  target: top/maplex/incisiontest/fixture/AnchorMatrixFixture_Extras.allocateBuilder()Ljava/lang/StringBuilder;
- top.maplex.incisiontest.cases.SurgeonAnchorMatrixExtrasCases#tripleArg2@32
  state: ARMED
  target: top/maplex/incisiontest/fixture/AnchorMatrixFixture_Extras.tripleArgEcho(Ljava/lang/String;Ljava/lang/String;Ljava/lang/String;)Ljava/lang/String;
- top.maplex.incisiontest.cases.SurgeonAopCases#aroundModifyArgs@21
  state: ARMED
  target: top/maplex/incisiontest/fixture/SurgeonAopTargetFixture.greet(Ljava/lang/String;)Ljava/lang/String;
- top.maplex.incisiontest.cases.SurgeonPriorityZeroCases#adviceZero@0
  state: ARMED
  target: top/maplex/incisiontest/fixture/SurgeonPriorityFixture.pSharedTarget()Ljava/util/List;
- top.maplex.incisiontest.cases.KotlinTargetMatrixCases#onTTCompanion@27
  state: ARMED
  target: top/maplex/incisiontest/fixture/KotlinTargetMatrixFixture$Companion.ttBothEcho(Ljava/lang/String;)Ljava/lang/String;
- top.maplex.incisiontest.cases.SurgeonInsnPatternCases#onInvokeVirtualGlob@84
  state: ARMED
  target: top/maplex/incisiontest/fixture/ComplexOpcodeFixture.buildBuffer()Ljava/lang/String;
- top.maplex.incisiontest.cases.OperationIdVariantsCases#id::with/special.chars-001@9
  state: ARMED
  target: top/maplex/incisiontest/fixture/OperationIdVariantsFixture.idSpecialCharsTarget()I
- top.maplex.incisiontest.cases.SurgeonOffsetCases#onAnyOrdinal@47
  state: ARMED
  target: top/maplex/incisiontest/fixture/OffsetFixture.chain()I
- top.maplex.incisiontest.cases.SurgeonPredicateCases#onFlagNull@96
  state: ARMED
  target: top/maplex/incisiontest/fixture/PredicateFixture.flag(Ljava/lang/Object;)Ljava/lang/String;
- top.maplex.incisiontest.cases.SurgeonAnchorMatrixPriorityOperation#opPriority50@11
  state: ARMED
  target: top/maplex/incisiontest/fixture/AnchorMatrixFixture_Priority.priorityOperationTarget()Ljava/lang/String;
- top.maplex.incisiontest.cases.SurgeonPredicateCases#onMeasureDouble@97
  state: ARMED
  target: top/maplex/incisiontest/fixture/PredicateFixture.measure(D)Ljava/lang/String;
- top.maplex.incisiontest.cases.OperationEnabledPriorityCases#aF5@25
  state: ARMED
  target: top/maplex/incisiontest/fixture/OperationEnabledPriorityFixture.cellFPri5()I
- top.maplex.incisiontest.cases.SurgeonPredicateCases#onHandleInList@77
  state: ARMED
  target: top/maplex/incisiontest/fixture/PredicateFixture.handle(Ljava/util/List;)Ljava/lang/String;
- top.maplex.incisiontest.cases.SurgeonPredicateCases#onSpawnCompound@98
  state: ARMED
  target: top/maplex/incisiontest/fixture/PredicateFixture.spawn(Ljava/lang/String;I)Ljava/lang/String;
- top.maplex.incisiontest.cases.SurgeonPredicateCases#onRegisterProperty@85
  state: ARMED
  target: top/maplex/incisiontest/fixture/PredicateFixture.register(Ltop/maplex/incisiontest/fixture/PredicateFixture$Named;)Ljava/lang/String;
- top.maplex.incisiontest.cases.AdyeshachIntegrationCases#literalLead@14
  state: ARMED
  target: ink/ptms/adyeshach/impl/nms/DefaultMinecraftHelper.literalChatBaseComponent(Ljava/lang/String;)Ljava/lang/Object;
- top.maplex.incisiontest.cases.SurgeonInsnPatternCases#onANewArray@87
  state: ARMED
  target: top/maplex/incisiontest/fixture/ComplexOpcodeFixture.arrays()I
- top.maplex.incisiontest.cases.OperationMatrixCases#adviceM3@21
  state: ARMED
  target: top/maplex/incisiontest/fixture/OperationMatrixFixture.m3DisabledNoId()I
- top.maplex.incisiontest.cases.SurgeonPredicateCases#onLogMatches@75
  state: ARMED
  target: top/maplex/incisiontest/fixture/PredicateFixture.log(Ljava/lang/String;)Ljava/lang/String;
- top.maplex.incisiontest.cases.SurgeonAnchorMatrixSiteCases#siteNewEmptyTarget@43
  state: ARMED
  target: top/maplex/incisiontest/fixture/AnchorMatrixFixture_Site.siteTargetEmpty()Ljava/lang/Object;
- top.maplex.incisiontest.cases.SurgeonPredicateCases#onRegisterMethodNoArg@88
  state: ARMED
  target: top/maplex/incisiontest/fixture/PredicateFixture.register(Ltop/maplex/incisiontest/fixture/PredicateFixture$Named;)Ljava/lang/String;
- top.maplex.incisiontest.cases.SurgeonAnchorMatrixScopeCases#leadWildArgs@21
  state: ARMED
  target: top/maplex/incisiontest/fixture/AnchorMatrixFixture_Scope.scopeMethodWild(*)*
- top.maplex.incisiontest.cases.SurgeonOffsetCases#onFirstHelperBefore@37
  state: ARMED
  target: top/maplex/incisiontest/fixture/OffsetFixture.chain()I
- top.maplex.incisiontest.cases.SurgeonVersionMatrixCases#onSpliceVersioned@46
  state: ARMED
  target: top/maplex/incisiontest/fixture/SurgeonVersionMatrixFixture.spliceTarget()Ljava/lang/String;
- top.maplex.incisiontest.cases.SurgeonAnchorMatrixSiteCases#siteInvokeOrd2@36
  state: ARMED
  target: top/maplex/incisiontest/fixture/AnchorMatrixFixture_Site.siteInvokeChain(I)I
- top.maplex.incisiontest.cases.SurgeonAnchorMatrixSiteCases#anchorHead@30
  state: ARMED
  target: top/maplex/incisiontest/fixture/AnchorMatrixFixture_Site.siteHeadMethod()Ljava/lang/String;
- top.maplex.incisiontest.cases.SurgeonAnchorMatrixCases#graftInvokeAfter0@49
  state: ARMED
  target: top/maplex/incisiontest/fixture/AnchorMatrixFixture.matrixInvokeChain(I)I
- top.maplex.incisiontest.cases.SurgeonAnchorMatrixCases#bypassReplace@54
  state: ARMED
  target: top/maplex/incisiontest/fixture/AnchorMatrixFixture.matrixInvokeMixed(I)I
- top.maplex.incisiontest.cases.PerformanceCases#leadOfPair@4
  state: ARMED
  target: top/maplex/incisiontest/fixture/PerformanceFixture.leadTrail(I)I
- top.maplex.incisiontest.cases.SurgeonCrossClCases#onGetPlayerCount@5
  state: ARMED
  target: net/minecraft/server/MinecraftServer.getPlayerCount()I
- top.maplex.incisiontest.cases.SurgeonPredicateCases#onRegisterMethodCall@87
  state: ARMED
  target: top/maplex/incisiontest/fixture/PredicateFixture.register(Ltop/maplex/incisiontest/fixture/PredicateFixture$Named;)Ljava/lang/String;
- top.maplex.incisiontest.cases.SurgeonSiteCases#graftOnFieldGet@20
  state: ARMED
  target: top/maplex/incisiontest/fixture/SurgeonSiteTargetFixture.readCounter()I
- top.maplex.incisiontest.cases.SurgeonKotlinTargetCases#onCompanionOnly@8
  state: ARMED
  target: top/maplex/incisiontest/fixture/SurgeonKotlinTargetFixture$Companion.companionOnlyEcho(Ljava/lang/String;)Ljava/lang/String;
- top.maplex.incisiontest.cases.SurgeonPredicateCases#onAcceptAsCast@84
  state: ARMED
  target: top/maplex/incisiontest/fixture/PredicateFixture.accept(Ljava/lang/Object;)Ljava/lang/String;
- top.maplex.incisiontest.cases.SurgeonVersionMatrixCases#onTrailVersioned@45
  state: ARMED
  target: top/maplex/incisiontest/fixture/SurgeonVersionMatrixFixture.trailTarget()Ljava/lang/String;
- top.maplex.incisiontest.cases.OperationEnabledPriorityCases#cycle-advice@29
  state: ARMED
  target: top/maplex/incisiontest/fixture/OperationEnabledPriorityFixture.cycleTarget()I
- top.maplex.incisiontest.cases.SurgeonPredicateCases#onSpawnNested@93
  state: ARMED
  target: top/maplex/incisiontest/fixture/PredicateFixture.spawn(Ljava/lang/String;I)Ljava/lang/String;
- top.maplex.incisiontest.cases.SurgeonKotlinTargetCases#onStaticOnly@9
  state: ARMED
  target: top/maplex/incisiontest/fixture/SurgeonKotlinTargetFixture.staticOnlyEcho(Ljava/lang/String;)Ljava/lang/String;
- top.maplex.incisiontest.cases.SurgeonAnchorMatrixCases#tailTrailNormal@43
  state: ARMED
  target: top/maplex/incisiontest/fixture/AnchorMatrixFixture.matrixSimpleReturn()Ljava/lang/String;
- top.maplex.incisiontest.cases.SurgeonAnchorMatrixPriorityLow#lowPriority@2
  state: ARMED
  target: top/maplex/incisiontest/fixture/AnchorMatrixFixture_Priority.prioritySurgeonTarget()Ljava/lang/String;
- top.maplex.incisiontest.cases.SurgeonPredicateCases#onHandleIcList@80
  state: ARMED
  target: top/maplex/incisiontest/fixture/PredicateFixture.handle(Ljava/util/List;)Ljava/lang/String;
- top.maplex.incisiontest.cases.SurgeonInsnPatternCases#onFieldPut@82
  state: ARMED
  target: top/maplex/incisiontest/fixture/ComplexOpcodeFixture.touchFields()I
- top.maplex.incisiontest.cases.SurgeonAnchorMatrixScopeCases#bypassFullDescriptor@26
  state: ARMED
  target: top/maplex/incisiontest/fixture/AnchorMatrixFixture_Scope.scopeInvokeHelper()I
- top.maplex.incisiontest.cases.KotlinTargetMatrixCases#onFTAlt@23
  state: ARMED
  target: top/maplex/incisiontest/fixture/KotlinTargetMatrixFixture.ftStaticAlt(I)I
- top.maplex.incisiontest.cases.SurgeonVersionMatrixCases#onSinglePoint@42
  state: ARMED
  target: top/maplex/incisiontest/fixture/SurgeonVersionMatrixFixture.singlePoint()Ljava/lang/String;
- top.maplex.incisiontest.cases.SurgeonVersionMatrixCases#onSegLongerEnd@55
  state: ARMED
  target: top/maplex/incisiontest/fixture/SurgeonVersionMatrixFixture.segmentLongerEnd()Ljava/lang/String;
- top.maplex.incisiontest.cases.SurgeonPredicateCases#onExciseWithWhere@118
  state: ARMED
  target: top/maplex/incisiontest/fixture/PredicateFixture.whereExcise(Ljava/lang/String;)Ljava/lang/String;
- top.maplex.incisiontest.cases.OperationMatrixCases#m6-cust@24
  state: ARMED
  target: top/maplex/incisiontest/fixture/OperationMatrixFixture.m6IdAndPriority()I
- top.maplex.incisiontest.cases.SurgeonVersionCases#onFuture@31
  state: ARMED
  target: top/maplex/incisiontest/fixture/SurgeonVersionTargetFixture.versionedTarget()Ljava/lang/String;
- top.maplex.incisiontest.cases.SurgeonInsnPatternCases#onRepeat5@98
  state: ARMED
  target: top/maplex/incisiontest/fixture/ComplexOpcodeFixture.multiFieldPut()I
- top.maplex.incisiontest.cases.SurgeonOperationCases#lowPriority@10
  state: ARMED
  target: top/maplex/incisiontest/fixture/SurgeonOperationTargetFixture.priorityTarget()Ljava/util/List;
- top.maplex.incisiontest.cases.SurgeonPredicateCases#onSpawnOr@91
  state: ARMED
  target: top/maplex/incisiontest/fixture/PredicateFixture.spawn(Ljava/lang/String;I)Ljava/lang/String;
- top.maplex.incisiontest.cases.SurgeonOpcodeSeqAnchorCases#onInvokeWithGlob@14
  state: ARMED
  target: top/maplex/incisiontest/fixture/ComplexOpcodeFixture.chainInvoke()I
- top.maplex.incisiontest.cases.SurgeonPredicateCases#onAcceptIpObject@81
  state: ARMED
  target: top/maplex/incisiontest/fixture/PredicateFixture.accept(Ljava/lang/Object;)Ljava/lang/String;
- top.maplex.incisiontest.cases.SurgeonOffsetCases#onAfterOffset0@51
  state: ARMED
  target: top/maplex/incisiontest/fixture/OffsetFixture.chain()I
- top.maplex.incisiontest.cases.SurgeonAnchorMatrixCases#trimArg1@57
  state: ARMED
  target: top/maplex/incisiontest/fixture/AnchorMatrixFixture.matrixCombine(Ljava/lang/String;Ljava/lang/String;)Ljava/lang/String;
- top.maplex.incisiontest.cases.SurgeonAnchorMatrixExtrasCases#exciseFullBody@34
  state: ARMED
  target: top/maplex/incisiontest/fixture/AnchorMatrixFixture_Extras.exciseRawTarget()Ljava/lang/String;
- top.maplex.incisiontest.cases.SurgeonSiteCases#graftAfterHelperInvoke@19
  state: ARMED
  target: top/maplex/incisiontest/fixture/SurgeonSiteTargetFixture.invokeHelper(I)I
- top.maplex.incisiontest.cases.OperationMatrixCases#orderMid@29
  state: ARMED
  target: top/maplex/incisiontest/fixture/OperationMatrixFixture.mOrderTarget()Ljava/util/List;
- top.maplex.incisiontest.cases.SurgeonAnchorMatrixCases#graftInvokeBefore0@46
  state: ARMED
  target: top/maplex/incisiontest/fixture/AnchorMatrixFixture.matrixInvokeChain(I)I
- top.maplex.incisiontest.cases.SurgeonPredicateCases#onAcceptNotIt@83
  state: ARMED
  target: top/maplex/incisiontest/fixture/PredicateFixture.accept(Ljava/lang/Object;)Ljava/lang/String;
- top.maplex.incisiontest.cases.SurgeonPredicateCases#onAcceptIsString@78
  state: ARMED
  target: top/maplex/incisiontest/fixture/PredicateFixture.accept(Ljava/lang/Object;)Ljava/lang/String;
- top.maplex.incisiontest.cases.SurgeonBasicCases#onGreetLead@8
  state: ARMED
  target: top/maplex/incisiontest/fixture/SurgeonBasicTargetFixture.greet(Ljava/lang/String;)Ljava/lang/String;
- top.maplex.incisiontest.cases.SurgeonOperationCases#disabledAdvice@8
  state: ARMED
  target: top/maplex/incisiontest/fixture/SurgeonOperationTargetFixture.disabledTarget()I
- top.maplex.incisiontest.cases.SurgeonAnchorMatrixCases#graftNew@52
  state: ARMED
  target: top/maplex/incisiontest/fixture/AnchorMatrixFixture.matrixAllocate()Ljava/util/ArrayList;
- top.maplex.incisiontest.cases.PerformanceCases#lead@3
  state: ARMED
  target: top/maplex/incisiontest/fixture/PerformanceFixture.lead(I)I
- top.maplex.incisiontest.cases.OperationEnabledPriorityCases#aT100@22
  state: ARMED
  target: top/maplex/incisiontest/fixture/OperationEnabledPriorityFixture.cellTPri100()I
- top.maplex.incisiontest.cases.SurgeonInsnPatternCases#onNewStringBuilder@83
  state: ARMED
  target: top/maplex/incisiontest/fixture/ComplexOpcodeFixture.buildBuffer()Ljava/lang/String;
- top.maplex.incisiontest.cases.SurgeonOperationCases#surgeonOverrideAdvice@12
  state: ARMED
  target: top/maplex/incisiontest/fixture/SurgeonOperationTargetFixture.surgeonDefaultTarget()Ljava/util/List;
- top.maplex.incisiontest.cases.SurgeonPredicateCases#onLogInString@76
  state: ARMED
  target: top/maplex/incisiontest/fixture/PredicateFixture.log(Ljava/lang/String;)Ljava/lang/String;
- top.maplex.incisiontest.cases.SurgeonOffsetCases#onFirstHelperAfterOffset1@40
  state: ARMED
  target: top/maplex/incisiontest/fixture/OffsetFixture.chain()I
- top.maplex.incisiontest.cases.SurgeonPredicateCases#onSpawnLe@73
  state: ARMED
  target: top/maplex/incisiontest/fixture/PredicateFixture.spawn(Ljava/lang/String;I)Ljava/lang/String;
- top.maplex.incisiontest.cases.SurgeonAnchorMatrixCases#trimReturnPlain@55
  state: ARMED
  target: top/maplex/incisiontest/fixture/AnchorMatrixFixture.matrixPlainReturn()I
- top.maplex.incisiontest.cases.SurgeonAnchorMatrixExtrasCases#noParenLead@35
  state: ARMED
  target: top/maplex/incisiontest/fixture/AnchorMatrixFixture_Extras.noParenMethod()Ljava/lang/String;
- top.maplex.incisiontest.cases.SurgeonOffsetCases#onThirdHelperBefore@39
  state: ARMED
  target: top/maplex/incisiontest/fixture/OffsetFixture.chain()I
- top.maplex.incisiontest.cases.SurgeonAnchorMatrixScopeCases#trailClassAndMethodA@23
  state: ARMED
  target: top/maplex/incisiontest/fixture/AnchorMatrixFixture_Scope.scopeClassA()I
- top.maplex.incisiontest.cases.SurgeonAnchorMatrixCases#spliceProceedAndKeep@59
  state: ARMED
  target: top/maplex/incisiontest/fixture/AnchorMatrixFixture.matrixSpliceTarget(I)I
- top.maplex.incisiontest.cases.SurgeonInsnPatternCases#onFieldGet@81
  state: ARMED
  target: top/maplex/incisiontest/fixture/ComplexOpcodeFixture.touchFields()I
- top.maplex.incisiontest.cases.SurgeonOffsetCases#onFieldPutOffset@54
  state: ARMED
  target: top/maplex/incisiontest/fixture/OffsetFixture.chainWithGap()I
- top.maplex.incisiontest.cases.SurgeonAnchorMatrixSiteCases#siteFieldGetGraft@40
  state: ARMED
  target: top/maplex/incisiontest/fixture/AnchorMatrixFixture_Site.siteFieldGet()I
- top.maplex.incisiontest.cases.SurgeonAnchorMatrixCases#graftFieldPut@51
  state: ARMED
  target: top/maplex/incisiontest/fixture/AnchorMatrixFixture.matrixFieldWrite(I)V
- top.maplex.incisiontest.cases.SurgeonSiteCases#graftOnThrow@23
  state: ARMED
  target: top/maplex/incisiontest/fixture/SurgeonSiteTargetFixture.throwIt()Ljava/lang/String;
- top.maplex.incisiontest.cases.SurgeonInsnPatternCases#onNewArray@86
  state: ARMED
  target: top/maplex/incisiontest/fixture/ComplexOpcodeFixture.arrays()I
- top.maplex.incisiontest.cases.SurgeonVersionCases#onMultiRange1@41
  state: ARMED
  target: top/maplex/incisiontest/fixture/SurgeonVersionTargetFixture.multiRangeByIndex()Ljava/lang/String;
- top.maplex.incisiontest.cases.KotlinTargetMatrixCases#onFFAlt@21
  state: ARMED
  target: top/maplex/incisiontest/fixture/KotlinTargetMatrixFixture.ffAltMethod(I)I
- top.maplex.incisiontest.cases.SurgeonAopCases#onCompanionEcho@24
  state: ARMED
  target: top/maplex/incisiontest/fixture/SurgeonAopTargetFixture$Companion.companionEcho(Ljava/lang/String;)Ljava/lang/String;
- top.maplex.incisiontest.cases.SurgeonAnchorMatrixCases#graftInvokeBeforeAll@48
  state: ARMED
  target: top/maplex/incisiontest/fixture/AnchorMatrixFixture.matrixInvokeChain(I)I
- top.maplex.incisiontest.cases.OperationMatrixCases#orderLow@31
  state: ARMED
  target: top/maplex/incisiontest/fixture/OperationMatrixFixture.mOrderTarget()Ljava/util/List;
- top.maplex.incisiontest.cases.SurgeonPriorityDefaultCases#adviceDefault@0
  state: ARMED
  target: top/maplex/incisiontest/fixture/SurgeonPriorityFixture.pSharedTarget()Ljava/util/List;
- top.maplex.incisiontest.cases.SurgeonAnchorMatrixTrimCases#trimArgSingle@18
  state: ARMED
  target: top/maplex/incisiontest/fixture/AnchorMatrixFixture_Trim.trimSingleArg(Ljava/lang/String;)Ljava/lang/String;
- top.maplex.incisiontest.cases.SurgeonOffsetCases#onFieldGetOffset@53
  state: ARMED
  target: top/maplex/incisiontest/fixture/OffsetFixture.chainWithGap()I
- top.maplex.incisiontest.cases.SurgeonAnchorMatrixTrimCases#trimArgDouble0@19
  state: ARMED
  target: top/maplex/incisiontest/fixture/AnchorMatrixFixture_Trim.trimDoubleArg(Ljava/lang/String;Ljava/lang/String;)Ljava/lang/String;
- top.maplex.incisiontest.cases.OperationEnabledPriorityCases#same-pri-first@27
  state: ARMED
  target: top/maplex/incisiontest/fixture/OperationEnabledPriorityFixture.samePriorityTarget()Ljava/util/List;
- top.maplex.incisiontest.cases.SurgeonAnchorMatrixTrimCases#trimReturnInt@23
  state: ARMED
  target: top/maplex/incisiontest/fixture/AnchorMatrixFixture_Trim.trimReturnInt()I
- top.maplex.incisiontest.cases.SurgeonAnchorMatrixPriorityOperation#opPriorityNeg10@12
  state: ARMED
  target: top/maplex/incisiontest/fixture/AnchorMatrixFixture_Priority.priorityOperationTarget()Ljava/lang/String;
- top.maplex.incisiontest.cases.SurgeonVersionMatrixCases#onExciseVersioned@47
  state: ARMED
  target: top/maplex/incisiontest/fixture/SurgeonVersionMatrixFixture.exciseTarget()Ljava/lang/String;
- top.maplex.incisiontest.cases.SurgeonCrossClCases#onGetMaxPlayers@8
  state: ARMED
  target: org/bukkit/Bukkit.getMaxPlayers()I

[15:28:58] [Server thread/INFO]: [Incision] Instrumentation 后端就绪
[15:28:58] [Server thread/INFO]: [DEBUG] MeteorInjector 初始化完成。
[15:28:58] [Server thread/INFO]: [DEBUG] 生命周期 "ENABLE" 用时 47 毫秒。
[15:28:58] [Server thread/INFO]: Server permissions file permissions.yml is empty, ignoring it
[15:28:58] [Server thread/INFO]: Done (0.249s)! For help, type "help"
[15:28:58] [Server thread/INFO]: Saving chunks for level 'ServerLevel[world]'/minecraft:overworld
[15:28:58] [Server thread/INFO]: Saving chunks for level 'ServerLevel[world_nether]'/minecraft:the_nether
[15:28:58] [Server thread/INFO]: Saving chunks for level 'ServerLevel[world_the_end]'/minecraft:the_end
[15:28:58] [Server thread/INFO]: ThreadedAnvilChunkStorage (world): All chunks are saved
[15:28:58] [Server thread/INFO]: ThreadedAnvilChunkStorage (DIM-1): All chunks are saved
[15:28:58] [Server thread/INFO]: ThreadedAnvilChunkStorage (DIM1): All chunks are saved
[15:28:58] [Server thread/INFO]: ThreadedAnvilChunkStorage: All dimensions are saved
[15:28:58] [Server thread/INFO]: [DEBUG] 生命周期 "ACTIVE" 用时 1 毫秒。
[15:28:58] [Server thread/INFO]: [IncisionTest] auto-run disabled for isolated benchmark process
[15:28:59] [Craft Scheduler Thread - 0/INFO]: [DEBUG] [Incision][DEBUG] weave inject top/maplex/incisiontest/fixture/PerformanceFixture.probe(I)I kinds=[LEAD] static=false
[15:28:59] [Craft Scheduler Thread - 0/INFO]: [DEBUG] [Incision][DEBUG] weave inject top/maplex/incisiontest/fixture/PerformanceFixture.lead(I)I kinds=[LEAD] static=false
[15:28:59] [Craft Scheduler Thread - 0/INFO]: [DEBUG] [Incision][DEBUG] weave inject top/maplex/incisiontest/fixture/PerformanceFixture.leadTrail(I)I kinds=[LEAD, TRAIL] static=false
[15:28:59] [Craft Scheduler Thread - 0/INFO]: [DEBUG] [Incision][DEBUG] weave inject top/maplex/incisiontest/fixture/PerformanceFixture.predicate(I)I kinds=[LEAD] static=false
[15:28:59] [Craft Scheduler Thread - 0/INFO]: [DEBUG] [Incision][DEBUG] weave inject top/maplex/incisiontest/fixture/PerformanceFixture.splice(I)I kinds=[SPLICE] static=false
[15:28:59] [Craft Scheduler Thread - 0/INFO]: [DEBUG] [Incision][DEBUG] weave inject top/maplex/incisiontest/fixture/PerformanceFixture.siteInvoke(I)I kinds=[GRAFT] static=false
[15:28:59] [Craft Scheduler Thread - 0/INFO]: [DEBUG] [Incision][DEBUG] JvmtiBackend.defineClass: top.maplex.incisiontest.fixture.PerformanceFixture$$IncisionBodies in org.bukkit.plugin.java.PluginClassLoader@7841969e
[15:28:59] [Craft Scheduler Thread - 0/INFO]: [DEBUG] [Incision][DEBUG] Bodies class defined in target loader: top.maplex.incisiontest.fixture.PerformanceFixture$$IncisionBodies loader=org.bukkit.plugin.java.PluginClassLoader
[15:28:59] [Craft Scheduler Thread - 0/INFO]: JMH-START backend=instrumentation unit=ns/op warmup=3 measurement=7 iterationMillis=500 forks=0 output=E:\Code\TabooLib\taboolib\module\incision\performance\jmh-2026-07-28\raw\26.1.2-spigot-java25-instrumentation.json
[15:28:59] [Craft Scheduler Thread - 0/INFO]: # JMH version: 1.37
[15:28:59] [Craft Scheduler Thread - 0/INFO]: # VM version: JDK 25.0.2, OpenJDK 64-Bit Server VM, 25.0.2+10-LTS
[15:28:59] [Craft Scheduler Thread - 0/INFO]: # VM invoker: D:\Java\zulu25.32.21-ca-jdk25.0.2-win_x64\bin\java.exe
[15:28:59] [Craft Scheduler Thread - 0/INFO]: # VM options: -Xms512M -Xmx1536M -Dfile.encoding=UTF-8 -Dtaboolib.incision.backend=instrumentation -Dincision.test.autoRun=false -Djdk.attach.allowAttachSelf=true -Dincision.jmh.output=E:\Code\TabooLib\taboolib\module\incision\performance\jmh-2026-07-28\raw\26.1.2-spigot-java25-instrumentation.json -Dincision.jmh.warmupIterations=3 -Dincision.jmh.measurementIterations=7 -Dincision.jmh.iterationMillis=500 -XX:+EnableDynamicAgentLoading
[15:28:59] [Craft Scheduler Thread - 0/INFO]: # Blackhole mode: compiler (auto-detected, use -Djmh.blackhole.autoDetect=false to disable)
[15:28:59] [Craft Scheduler Thread - 0/INFO]: # Warmup: 3 iterations, 500 ms each
[15:28:59] [Craft Scheduler Thread - 0/INFO]: # Measurement: 7 iterations, 500 ms each
[15:28:59] [Craft Scheduler Thread - 0/INFO]: # Timeout: 10 min per iteration
[15:28:59] [Craft Scheduler Thread - 0/INFO]: # Threads: 1 thread, will synchronize iterations
[15:28:59] [Craft Scheduler Thread - 0/INFO]: # Benchmark mode: Average time, time/op
[15:28:59] [Craft Scheduler Thread - 0/INFO]: # Benchmark: top.maplex.incisiontest.benchmark.IncisionJmhBenchmark.baseline
[15:28:59] [Craft Scheduler Thread - 0/INFO]: 
[15:28:59] [Craft Scheduler Thread - 0/INFO]: # Run progress: 0.00% complete, ETA 00:00:30
[15:28:59] [Craft Scheduler Thread - 0/INFO]: # Fork: N/A, test runs in the host VM
[15:28:59] [Craft Scheduler Thread - 0/INFO]: # *** WARNING: Non-forked runs may silently omit JVM options, mess up profilers, disable compiler hints, etc. ***
[15:28:59] [Craft Scheduler Thread - 0/INFO]: # *** WARNING: Use non-forked runs only for debugging purposes, not for actual performance runs. ***
[15:29:00] [Craft Scheduler Thread - 0/INFO]: # Warmup Iteration   1: 0.443 ns/op
[15:29:00] [Craft Scheduler Thread - 0/INFO]: # Warmup Iteration   2: 0.478 ns/op
[15:29:01] [Craft Scheduler Thread - 0/INFO]: # Warmup Iteration   3: 0.418 ns/op
[15:29:01] [Craft Scheduler Thread - 0/INFO]: Iteration   1: 0.514 ns/op
[15:29:02] [Craft Scheduler Thread - 0/INFO]: Iteration   2: 0.449 ns/op
[15:29:02] [Craft Scheduler Thread - 0/INFO]: Iteration   3: 0.536 ns/op
[15:29:03] [Craft Scheduler Thread - 0/INFO]: Iteration   4: 0.429 ns/op
[15:29:03] [Craft Scheduler Thread - 0/INFO]: Iteration   5: 0.482 ns/op
[15:29:04] [Craft Scheduler Thread - 0/INFO]: Iteration   6: 0.473 ns/op
[15:29:04] [Craft Scheduler Thread - 0/INFO]: Iteration   7: 0.445 ns/op
[15:29:04] [Craft Scheduler Thread - 0/INFO]: 
[15:29:04] [Craft Scheduler Thread - 0/INFO]: Result "top.maplex.incisiontest.benchmark.IncisionJmhBenchmark.baseline":
[15:29:04] [Craft Scheduler Thread - 0/INFO]:   0.475 ±(99.9%) 0.087 ns/op [Average]
[15:29:04] [Craft Scheduler Thread - 0/INFO]:   (min, avg, max) = (0.429, 0.475, 0.536), stdev = 0.039
[15:29:04] [Craft Scheduler Thread - 0/INFO]:   CI (99.9%): [0.388, 0.562] (assumes normal distribution)
[15:29:04] [Craft Scheduler Thread - 0/INFO]: 
[15:29:04] [Craft Scheduler Thread - 0/INFO]: 
[15:29:04] [Craft Scheduler Thread - 0/INFO]: # JMH version: 1.37
[15:29:04] [Craft Scheduler Thread - 0/INFO]: # VM version: JDK 25.0.2, OpenJDK 64-Bit Server VM, 25.0.2+10-LTS
[15:29:04] [Craft Scheduler Thread - 0/INFO]: # VM invoker: D:\Java\zulu25.32.21-ca-jdk25.0.2-win_x64\bin\java.exe
[15:29:04] [Craft Scheduler Thread - 0/INFO]: # VM options: -Xms512M -Xmx1536M -Dfile.encoding=UTF-8 -Dtaboolib.incision.backend=instrumentation -Dincision.test.autoRun=false -Djdk.attach.allowAttachSelf=true -Dincision.jmh.output=E:\Code\TabooLib\taboolib\module\incision\performance\jmh-2026-07-28\raw\26.1.2-spigot-java25-instrumentation.json -Dincision.jmh.warmupIterations=3 -Dincision.jmh.measurementIterations=7 -Dincision.jmh.iterationMillis=500 -XX:+EnableDynamicAgentLoading
[15:29:04] [Craft Scheduler Thread - 0/INFO]: # Blackhole mode: compiler (auto-detected, use -Djmh.blackhole.autoDetect=false to disable)
[15:29:04] [Craft Scheduler Thread - 0/INFO]: # Warmup: 3 iterations, 500 ms each
[15:29:04] [Craft Scheduler Thread - 0/INFO]: # Measurement: 7 iterations, 500 ms each
[15:29:04] [Craft Scheduler Thread - 0/INFO]: # Timeout: 10 min per iteration
[15:29:04] [Craft Scheduler Thread - 0/INFO]: # Threads: 1 thread, will synchronize iterations
[15:29:04] [Craft Scheduler Thread - 0/INFO]: # Benchmark mode: Average time, time/op
[15:29:04] [Craft Scheduler Thread - 0/INFO]: # Benchmark: top.maplex.incisiontest.benchmark.IncisionJmhBenchmark.lead
[15:29:04] [Craft Scheduler Thread - 0/INFO]: 
[15:29:04] [Craft Scheduler Thread - 0/INFO]: # Run progress: 16.67% complete, ETA 00:00:25
[15:29:04] [Craft Scheduler Thread - 0/INFO]: # Fork: N/A, test runs in the host VM
[15:29:04] [Craft Scheduler Thread - 0/INFO]: # *** WARNING: Non-forked runs may silently omit JVM options, mess up profilers, disable compiler hints, etc. ***
[15:29:04] [Craft Scheduler Thread - 0/INFO]: # *** WARNING: Use non-forked runs only for debugging purposes, not for actual performance runs. ***
[15:29:05] [Craft Scheduler Thread - 0/INFO]: # Warmup Iteration   1: 110.806 ns/op
[15:29:05] [Craft Scheduler Thread - 0/INFO]: # Warmup Iteration   2: 101.869 ns/op
[15:29:06] [Craft Scheduler Thread - 0/INFO]: # Warmup Iteration   3: 101.415 ns/op
[15:29:06] [Craft Scheduler Thread - 0/INFO]: Iteration   1: 84.685 ns/op
[15:29:07] [Craft Scheduler Thread - 0/INFO]: Iteration   2: 74.250 ns/op
[15:29:07] [Craft Scheduler Thread - 0/INFO]: Iteration   3: 91.057 ns/op
[15:29:08] [Craft Scheduler Thread - 0/INFO]: Iteration   4: 85.811 ns/op
[15:29:08] [Craft Scheduler Thread - 0/INFO]: Iteration   5: 79.362 ns/op
[15:29:09] [Craft Scheduler Thread - 0/INFO]: Iteration   6: 88.070 ns/op
[15:29:09] [Craft Scheduler Thread - 0/INFO]: Iteration   7: 79.092 ns/op
[15:29:09] [Craft Scheduler Thread - 0/INFO]: 
[15:29:09] [Craft Scheduler Thread - 0/INFO]: Result "top.maplex.incisiontest.benchmark.IncisionJmhBenchmark.lead":
[15:29:09] [Craft Scheduler Thread - 0/INFO]:   83.190 ±(99.9%) 13.203 ns/op [Average]
[15:29:09] [Craft Scheduler Thread - 0/INFO]:   (min, avg, max) = (74.250, 83.190, 91.057), stdev = 5.862
[15:29:09] [Craft Scheduler Thread - 0/INFO]:   CI (99.9%): [69.987, 96.392] (assumes normal distribution)
[15:29:09] [Craft Scheduler Thread - 0/INFO]: 
[15:29:09] [Craft Scheduler Thread - 0/INFO]: 
[15:29:09] [Craft Scheduler Thread - 0/INFO]: # JMH version: 1.37
[15:29:09] [Craft Scheduler Thread - 0/INFO]: # VM version: JDK 25.0.2, OpenJDK 64-Bit Server VM, 25.0.2+10-LTS
[15:29:09] [Craft Scheduler Thread - 0/INFO]: # VM invoker: D:\Java\zulu25.32.21-ca-jdk25.0.2-win_x64\bin\java.exe
[15:29:09] [Craft Scheduler Thread - 0/INFO]: # VM options: -Xms512M -Xmx1536M -Dfile.encoding=UTF-8 -Dtaboolib.incision.backend=instrumentation -Dincision.test.autoRun=false -Djdk.attach.allowAttachSelf=true -Dincision.jmh.output=E:\Code\TabooLib\taboolib\module\incision\performance\jmh-2026-07-28\raw\26.1.2-spigot-java25-instrumentation.json -Dincision.jmh.warmupIterations=3 -Dincision.jmh.measurementIterations=7 -Dincision.jmh.iterationMillis=500 -XX:+EnableDynamicAgentLoading
[15:29:09] [Craft Scheduler Thread - 0/INFO]: # Blackhole mode: compiler (auto-detected, use -Djmh.blackhole.autoDetect=false to disable)
[15:29:09] [Craft Scheduler Thread - 0/INFO]: # Warmup: 3 iterations, 500 ms each
[15:29:09] [Craft Scheduler Thread - 0/INFO]: # Measurement: 7 iterations, 500 ms each
[15:29:09] [Craft Scheduler Thread - 0/INFO]: # Timeout: 10 min per iteration
[15:29:09] [Craft Scheduler Thread - 0/INFO]: # Threads: 1 thread, will synchronize iterations
[15:29:09] [Craft Scheduler Thread - 0/INFO]: # Benchmark mode: Average time, time/op
[15:29:09] [Craft Scheduler Thread - 0/INFO]: # Benchmark: top.maplex.incisiontest.benchmark.IncisionJmhBenchmark.leadTrail
[15:29:09] [Craft Scheduler Thread - 0/INFO]: 
[15:29:09] [Craft Scheduler Thread - 0/INFO]: # Run progress: 33.33% complete, ETA 00:00:20
[15:29:09] [Craft Scheduler Thread - 0/INFO]: # Fork: N/A, test runs in the host VM
[15:29:09] [Craft Scheduler Thread - 0/INFO]: # *** WARNING: Non-forked runs may silently omit JVM options, mess up profilers, disable compiler hints, etc. ***
[15:29:09] [Craft Scheduler Thread - 0/INFO]: # *** WARNING: Use non-forked runs only for debugging purposes, not for actual performance runs. ***
[15:29:10] [Craft Scheduler Thread - 0/INFO]: # Warmup Iteration   1: 263.047 ns/op
[15:29:10] [Craft Scheduler Thread - 0/INFO]: # Warmup Iteration   2: 260.881 ns/op
[15:29:11] [Craft Scheduler Thread - 0/INFO]: # Warmup Iteration   3: 248.794 ns/op
[15:29:11] [Craft Scheduler Thread - 0/INFO]: Iteration   1: 245.086 ns/op
[15:29:12] [Craft Scheduler Thread - 0/INFO]: Iteration   2: 211.097 ns/op
[15:29:12] [Craft Scheduler Thread - 0/INFO]: Iteration   3: 228.062 ns/op
[15:29:13] [Craft Scheduler Thread - 0/INFO]: Iteration   4: 252.683 ns/op
[15:29:13] [Craft Scheduler Thread - 0/INFO]: Iteration   5: 199.383 ns/op
[15:29:14] [Craft Scheduler Thread - 0/INFO]: Iteration   6: 240.192 ns/op
[15:29:14] [Craft Scheduler Thread - 0/INFO]: Iteration   7: 205.297 ns/op
[15:29:14] [Craft Scheduler Thread - 0/INFO]: 
[15:29:14] [Craft Scheduler Thread - 0/INFO]: Result "top.maplex.incisiontest.benchmark.IncisionJmhBenchmark.leadTrail":
[15:29:14] [Craft Scheduler Thread - 0/INFO]:   225.972 ±(99.9%) 47.253 ns/op [Average]
[15:29:14] [Craft Scheduler Thread - 0/INFO]:   (min, avg, max) = (199.383, 225.972, 252.683), stdev = 20.981
[15:29:14] [Craft Scheduler Thread - 0/INFO]:   CI (99.9%): [178.719, 273.224] (assumes normal distribution)
[15:29:14] [Craft Scheduler Thread - 0/INFO]: 
[15:29:14] [Craft Scheduler Thread - 0/INFO]: 
[15:29:14] [Craft Scheduler Thread - 0/INFO]: # JMH version: 1.37
[15:29:14] [Craft Scheduler Thread - 0/INFO]: # VM version: JDK 25.0.2, OpenJDK 64-Bit Server VM, 25.0.2+10-LTS
[15:29:14] [Craft Scheduler Thread - 0/INFO]: # VM invoker: D:\Java\zulu25.32.21-ca-jdk25.0.2-win_x64\bin\java.exe
[15:29:14] [Craft Scheduler Thread - 0/INFO]: # VM options: -Xms512M -Xmx1536M -Dfile.encoding=UTF-8 -Dtaboolib.incision.backend=instrumentation -Dincision.test.autoRun=false -Djdk.attach.allowAttachSelf=true -Dincision.jmh.output=E:\Code\TabooLib\taboolib\module\incision\performance\jmh-2026-07-28\raw\26.1.2-spigot-java25-instrumentation.json -Dincision.jmh.warmupIterations=3 -Dincision.jmh.measurementIterations=7 -Dincision.jmh.iterationMillis=500 -XX:+EnableDynamicAgentLoading
[15:29:14] [Craft Scheduler Thread - 0/INFO]: # Blackhole mode: compiler (auto-detected, use -Djmh.blackhole.autoDetect=false to disable)
[15:29:14] [Craft Scheduler Thread - 0/INFO]: # Warmup: 3 iterations, 500 ms each
[15:29:14] [Craft Scheduler Thread - 0/INFO]: # Measurement: 7 iterations, 500 ms each
[15:29:14] [Craft Scheduler Thread - 0/INFO]: # Timeout: 10 min per iteration
[15:29:14] [Craft Scheduler Thread - 0/INFO]: # Threads: 1 thread, will synchronize iterations
[15:29:14] [Craft Scheduler Thread - 0/INFO]: # Benchmark mode: Average time, time/op
[15:29:14] [Craft Scheduler Thread - 0/INFO]: # Benchmark: top.maplex.incisiontest.benchmark.IncisionJmhBenchmark.predicateTrue
[15:29:14] [Craft Scheduler Thread - 0/INFO]: 
[15:29:14] [Craft Scheduler Thread - 0/INFO]: # Run progress: 50.00% complete, ETA 00:00:15
[15:29:14] [Craft Scheduler Thread - 0/INFO]: # Fork: N/A, test runs in the host VM
[15:29:14] [Craft Scheduler Thread - 0/INFO]: # *** WARNING: Non-forked runs may silently omit JVM options, mess up profilers, disable compiler hints, etc. ***
[15:29:14] [Craft Scheduler Thread - 0/INFO]: # *** WARNING: Use non-forked runs only for debugging purposes, not for actual performance runs. ***
[15:29:15] [Craft Scheduler Thread - 0/INFO]: # Warmup Iteration   1: 110.905 ns/op
[15:29:15] [Craft Scheduler Thread - 0/INFO]: # Warmup Iteration   2: 101.717 ns/op
[15:29:16] [Craft Scheduler Thread - 0/INFO]: # Warmup Iteration   3: 91.080 ns/op
[15:29:16] [Craft Scheduler Thread - 0/INFO]: Iteration   1: 93.978 ns/op
[15:29:17] [Craft Scheduler Thread - 0/INFO]: Iteration   2: 90.437 ns/op
[15:29:17] [Craft Scheduler Thread - 0/INFO]: Iteration   3: 88.029 ns/op
[15:29:18] [Craft Scheduler Thread - 0/INFO]: Iteration   4: 97.772 ns/op
[15:29:18] [Craft Scheduler Thread - 0/INFO]: Iteration   5: 82.474 ns/op
[15:29:19] [Craft Scheduler Thread - 0/INFO]: Iteration   6: 85.301 ns/op
[15:29:19] [Craft Scheduler Thread - 0/INFO]: Iteration   7: 94.167 ns/op
[15:29:19] [Craft Scheduler Thread - 0/INFO]: 
[15:29:19] [Craft Scheduler Thread - 0/INFO]: Result "top.maplex.incisiontest.benchmark.IncisionJmhBenchmark.predicateTrue":
[15:29:19] [Craft Scheduler Thread - 0/INFO]:   90.308 ±(99.9%) 12.189 ns/op [Average]
[15:29:19] [Craft Scheduler Thread - 0/INFO]:   (min, avg, max) = (82.474, 90.308, 97.772), stdev = 5.412
[15:29:19] [Craft Scheduler Thread - 0/INFO]:   CI (99.9%): [78.120, 102.497] (assumes normal distribution)
[15:29:19] [Craft Scheduler Thread - 0/INFO]: 
[15:29:19] [Craft Scheduler Thread - 0/INFO]: 
[15:29:19] [Craft Scheduler Thread - 0/INFO]: # JMH version: 1.37
[15:29:19] [Craft Scheduler Thread - 0/INFO]: # VM version: JDK 25.0.2, OpenJDK 64-Bit Server VM, 25.0.2+10-LTS
[15:29:19] [Craft Scheduler Thread - 0/INFO]: # VM invoker: D:\Java\zulu25.32.21-ca-jdk25.0.2-win_x64\bin\java.exe
[15:29:19] [Craft Scheduler Thread - 0/INFO]: # VM options: -Xms512M -Xmx1536M -Dfile.encoding=UTF-8 -Dtaboolib.incision.backend=instrumentation -Dincision.test.autoRun=false -Djdk.attach.allowAttachSelf=true -Dincision.jmh.output=E:\Code\TabooLib\taboolib\module\incision\performance\jmh-2026-07-28\raw\26.1.2-spigot-java25-instrumentation.json -Dincision.jmh.warmupIterations=3 -Dincision.jmh.measurementIterations=7 -Dincision.jmh.iterationMillis=500 -XX:+EnableDynamicAgentLoading
[15:29:19] [Craft Scheduler Thread - 0/INFO]: # Blackhole mode: compiler (auto-detected, use -Djmh.blackhole.autoDetect=false to disable)
[15:29:19] [Craft Scheduler Thread - 0/INFO]: # Warmup: 3 iterations, 500 ms each
[15:29:19] [Craft Scheduler Thread - 0/INFO]: # Measurement: 7 iterations, 500 ms each
[15:29:19] [Craft Scheduler Thread - 0/INFO]: # Timeout: 10 min per iteration
[15:29:19] [Craft Scheduler Thread - 0/INFO]: # Threads: 1 thread, will synchronize iterations
[15:29:19] [Craft Scheduler Thread - 0/INFO]: # Benchmark mode: Average time, time/op
[15:29:19] [Craft Scheduler Thread - 0/INFO]: # Benchmark: top.maplex.incisiontest.benchmark.IncisionJmhBenchmark.siteInvoke
[15:29:19] [Craft Scheduler Thread - 0/INFO]: 
[15:29:19] [Craft Scheduler Thread - 0/INFO]: # Run progress: 66.67% complete, ETA 00:00:10
[15:29:19] [Craft Scheduler Thread - 0/INFO]: # Fork: N/A, test runs in the host VM
[15:29:19] [Craft Scheduler Thread - 0/INFO]: # *** WARNING: Non-forked runs may silently omit JVM options, mess up profilers, disable compiler hints, etc. ***
[15:29:19] [Craft Scheduler Thread - 0/INFO]: # *** WARNING: Use non-forked runs only for debugging purposes, not for actual performance runs. ***
[15:29:20] [Craft Scheduler Thread - 0/INFO]: # Warmup Iteration   1: 168.640 ns/op
[15:29:20] [Craft Scheduler Thread - 0/INFO]: # Warmup Iteration   2: 138.226 ns/op
[15:29:21] [Craft Scheduler Thread - 0/INFO]: # Warmup Iteration   3: 161.648 ns/op
[15:29:21] [Craft Scheduler Thread - 0/INFO]: Iteration   1: 145.370 ns/op
[15:29:22] [Craft Scheduler Thread - 0/INFO]: Iteration   2: 147.764 ns/op
[15:29:22] [Craft Scheduler Thread - 0/INFO]: Iteration   3: 141.650 ns/op
[15:29:23] [Craft Scheduler Thread - 0/INFO]: Iteration   4: 135.395 ns/op
[15:29:23] [Craft Scheduler Thread - 0/INFO]: Iteration   5: 154.986 ns/op
[15:29:24] [Craft Scheduler Thread - 0/INFO]: Iteration   6: 139.652 ns/op
[15:29:24] [Craft Scheduler Thread - 0/INFO]: Iteration   7: 152.069 ns/op
[15:29:24] [Craft Scheduler Thread - 0/INFO]: 
[15:29:24] [Craft Scheduler Thread - 0/INFO]: Result "top.maplex.incisiontest.benchmark.IncisionJmhBenchmark.siteInvoke":
[15:29:24] [Craft Scheduler Thread - 0/INFO]:   145.269 ±(99.9%) 15.632 ns/op [Average]
[15:29:24] [Craft Scheduler Thread - 0/INFO]:   (min, avg, max) = (135.395, 145.269, 154.986), stdev = 6.941
[15:29:24] [Craft Scheduler Thread - 0/INFO]:   CI (99.9%): [129.638, 160.901] (assumes normal distribution)
[15:29:24] [Craft Scheduler Thread - 0/INFO]: 
[15:29:24] [Craft Scheduler Thread - 0/INFO]: 
[15:29:24] [Craft Scheduler Thread - 0/INFO]: # JMH version: 1.37
[15:29:24] [Craft Scheduler Thread - 0/INFO]: # VM version: JDK 25.0.2, OpenJDK 64-Bit Server VM, 25.0.2+10-LTS
[15:29:24] [Craft Scheduler Thread - 0/INFO]: # VM invoker: D:\Java\zulu25.32.21-ca-jdk25.0.2-win_x64\bin\java.exe
[15:29:24] [Craft Scheduler Thread - 0/INFO]: # VM options: -Xms512M -Xmx1536M -Dfile.encoding=UTF-8 -Dtaboolib.incision.backend=instrumentation -Dincision.test.autoRun=false -Djdk.attach.allowAttachSelf=true -Dincision.jmh.output=E:\Code\TabooLib\taboolib\module\incision\performance\jmh-2026-07-28\raw\26.1.2-spigot-java25-instrumentation.json -Dincision.jmh.warmupIterations=3 -Dincision.jmh.measurementIterations=7 -Dincision.jmh.iterationMillis=500 -XX:+EnableDynamicAgentLoading
[15:29:24] [Craft Scheduler Thread - 0/INFO]: # Blackhole mode: compiler (auto-detected, use -Djmh.blackhole.autoDetect=false to disable)
[15:29:24] [Craft Scheduler Thread - 0/INFO]: # Warmup: 3 iterations, 500 ms each
[15:29:24] [Craft Scheduler Thread - 0/INFO]: # Measurement: 7 iterations, 500 ms each
[15:29:24] [Craft Scheduler Thread - 0/INFO]: # Timeout: 10 min per iteration
[15:29:24] [Craft Scheduler Thread - 0/INFO]: # Threads: 1 thread, will synchronize iterations
[15:29:24] [Craft Scheduler Thread - 0/INFO]: # Benchmark mode: Average time, time/op
[15:29:24] [Craft Scheduler Thread - 0/INFO]: # Benchmark: top.maplex.incisiontest.benchmark.IncisionJmhBenchmark.spliceProceed
[15:29:24] [Craft Scheduler Thread - 0/INFO]: 
[15:29:24] [Craft Scheduler Thread - 0/INFO]: # Run progress: 83.33% complete, ETA 00:00:05
[15:29:24] [Craft Scheduler Thread - 0/INFO]: # Fork: N/A, test runs in the host VM
[15:29:24] [Craft Scheduler Thread - 0/INFO]: # *** WARNING: Non-forked runs may silently omit JVM options, mess up profilers, disable compiler hints, etc. ***
[15:29:24] [Craft Scheduler Thread - 0/INFO]: # *** WARNING: Use non-forked runs only for debugging purposes, not for actual performance runs. ***
[15:29:25] [Craft Scheduler Thread - 0/INFO]: # Warmup Iteration   1: 156.350 ns/op
[15:29:25] [Craft Scheduler Thread - 0/INFO]: # Warmup Iteration   2: 115.484 ns/op
[15:29:26] [Craft Scheduler Thread - 0/INFO]: # Warmup Iteration   3: 132.596 ns/op
[15:29:26] [Craft Scheduler Thread - 0/INFO]: Iteration   1: 114.969 ns/op
[15:29:27] [Craft Scheduler Thread - 0/INFO]: Iteration   2: 117.284 ns/op
[15:29:27] [Craft Scheduler Thread - 0/INFO]: Iteration   3: 116.459 ns/op
[15:29:28] [Craft Scheduler Thread - 0/INFO]: Iteration   4: 122.284 ns/op
[15:29:28] [Craft Scheduler Thread - 0/INFO]: Iteration   5: 121.081 ns/op
[15:29:29] [Craft Scheduler Thread - 0/INFO]: Iteration   6: 121.902 ns/op
[15:29:29] [Craft Scheduler Thread - 0/INFO]: Iteration   7: 115.587 ns/op
[15:29:29] [Craft Scheduler Thread - 0/INFO]: 
[15:29:29] [Craft Scheduler Thread - 0/INFO]: Result "top.maplex.incisiontest.benchmark.IncisionJmhBenchmark.spliceProceed":
[15:29:29] [Craft Scheduler Thread - 0/INFO]:   118.509 ±(99.9%) 7.072 ns/op [Average]
[15:29:29] [Craft Scheduler Thread - 0/INFO]:   (min, avg, max) = (114.969, 118.509, 122.284), stdev = 3.140
[15:29:29] [Craft Scheduler Thread - 0/INFO]:   CI (99.9%): [111.438, 125.581] (assumes normal distribution)
[15:29:29] [Craft Scheduler Thread - 0/INFO]: 
[15:29:29] [Craft Scheduler Thread - 0/INFO]: 
[15:29:29] [Craft Scheduler Thread - 0/INFO]: # Run complete. Total time: 00:00:30
[15:29:29] [Craft Scheduler Thread - 0/INFO]: 
[15:29:29] [Craft Scheduler Thread - 0/INFO]: REMEMBER: The numbers below are just data. To gain reusable insights, you need to follow up on
[15:29:29] [Craft Scheduler Thread - 0/INFO]: why the numbers are the way they are. Use profilers (see -prof, -lprof), design factorial
[15:29:29] [Craft Scheduler Thread - 0/INFO]: experiments, perform baseline and negative tests that provide experimental control, make sure
[15:29:29] [Craft Scheduler Thread - 0/INFO]: the benchmarking environment is safe on JVM/OS/HW level, ask for reviews from the domain experts.
[15:29:29] [Craft Scheduler Thread - 0/INFO]: Do not assume the numbers tell you what you want them to tell.
[15:29:29] [Craft Scheduler Thread - 0/INFO]: 
[15:29:29] [Craft Scheduler Thread - 0/INFO]: NOTE: Current JVM experimentally supports Compiler Blackholes, and they are in use. Please exercise
[15:29:29] [Craft Scheduler Thread - 0/INFO]: extra caution when trusting the results, look into the generated code to check the benchmark still
[15:29:29] [Craft Scheduler Thread - 0/INFO]: works, and factor in a small probability of new VM bugs. Additionally, while comparisons between
[15:29:29] [Craft Scheduler Thread - 0/INFO]: different JVMs are already problematic, the performance difference caused by different Blackhole
[15:29:29] [Craft Scheduler Thread - 0/INFO]: modes can be very significant. Please make sure you use the consistent Blackhole mode for comparisons.
[15:29:29] [Craft Scheduler Thread - 0/INFO]: 
[15:29:29] [Craft Scheduler Thread - 0/INFO]: Benchmark                           Mode  Cnt    Score    Error  Units
[15:29:29] [Craft Scheduler Thread - 0/INFO]: IncisionJmhBenchmark.baseline       avgt    7    0.475 ±  0.087  ns/op
[15:29:29] [Craft Scheduler Thread - 0/INFO]: IncisionJmhBenchmark.lead           avgt    7   83.190 ± 13.203  ns/op
[15:29:29] [Craft Scheduler Thread - 0/INFO]: IncisionJmhBenchmark.leadTrail      avgt    7  225.972 ± 47.253  ns/op
[15:29:29] [Craft Scheduler Thread - 0/INFO]: IncisionJmhBenchmark.predicateTrue  avgt    7   90.308 ± 12.189  ns/op
[15:29:29] [Craft Scheduler Thread - 0/INFO]: IncisionJmhBenchmark.siteInvoke     avgt    7  145.269 ± 15.632  ns/op
[15:29:29] [Craft Scheduler Thread - 0/INFO]: IncisionJmhBenchmark.spliceProceed  avgt    7  118.509 ±  7.072  ns/op
[15:29:29] [Craft Scheduler Thread - 0/INFO]: 
[15:29:29] [Craft Scheduler Thread - 0/INFO]: Benchmark result is saved to E:\Code\TabooLib\taboolib\module\incision\performance\jmh-2026-07-28\raw\26.1.2-spigot-java25-instrumentation.json
[15:29:29] [Craft Scheduler Thread - 0/INFO]: JMH-RESULT benchmark=baseline score=0.475 error=0.087 unit=ns/op
[15:29:29] [Craft Scheduler Thread - 0/INFO]: JMH-RESULT benchmark=lead score=83.190 error=13.203 unit=ns/op
[15:29:29] [Craft Scheduler Thread - 0/INFO]: JMH-RESULT benchmark=leadTrail score=225.972 error=47.253 unit=ns/op
[15:29:29] [Craft Scheduler Thread - 0/INFO]: JMH-RESULT benchmark=predicateTrue score=90.308 error=12.189 unit=ns/op
[15:29:29] [Craft Scheduler Thread - 0/INFO]: JMH-RESULT benchmark=siteInvoke score=145.269 error=15.632 unit=ns/op
[15:29:29] [Craft Scheduler Thread - 0/INFO]: JMH-RESULT benchmark=spliceProceed score=118.509 error=7.072 unit=ns/op
[15:29:29] [Craft Scheduler Thread - 0/INFO]: JMH-END backend=instrumentation benchmarks=6 output=E:\Code\TabooLib\taboolib\module\incision\performance\jmh-2026-07-28\raw\26.1.2-spigot-java25-instrumentation.json
[15:29:29] [Server thread/INFO]: Stopping the server
[15:29:29] [Server thread/INFO]: Stopping server
[15:29:29] [Server thread/INFO]: [Incision-Test] Disabling Incision-Test v1.0.0
[15:29:29] [Server thread/INFO]: [Incision] Incision DISABLE: 卸载本插件全部 advice
[15:29:29] [Server thread/INFO]: [DEBUG] [Incision][DEBUG] weave inject top/maplex/incisiontest/fixture/ComplexOpcodeFixture.typeCheck(Ljava/lang/Object;)I kinds=[LEAD] static=false
[15:29:29] [Server thread/INFO]: [DEBUG] [Incision][DEBUG] weave inject top/maplex/incisiontest/fixture/ComplexOpcodeFixture.branch(Z)I kinds=[LEAD] static=false
[15:29:29] [Server thread/INFO]: [DEBUG] [Incision][DEBUG] weave inject top/maplex/incisiontest/fixture/ComplexOpcodeFixture.arrays()I kinds=[LEAD] static=false
[15:29:29] [Server thread/INFO]: [DEBUG] [Incision][DEBUG] weave inject top/maplex/incisiontest/fixture/ComplexOpcodeFixture.loadStrings()Ljava/lang/String; kinds=[LEAD] static=false
[15:29:29] [Server thread/INFO]: [DEBUG] [Incision][DEBUG] weave inject top/maplex/incisiontest/fixture/ComplexOpcodeFixture.touchFields()I kinds=[LEAD] static=false
[15:29:29] [Server thread/INFO]: [DEBUG] [Incision][DEBUG] weave inject top/maplex/incisiontest/fixture/ComplexOpcodeFixture.buildBuffer()Ljava/lang/String; kinds=[LEAD] static=false
[15:29:29] [Server thread/INFO]: [DEBUG] [Incision][DEBUG] weave inject top/maplex/incisiontest/fixture/ComplexOpcodeFixture.densePattern()I kinds=[LEAD] static=false
[15:29:29] [Server thread/INFO]: [DEBUG] [Incision][DEBUG] weave inject top/maplex/incisiontest/fixture/ComplexOpcodeFixture.staticCalls()I kinds=[LEAD] static=false
[15:29:29] [Server thread/INFO]: [DEBUG] [Incision][DEBUG] weave inject top/maplex/incisiontest/fixture/ComplexOpcodeFixture.chainInvoke()I kinds=[GRAFT] static=false
[15:29:29] [Server thread/INFO]: [DEBUG] [Incision][DEBUG] weave inject top/maplex/incisiontest/fixture/ComplexOpcodeFixture.multiFieldPut()I kinds=[LEAD] static=false
[15:29:29] [Server thread/INFO]: [DEBUG] [Incision][DEBUG] weave inject top/maplex/incisiontest/fixture/ComplexOpcodeFixture.interfaceCall(Ljava/util/List;)I kinds=[LEAD] static=false
[15:29:29] [Server thread/INFO]: [DEBUG] [Incision][DEBUG] weave inject top/maplex/incisiontest/fixture/ComplexOpcodeFixture.emptyBody()V kinds=[LEAD] static=false
[15:29:29] [Server thread/INFO]: [DEBUG] [Incision][DEBUG] weave inject top/maplex/incisiontest/fixture/ComplexOpcodeFixture.numberLdc()J kinds=[LEAD] static=false
[15:29:29] [Server thread/INFO]: [DEBUG] [Incision][DEBUG] weave inject top/maplex/incisiontest/fixture/ComplexOpcodeFixture.throwIt()Ljava/lang/String; kinds=[LEAD] static=false
[15:29:29] [Server thread/INFO]: [DEBUG] [Incision][DEBUG] weave inject top/maplex/incisiontest/fixture/ComplexOpcodeFixture.arithmetic(I)I kinds=[LEAD] static=false
[15:29:29] [Server thread/INFO]: [DEBUG] [Incision][DEBUG] weave inject top/maplex/incisiontest/fixture/ComplexOpcodeFixture.typeCheck(Ljava/lang/Object;)I kinds=[LEAD] static=false
[15:29:29] [Server thread/INFO]: [DEBUG] [Incision][DEBUG] weave inject top/maplex/incisiontest/fixture/ComplexOpcodeFixture.branch(Z)I kinds=[LEAD] static=false
[15:29:29] [Server thread/INFO]: [DEBUG] [Incision][DEBUG] weave inject top/maplex/incisiontest/fixture/ComplexOpcodeFixture.arrays()I kinds=[LEAD] static=false
[15:29:29] [Server thread/INFO]: [DEBUG] [Incision][DEBUG] weave inject top/maplex/incisiontest/fixture/ComplexOpcodeFixture.loadStrings()Ljava/lang/String; kinds=[LEAD] static=false
[15:29:29] [Server thread/INFO]: [DEBUG] [Incision][DEBUG] weave inject top/maplex/incisiontest/fixture/ComplexOpcodeFixture.touchFields()I kinds=[LEAD] static=false
[15:29:29] [Server thread/INFO]: [DEBUG] [Incision][DEBUG] weave inject top/maplex/incisiontest/fixture/ComplexOpcodeFixture.buildBuffer()Ljava/lang/String; kinds=[LEAD] static=false
[15:29:29] [Server thread/INFO]: [DEBUG] [Incision][DEBUG] weave inject top/maplex/incisiontest/fixture/ComplexOpcodeFixture.densePattern()I kinds=[LEAD] static=false
[15:29:29] [Server thread/INFO]: [DEBUG] [Incision][DEBUG] weave inject top/maplex/incisiontest/fixture/ComplexOpcodeFixture.staticCalls()I kinds=[LEAD] static=false
[15:29:29] [Server thread/INFO]: [DEBUG] [Incision][DEBUG] weave inject top/maplex/incisiontest/fixture/ComplexOpcodeFixture.chainInvoke()I kinds=[GRAFT] static=false
[15:29:29] [Server thread/INFO]: [DEBUG] [Incision][DEBUG] weave inject top/maplex/incisiontest/fixture/ComplexOpcodeFixture.multiFieldPut()I kinds=[LEAD] static=false
[15:29:29] [Server thread/INFO]: [DEBUG] [Incision][DEBUG] weave inject top/maplex/incisiontest/fixture/ComplexOpcodeFixture.interfaceCall(Ljava/util/List;)I kinds=[LEAD] static=false
[15:29:29] [Server thread/INFO]: [DEBUG] [Incision][DEBUG] weave inject top/maplex/incisiontest/fixture/ComplexOpcodeFixture.emptyBody()V kinds=[LEAD] static=false
[15:29:29] [Server thread/INFO]: [DEBUG] [Incision][DEBUG] weave inject top/maplex/incisiontest/fixture/ComplexOpcodeFixture.numberLdc()J kinds=[LEAD] static=false
[15:29:29] [Server thread/INFO]: [DEBUG] [Incision][DEBUG] weave inject top/maplex/incisiontest/fixture/ComplexOpcodeFixture.throwIt()Ljava/lang/String; kinds=[LEAD] static=false
[15:29:29] [Server thread/INFO]: [DEBUG] [Incision][DEBUG] weave inject top/maplex/incisiontest/fixture/ComplexOpcodeFixture.arithmetic(I)I kinds=[LEAD] static=false
[15:29:29] [Server thread/INFO]: [DEBUG] [Incision][DEBUG] weave inject top/maplex/incisiontest/fixture/ComplexOpcodeFixture.typeCheck(Ljava/lang/Object;)I kinds=[LEAD] static=false
[15:29:29] [Server thread/INFO]: [DEBUG] [Incision][DEBUG] weave inject top/maplex/incisiontest/fixture/ComplexOpcodeFixture.branch(Z)I kinds=[LEAD] static=false
[15:29:29] [Server thread/INFO]: [DEBUG] [Incision][DEBUG] weave inject top/maplex/incisiontest/fixture/ComplexOpcodeFixture.arrays()I kinds=[LEAD] static=false
[15:29:29] [Server thread/INFO]: [DEBUG] [Incision][DEBUG] weave inject top/maplex/incisiontest/fixture/ComplexOpcodeFixture.loadStrings()Ljava/lang/String; kinds=[LEAD] static=false
[15:29:29] [Server thread/INFO]: [DEBUG] [Incision][DEBUG] weave inject top/maplex/incisiontest/fixture/ComplexOpcodeFixture.touchFields()I kinds=[LEAD] static=false
[15:29:29] [Server thread/INFO]: [DEBUG] [Incision][DEBUG] weave inject top/maplex/incisiontest/fixture/ComplexOpcodeFixture.buildBuffer()Ljava/lang/String; kinds=[LEAD] static=false
[15:29:29] [Server thread/INFO]: [DEBUG] [Incision][DEBUG] weave inject top/maplex/incisiontest/fixture/ComplexOpcodeFixture.densePattern()I kinds=[LEAD] static=false
[15:29:29] [Server thread/INFO]: [DEBUG] [Incision][DEBUG] weave inject top/maplex/incisiontest/fixture/ComplexOpcodeFixture.staticCalls()I kinds=[LEAD] static=false
[15:29:29] [Server thread/INFO]: [DEBUG] [Incision][DEBUG] weave inject top/maplex/incisiontest/fixture/ComplexOpcodeFixture.chainInvoke()I kinds=[GRAFT] static=false
[15:29:29] [Server thread/INFO]: [DEBUG] [Incision][DEBUG] weave inject top/maplex/incisiontest/fixture/ComplexOpcodeFixture.multiFieldPut()I kinds=[LEAD] static=false
[15:29:29] [Server thread/INFO]: [DEBUG] [Incision][DEBUG] weave inject top/maplex/incisiontest/fixture/ComplexOpcodeFixture.interfaceCall(Ljava/util/List;)I kinds=[LEAD] static=false
[15:29:29] [Server thread/INFO]: [DEBUG] [Incision][DEBUG] weave inject top/maplex/incisiontest/fixture/ComplexOpcodeFixture.emptyBody()V kinds=[LEAD] static=false
[15:29:29] [Server thread/INFO]: [DEBUG] [Incision][DEBUG] weave inject top/maplex/incisiontest/fixture/ComplexOpcodeFixture.numberLdc()J kinds=[LEAD] static=false
[15:29:29] [Server thread/INFO]: [DEBUG] [Incision][DEBUG] weave inject top/maplex/incisiontest/fixture/ComplexOpcodeFixture.throwIt()Ljava/lang/String; kinds=[LEAD] static=false
[15:29:29] [Server thread/INFO]: [DEBUG] [Incision][DEBUG] weave inject top/maplex/incisiontest/fixture/ComplexOpcodeFixture.arithmetic(I)I kinds=[LEAD] static=false
[15:29:29] [Server thread/INFO]: [DEBUG] [Incision][DEBUG] weave inject top/maplex/incisiontest/fixture/PerformanceFixture.probe(I)I kinds=[LEAD] static=false
[15:29:29] [Server thread/INFO]: [DEBUG] [Incision][DEBUG] weave inject top/maplex/incisiontest/fixture/PerformanceFixture.lead(I)I kinds=[LEAD] static=false
[15:29:29] [Server thread/INFO]: [DEBUG] [Incision][DEBUG] weave inject top/maplex/incisiontest/fixture/PerformanceFixture.leadTrail(I)I kinds=[LEAD, TRAIL] static=false
[15:29:29] [Server thread/INFO]: [DEBUG] [Incision][DEBUG] weave inject top/maplex/incisiontest/fixture/PerformanceFixture.splice(I)I kinds=[SPLICE] static=false
[15:29:29] [Server thread/INFO]: [DEBUG] [Incision][DEBUG] weave inject top/maplex/incisiontest/fixture/PerformanceFixture.siteInvoke(I)I kinds=[GRAFT] static=false
[15:29:29] [Server thread/INFO]: [DEBUG] [Incision][DEBUG] resolveOwner: org/bukkit/craftbukkit/v1_16_R3/util/CraftChatMessage → org/bukkit/craftbukkit/util/CraftChatMessage
[15:29:29] [Server thread/WARN]: java.lang.ClassNotFoundException: net.minecraft.server.UNKNOWN.Particle
[15:29:29] [Server thread/WARN]: 	at org.bukkit.plugin.java.PluginClassLoader.loadClass0(PluginClassLoader.java:160)
[15:29:29] [Server thread/WARN]: 	at org.bukkit.plugin.java.PluginClassLoader.loadClass(PluginClassLoader.java:112)
[15:29:29] [Server thread/WARN]: 	at java.base/java.lang.ClassLoader.loadClass(ClassLoader.java:490)
[15:29:29] [Server thread/WARN]: 	at java.base/java.lang.Class.forName0(Native Method)
[15:29:29] [Server thread/WARN]: 	at java.base/java.lang.Class.forName(Class.java:547)
[15:29:29] [Server thread/WARN]: 	at ink.ptms.adyeshach.taboolib.module.nms.AsmClassLoader.findClass(AsmClassLoader.kt:9)
[15:29:29] [Server thread/WARN]: 	at java.base/java.lang.ClassLoader.loadClass(ClassLoader.java:557)
[15:29:29] [Server thread/WARN]: 	at java.base/java.lang.ClassLoader.loadClass(ClassLoader.java:490)
[15:29:29] [Server thread/WARN]: 	at java.base/java.lang.Class.forName0(Native Method)
[15:29:29] [Server thread/WARN]: 	at java.base/java.lang.Class.forName(Class.java:547)
[15:29:29] [Server thread/WARN]: 	at org.objectweb.asm9.ClassWriter.getCommonSuperClass(ClassWriter.java:1060)
[15:29:29] [Server thread/WARN]: 	at top.maplex.incisiontest.taboolib.module.incision.weaver.Scalpel$SafeClassWriter.getCommonSuperClass(Scalpel.kt:543)
[15:29:29] [Server thread/WARN]: 	at org.objectweb.asm9.SymbolTable.addMergedType(SymbolTable.java:1286)
[15:29:29] [Server thread/WARN]: 	at org.objectweb.asm9.Frame.merge(Frame.java:1311)
[15:29:29] [Server thread/WARN]: 	at org.objectweb.asm9.Frame.merge(Frame.java:1244)
[15:29:29] [Server thread/WARN]: 	at org.objectweb.asm9.MethodWriter.computeAllFrames(MethodWriter.java:1612)
[15:29:29] [Server thread/WARN]: 	at org.objectweb.asm9.MethodWriter.visitMaxs(MethodWriter.java:1548)
[15:29:29] [Server thread/WARN]: 	at org.objectweb.asm9.tree.MethodNode.accept(MethodNode.java:767)
[15:29:29] [Server thread/WARN]: 	at org.objectweb.asm9.tree.MethodNode.accept(MethodNode.java:647)
[15:29:29] [Server thread/WARN]: 	at org.objectweb.asm9.tree.ClassNode.accept(ClassNode.java:468)
[15:29:29] [Server thread/WARN]: 	at top.maplex.incisiontest.taboolib.module.incision.weaver.Scalpel.applySiteWeaver(Scalpel.kt:185)
[15:29:29] [Server thread/WARN]: 	at top.maplex.incisiontest.taboolib.module.incision.weaver.Scalpel.weave(Scalpel.kt:57)
[15:29:29] [Server thread/WARN]: 	at top.maplex.incisiontest.taboolib.module.incision.dsl.Scalpel$reinstallOwner$installation$1.invoke(Scalpel.kt:255)
[15:29:29] [Server thread/WARN]: 	at top.maplex.incisiontest.taboolib.module.incision.dsl.Scalpel$reinstallOwner$installation$1.invoke(Scalpel.kt:255)
[15:29:29] [Server thread/WARN]: 	at top.maplex.incisiontest.taboolib.module.incision.loader.Backend$install$guarded$1.invoke(Backend.kt:47)
[15:29:29] [Server thread/WARN]: 	at top.maplex.incisiontest.taboolib.module.incision.loader.Backend$install$guarded$1.invoke(Backend.kt:44)
[15:29:29] [Server thread/WARN]: 	at top.maplex.incisiontest.taboolib.module.incision.loader.InstrumentationBackend$register$1.transform(InstrumentationBackend.kt:86)
[15:29:29] [Server thread/WARN]: 	at java.instrument/java.lang.instrument.ClassFileTransformer.transform(ClassFileTransformer.java:257)
[15:29:29] [Server thread/WARN]: 	at java.instrument/sun.instrument.TransformerManager.transform(TransformerManager.java:188)
[15:29:29] [Server thread/WARN]: 	at java.instrument/sun.instrument.InstrumentationImpl.transform(InstrumentationImpl.java:594)
[15:29:29] [Server thread/WARN]: 	at java.instrument/sun.instrument.InstrumentationImpl.retransformClasses0(Native Method)
[15:29:29] [Server thread/WARN]: 	at java.instrument/sun.instrument.InstrumentationImpl.retransformClasses(InstrumentationImpl.java:221)
[15:29:29] [Server thread/WARN]: 	at top.maplex.incisiontest.taboolib.module.incision.loader.InstrumentationBackend.retransform(InstrumentationBackend.kt:114)
[15:29:29] [Server thread/WARN]: 	at top.maplex.incisiontest.taboolib.module.incision.loader.Backend.install(Backend.kt:57)
[15:29:29] [Server thread/WARN]: 	at top.maplex.incisiontest.taboolib.module.incision.dsl.Scalpel.reinstallOwner(Scalpel.kt:255)
[15:29:29] [Server thread/WARN]: 	at top.maplex.incisiontest.taboolib.module.incision.dsl.Scalpel.removeWeaver$incision(Scalpel.kt:232)
[15:29:29] [Server thread/WARN]: 	at top.maplex.incisiontest.taboolib.module.incision.dsl.SutureImpl.heal(SutureImpl.kt:27)
[15:29:29] [Server thread/WARN]: 	at top.maplex.incisiontest.taboolib.module.incision.lifecycle.AutoHealHandler.healByClassLoader(AutoHealHandler.kt:35)
[15:29:29] [Server thread/WARN]: 	at top.maplex.incisiontest.taboolib.module.incision.IncisionBootstrap.onDisable(IncisionBootstrap.kt:99)
[15:29:29] [Server thread/WARN]: 	at top.maplex.incisiontest.taboolib.library.reflex.JavaClassMethod.invoke(JavaClassMethod.kt:57)
[15:29:29] [Server thread/WARN]: 	at top.maplex.incisiontest.taboolib.common.platform.ClassVisitorAwake.visit(ClassVisitorAwake.kt:17)
[15:29:29] [Server thread/WARN]: 	at top.maplex.incisiontest.taboolib.common.inject.ClassVisitorHandler.injectSingleVisitor(ClassVisitorHandler.java:321)
[15:29:29] [Server thread/WARN]: 	at top.maplex.incisiontest.taboolib.common.inject.ClassVisitorHandler.injectAll(ClassVisitorHandler.java:286)
[15:29:29] [Server thread/WARN]: 	at top.maplex.incisiontest.taboolib.common.inject.ClassVisitorHandler.lambda$init$0(ClassVisitorHandler.java:43)
[15:29:29] [Server thread/WARN]: 	at top.maplex.incisiontest.taboolib.common.TabooLib$2.run(TabooLib.java:119)
[15:29:29] [Server thread/WARN]: 	at top.maplex.incisiontest.taboolib.common.TabooLib.lambda$lifeCycle$0(TabooLib.java:86)
[15:29:29] [Server thread/WARN]: 	at top.maplex.incisiontest.taboolib.common.TabooLib.execution(TabooLib.java:228)
[15:29:29] [Server thread/WARN]: 	at top.maplex.incisiontest.taboolib.common.TabooLib.lifeCycle(TabooLib.java:79)
[15:29:29] [Server thread/WARN]: 	at top.maplex.incisiontest.taboolib.platform.BukkitPlugin.onDisable(BukkitPlugin.java:127)
[15:29:29] [Server thread/WARN]: 	at org.bukkit.plugin.java.JavaPlugin.setEnabled(JavaPlugin.java:269)
[15:29:29] [Server thread/WARN]: 	at org.bukkit.plugin.java.JavaPluginLoader.disablePlugin(JavaPluginLoader.java:367)
[15:29:29] [Server thread/WARN]: 	at org.bukkit.plugin.SimplePluginManager.disablePlugin(SimplePluginManager.java:513)
[15:29:29] [Server thread/WARN]: 	at org.bukkit.plugin.SimplePluginManager.disablePlugins(SimplePluginManager.java:505)
[15:29:29] [Server thread/WARN]: 	at org.bukkit.craftbukkit.CraftServer.disablePlugins(CraftServer.java:518)
[15:29:29] [Server thread/WARN]: 	at net.minecraft.server.MinecraftServer.stopServer(MinecraftServer.java:993)
[15:29:29] [Server thread/WARN]: 	at net.minecraft.server.dedicated.DedicatedServer.stopServer(DedicatedServer.java:938)
[15:29:29] [Server thread/WARN]: 	at net.minecraft.server.MinecraftServer.runServer(Unknown Source)
[15:29:29] [Server thread/WARN]: 	at net.minecraft.server.MinecraftServer.lambda$spin$0(Unknown Source)
[15:29:29] [Server thread/WARN]: 	at java.base/java.lang.Thread.run(Thread.java:1474)
[15:29:29] [Server thread/INFO]: [DEBUG] [Incision][DEBUG] weave inject ink/ptms/adyeshach/impl/nms/DefaultMinecraftHelper.literalChatBaseComponent(Ljava/lang/String;)Ljava/lang/Object; kinds=[SPLICE, LEAD, GRAFT] static=false
[15:29:30] [Server thread/INFO]: [DEBUG] [Incision][DEBUG] weave inject top/maplex/incisiontest/fixture/ComplexOpcodeFixture.typeCheck(Ljava/lang/Object;)I kinds=[LEAD] static=false
[15:29:30] [Server thread/INFO]: [DEBUG] [Incision][DEBUG] weave inject top/maplex/incisiontest/fixture/ComplexOpcodeFixture.branch(Z)I kinds=[LEAD] static=false
[15:29:30] [Server thread/INFO]: [DEBUG] [Incision][DEBUG] weave inject top/maplex/incisiontest/fixture/ComplexOpcodeFixture.arrays()I kinds=[LEAD] static=false
[15:29:30] [Server thread/INFO]: [DEBUG] [Incision][DEBUG] weave inject top/maplex/incisiontest/fixture/ComplexOpcodeFixture.loadStrings()Ljava/lang/String; kinds=[LEAD] static=false
[15:29:30] [Server thread/INFO]: [DEBUG] [Incision][DEBUG] weave inject top/maplex/incisiontest/fixture/ComplexOpcodeFixture.touchFields()I kinds=[LEAD] static=false
[15:29:30] [Server thread/INFO]: [DEBUG] [Incision][DEBUG] weave inject top/maplex/incisiontest/fixture/ComplexOpcodeFixture.buildBuffer()Ljava/lang/String; kinds=[LEAD] static=false
[15:29:30] [Server thread/INFO]: [DEBUG] [Incision][DEBUG] weave inject top/maplex/incisiontest/fixture/ComplexOpcodeFixture.densePattern()I kinds=[LEAD] static=false
[15:29:30] [Server thread/INFO]: [DEBUG] [Incision][DEBUG] weave inject top/maplex/incisiontest/fixture/ComplexOpcodeFixture.staticCalls()I kinds=[LEAD] static=false
[15:29:30] [Server thread/INFO]: [DEBUG] [Incision][DEBUG] weave inject top/maplex/incisiontest/fixture/ComplexOpcodeFixture.chainInvoke()I kinds=[GRAFT] static=false
[15:29:30] [Server thread/INFO]: [DEBUG] [Incision][DEBUG] weave inject top/maplex/incisiontest/fixture/ComplexOpcodeFixture.multiFieldPut()I kinds=[LEAD] static=false
[15:29:30] [Server thread/INFO]: [DEBUG] [Incision][DEBUG] weave inject top/maplex/incisiontest/fixture/ComplexOpcodeFixture.interfaceCall(Ljava/util/List;)I kinds=[LEAD] static=false
[15:29:30] [Server thread/INFO]: [DEBUG] [Incision][DEBUG] weave inject top/maplex/incisiontest/fixture/ComplexOpcodeFixture.emptyBody()V kinds=[LEAD] static=false
[15:29:30] [Server thread/INFO]: [DEBUG] [Incision][DEBUG] weave inject top/maplex/incisiontest/fixture/ComplexOpcodeFixture.throwIt()Ljava/lang/String; kinds=[LEAD] static=false
[15:29:30] [Server thread/INFO]: [DEBUG] [Incision][DEBUG] weave inject top/maplex/incisiontest/fixture/ComplexOpcodeFixture.arithmetic(I)I kinds=[LEAD] static=false
[15:29:30] [Server thread/INFO]: [DEBUG] [Incision][DEBUG] weave inject top/maplex/incisiontest/fixture/PerformanceFixture.probe(I)I kinds=[LEAD] static=false
[15:29:30] [Server thread/INFO]: [DEBUG] [Incision][DEBUG] weave inject top/maplex/incisiontest/fixture/PerformanceFixture.lead(I)I kinds=[LEAD] static=false
[15:29:30] [Server thread/INFO]: [DEBUG] [Incision][DEBUG] weave inject top/maplex/incisiontest/fixture/PerformanceFixture.leadTrail(I)I kinds=[LEAD, TRAIL] static=false
[15:29:30] [Server thread/INFO]: [DEBUG] [Incision][DEBUG] weave inject top/maplex/incisiontest/fixture/PerformanceFixture.splice(I)I kinds=[SPLICE] static=false
[15:29:30] [Server thread/INFO]: [DEBUG] [Incision][DEBUG] weave inject top/maplex/incisiontest/fixture/ComplexOpcodeFixture.typeCheck(Ljava/lang/Object;)I kinds=[LEAD] static=false
[15:29:30] [Server thread/INFO]: [DEBUG] [Incision][DEBUG] weave inject top/maplex/incisiontest/fixture/ComplexOpcodeFixture.branch(Z)I kinds=[LEAD] static=false
[15:29:30] [Server thread/INFO]: [DEBUG] [Incision][DEBUG] weave inject top/maplex/incisiontest/fixture/ComplexOpcodeFixture.arrays()I kinds=[LEAD] static=false
[15:29:30] [Server thread/INFO]: [DEBUG] [Incision][DEBUG] weave inject top/maplex/incisiontest/fixture/ComplexOpcodeFixture.loadStrings()Ljava/lang/String; kinds=[LEAD] static=false
[15:29:30] [Server thread/INFO]: [DEBUG] [Incision][DEBUG] weave inject top/maplex/incisiontest/fixture/ComplexOpcodeFixture.touchFields()I kinds=[LEAD] static=false
[15:29:30] [Server thread/INFO]: [DEBUG] [Incision][DEBUG] weave inject top/maplex/incisiontest/fixture/ComplexOpcodeFixture.buildBuffer()Ljava/lang/String; kinds=[LEAD] static=false
[15:29:30] [Server thread/INFO]: [DEBUG] [Incision][DEBUG] weave inject top/maplex/incisiontest/fixture/ComplexOpcodeFixture.densePattern()I kinds=[LEAD] static=false
[15:29:30] [Server thread/INFO]: [DEBUG] [Incision][DEBUG] weave inject top/maplex/incisiontest/fixture/ComplexOpcodeFixture.staticCalls()I kinds=[LEAD] static=false
[15:29:30] [Server thread/INFO]: [DEBUG] [Incision][DEBUG] weave inject top/maplex/incisiontest/fixture/ComplexOpcodeFixture.chainInvoke()I kinds=[GRAFT] static=false
[15:29:30] [Server thread/INFO]: [DEBUG] [Incision][DEBUG] weave inject top/maplex/incisiontest/fixture/ComplexOpcodeFixture.multiFieldPut()I kinds=[LEAD] static=false
[15:29:30] [Server thread/INFO]: [DEBUG] [Incision][DEBUG] weave inject top/maplex/incisiontest/fixture/ComplexOpcodeFixture.interfaceCall(Ljava/util/List;)I kinds=[LEAD] static=false
[15:29:30] [Server thread/INFO]: [DEBUG] [Incision][DEBUG] weave inject top/maplex/incisiontest/fixture/ComplexOpcodeFixture.emptyBody()V kinds=[LEAD] static=false
[15:29:30] [Server thread/INFO]: [DEBUG] [Incision][DEBUG] weave inject top/maplex/incisiontest/fixture/ComplexOpcodeFixture.throwIt()Ljava/lang/String; kinds=[LEAD] static=false
[15:29:30] [Server thread/INFO]: [DEBUG] [Incision][DEBUG] weave inject top/maplex/incisiontest/fixture/ComplexOpcodeFixture.arithmetic(I)I kinds=[LEAD] static=false
[15:29:30] [Server thread/INFO]: [DEBUG] [Incision][DEBUG] weave inject top/maplex/incisiontest/fixture/ComplexOpcodeFixture.typeCheck(Ljava/lang/Object;)I kinds=[LEAD] static=false
[15:29:30] [Server thread/INFO]: [DEBUG] [Incision][DEBUG] weave inject top/maplex/incisiontest/fixture/ComplexOpcodeFixture.branch(Z)I kinds=[LEAD] static=false
[15:29:30] [Server thread/INFO]: [DEBUG] [Incision][DEBUG] weave inject top/maplex/incisiontest/fixture/ComplexOpcodeFixture.arrays()I kinds=[LEAD] static=false
[15:29:30] [Server thread/INFO]: [DEBUG] [Incision][DEBUG] weave inject top/maplex/incisiontest/fixture/ComplexOpcodeFixture.loadStrings()Ljava/lang/String; kinds=[LEAD] static=false
[15:29:30] [Server thread/INFO]: [DEBUG] [Incision][DEBUG] weave inject top/maplex/incisiontest/fixture/ComplexOpcodeFixture.touchFields()I kinds=[LEAD] static=false
[15:29:30] [Server thread/INFO]: [DEBUG] [Incision][DEBUG] weave inject top/maplex/incisiontest/fixture/ComplexOpcodeFixture.buildBuffer()Ljava/lang/String; kinds=[LEAD] static=false
[15:29:30] [Server thread/INFO]: [DEBUG] [Incision][DEBUG] weave inject top/maplex/incisiontest/fixture/ComplexOpcodeFixture.densePattern()I kinds=[LEAD] static=false
[15:29:30] [Server thread/INFO]: [DEBUG] [Incision][DEBUG] weave inject top/maplex/incisiontest/fixture/ComplexOpcodeFixture.staticCalls()I kinds=[LEAD] static=false
[15:29:30] [Server thread/INFO]: [DEBUG] [Incision][DEBUG] weave inject top/maplex/incisiontest/fixture/ComplexOpcodeFixture.chainInvoke()I kinds=[GRAFT] static=false
[15:29:30] [Server thread/INFO]: [DEBUG] [Incision][DEBUG] weave inject top/maplex/incisiontest/fixture/ComplexOpcodeFixture.multiFieldPut()I kinds=[LEAD] static=false
[15:29:30] [Server thread/INFO]: [DEBUG] [Incision][DEBUG] weave inject top/maplex/incisiontest/fixture/ComplexOpcodeFixture.interfaceCall(Ljava/util/List;)I kinds=[LEAD] static=false
[15:29:30] [Server thread/INFO]: [DEBUG] [Incision][DEBUG] weave inject top/maplex/incisiontest/fixture/ComplexOpcodeFixture.emptyBody()V kinds=[LEAD] static=false
[15:29:30] [Server thread/INFO]: [DEBUG] [Incision][DEBUG] weave inject top/maplex/incisiontest/fixture/ComplexOpcodeFixture.throwIt()Ljava/lang/String; kinds=[LEAD] static=false
[15:29:30] [Server thread/INFO]: [DEBUG] [Incision][DEBUG] weave inject top/maplex/incisiontest/fixture/ComplexOpcodeFixture.arithmetic(I)I kinds=[LEAD] static=false
[15:29:30] [Server thread/INFO]: [DEBUG] [Incision][DEBUG] weave inject top/maplex/incisiontest/fixture/ComplexOpcodeFixture.typeCheck(Ljava/lang/Object;)I kinds=[LEAD] static=false
[15:29:30] [Server thread/INFO]: [DEBUG] [Incision][DEBUG] weave inject top/maplex/incisiontest/fixture/ComplexOpcodeFixture.branch(Z)I kinds=[LEAD] static=false
[15:29:30] [Server thread/INFO]: [DEBUG] [Incision][DEBUG] weave inject top/maplex/incisiontest/fixture/ComplexOpcodeFixture.arrays()I kinds=[LEAD] static=false
[15:29:30] [Server thread/INFO]: [DEBUG] [Incision][DEBUG] weave inject top/maplex/incisiontest/fixture/ComplexOpcodeFixture.loadStrings()Ljava/lang/String; kinds=[LEAD] static=false
[15:29:30] [Server thread/INFO]: [DEBUG] [Incision][DEBUG] weave inject top/maplex/incisiontest/fixture/ComplexOpcodeFixture.touchFields()I kinds=[LEAD] static=false
[15:29:30] [Server thread/INFO]: [DEBUG] [Incision][DEBUG] weave inject top/maplex/incisiontest/fixture/ComplexOpcodeFixture.buildBuffer()Ljava/lang/String; kinds=[LEAD] static=false
[15:29:30] [Server thread/INFO]: [DEBUG] [Incision][DEBUG] weave inject top/maplex/incisiontest/fixture/ComplexOpcodeFixture.densePattern()I kinds=[LEAD] static=false
[15:29:30] [Server thread/INFO]: [DEBUG] [Incision][DEBUG] weave inject top/maplex/incisiontest/fixture/ComplexOpcodeFixture.staticCalls()I kinds=[LEAD] static=false
[15:29:30] [Server thread/INFO]: [DEBUG] [Incision][DEBUG] weave inject top/maplex/incisiontest/fixture/ComplexOpcodeFixture.chainInvoke()I kinds=[GRAFT] static=false
[15:29:30] [Server thread/INFO]: [DEBUG] [Incision][DEBUG] weave inject top/maplex/incisiontest/fixture/ComplexOpcodeFixture.multiFieldPut()I kinds=[LEAD] static=false
[15:29:30] [Server thread/INFO]: [DEBUG] [Incision][DEBUG] weave inject top/maplex/incisiontest/fixture/ComplexOpcodeFixture.interfaceCall(Ljava/util/List;)I kinds=[LEAD] static=false
[15:29:30] [Server thread/INFO]: [DEBUG] [Incision][DEBUG] weave inject top/maplex/incisiontest/fixture/ComplexOpcodeFixture.emptyBody()V kinds=[LEAD] static=false
[15:29:30] [Server thread/INFO]: [DEBUG] [Incision][DEBUG] weave inject top/maplex/incisiontest/fixture/ComplexOpcodeFixture.throwIt()Ljava/lang/String; kinds=[LEAD] static=false
[15:29:30] [Server thread/INFO]: [DEBUG] [Incision][DEBUG] weave inject top/maplex/incisiontest/fixture/ComplexOpcodeFixture.arithmetic(I)I kinds=[LEAD] static=false
[15:29:30] [Server thread/INFO]: [DEBUG] [Incision][DEBUG] weave inject top/maplex/incisiontest/fixture/ComplexOpcodeFixture.typeCheck(Ljava/lang/Object;)I kinds=[LEAD] static=false
[15:29:30] [Server thread/INFO]: [DEBUG] [Incision][DEBUG] weave inject top/maplex/incisiontest/fixture/ComplexOpcodeFixture.branch(Z)I kinds=[LEAD] static=false
[15:29:30] [Server thread/INFO]: [DEBUG] [Incision][DEBUG] weave inject top/maplex/incisiontest/fixture/ComplexOpcodeFixture.arrays()I kinds=[LEAD] static=false
[15:29:30] [Server thread/INFO]: [DEBUG] [Incision][DEBUG] weave inject top/maplex/incisiontest/fixture/ComplexOpcodeFixture.loadStrings()Ljava/lang/String; kinds=[LEAD] static=false
[15:29:30] [Server thread/INFO]: [DEBUG] [Incision][DEBUG] weave inject top/maplex/incisiontest/fixture/ComplexOpcodeFixture.touchFields()I kinds=[LEAD] static=false
[15:29:30] [Server thread/INFO]: [DEBUG] [Incision][DEBUG] weave inject top/maplex/incisiontest/fixture/ComplexOpcodeFixture.buildBuffer()Ljava/lang/String; kinds=[LEAD] static=false
[15:29:30] [Server thread/INFO]: [DEBUG] [Incision][DEBUG] weave inject top/maplex/incisiontest/fixture/ComplexOpcodeFixture.densePattern()I kinds=[LEAD] static=false
[15:29:30] [Server thread/INFO]: [DEBUG] [Incision][DEBUG] weave inject top/maplex/incisiontest/fixture/ComplexOpcodeFixture.staticCalls()I kinds=[LEAD] static=false
[15:29:30] [Server thread/INFO]: [DEBUG] [Incision][DEBUG] weave inject top/maplex/incisiontest/fixture/ComplexOpcodeFixture.chainInvoke()I kinds=[GRAFT] static=false
[15:29:30] [Server thread/INFO]: [DEBUG] [Incision][DEBUG] weave inject top/maplex/incisiontest/fixture/ComplexOpcodeFixture.multiFieldPut()I kinds=[LEAD] static=false
[15:29:30] [Server thread/INFO]: [DEBUG] [Incision][DEBUG] weave inject top/maplex/incisiontest/fixture/ComplexOpcodeFixture.interfaceCall(Ljava/util/List;)I kinds=[LEAD] static=false
[15:29:30] [Server thread/INFO]: [DEBUG] [Incision][DEBUG] weave inject top/maplex/incisiontest/fixture/ComplexOpcodeFixture.emptyBody()V kinds=[LEAD] static=false
[15:29:30] [Server thread/INFO]: [DEBUG] [Incision][DEBUG] weave inject top/maplex/incisiontest/fixture/ComplexOpcodeFixture.throwIt()Ljava/lang/String; kinds=[LEAD] static=false
[15:29:30] [Server thread/INFO]: [DEBUG] [Incision][DEBUG] weave inject top/maplex/incisiontest/fixture/ComplexOpcodeFixture.arithmetic(I)I kinds=[LEAD] static=false
[15:29:30] [Server thread/INFO]: [DEBUG] [Incision][DEBUG] weave inject net/minecraft/server/MinecraftServer.getPlayerCount()I kinds=[LEAD] static=false
[15:29:30] [Server thread/INFO]: [DEBUG] [Incision][DEBUG] weave inject top/maplex/incisiontest/fixture/ComplexOpcodeFixture.typeCheck(Ljava/lang/Object;)I kinds=[LEAD] static=false
[15:29:30] [Server thread/INFO]: [DEBUG] [Incision][DEBUG] weave inject top/maplex/incisiontest/fixture/ComplexOpcodeFixture.branch(Z)I kinds=[LEAD] static=false
[15:29:30] [Server thread/INFO]: [DEBUG] [Incision][DEBUG] weave inject top/maplex/incisiontest/fixture/ComplexOpcodeFixture.arrays()I kinds=[LEAD] static=false
[15:29:30] [Server thread/INFO]: [DEBUG] [Incision][DEBUG] weave inject top/maplex/incisiontest/fixture/ComplexOpcodeFixture.loadStrings()Ljava/lang/String; kinds=[LEAD] static=false
[15:29:30] [Server thread/INFO]: [DEBUG] [Incision][DEBUG] weave inject top/maplex/incisiontest/fixture/ComplexOpcodeFixture.touchFields()I kinds=[LEAD] static=false
[15:29:30] [Server thread/INFO]: [DEBUG] [Incision][DEBUG] weave inject top/maplex/incisiontest/fixture/ComplexOpcodeFixture.buildBuffer()Ljava/lang/String; kinds=[LEAD] static=false
[15:29:30] [Server thread/INFO]: [DEBUG] [Incision][DEBUG] weave inject top/maplex/incisiontest/fixture/ComplexOpcodeFixture.densePattern()I kinds=[LEAD] static=false
[15:29:30] [Server thread/INFO]: [DEBUG] [Incision][DEBUG] weave inject top/maplex/incisiontest/fixture/ComplexOpcodeFixture.staticCalls()I kinds=[LEAD] static=false
[15:29:30] [Server thread/INFO]: [DEBUG] [Incision][DEBUG] weave inject top/maplex/incisiontest/fixture/ComplexOpcodeFixture.chainInvoke()I kinds=[GRAFT] static=false
[15:29:30] [Server thread/INFO]: [DEBUG] [Incision][DEBUG] weave inject top/maplex/incisiontest/fixture/ComplexOpcodeFixture.multiFieldPut()I kinds=[LEAD] static=false
[15:29:30] [Server thread/INFO]: [DEBUG] [Incision][DEBUG] weave inject top/maplex/incisiontest/fixture/ComplexOpcodeFixture.interfaceCall(Ljava/util/List;)I kinds=[LEAD] static=false
[15:29:30] [Server thread/INFO]: [DEBUG] [Incision][DEBUG] weave inject top/maplex/incisiontest/fixture/ComplexOpcodeFixture.emptyBody()V kinds=[LEAD] static=false
[15:29:30] [Server thread/INFO]: [DEBUG] [Incision][DEBUG] weave inject top/maplex/incisiontest/fixture/ComplexOpcodeFixture.throwIt()Ljava/lang/String; kinds=[LEAD] static=false
[15:29:30] [Server thread/INFO]: [DEBUG] [Incision][DEBUG] weave inject top/maplex/incisiontest/fixture/ComplexOpcodeFixture.arithmetic(I)I kinds=[LEAD] static=false
[15:29:30] [Server thread/INFO]: [DEBUG] [Incision][DEBUG] weave inject top/maplex/incisiontest/fixture/PerformanceFixture.probe(I)I kinds=[LEAD] static=false
[15:29:30] [Server thread/INFO]: [DEBUG] [Incision][DEBUG] weave inject top/maplex/incisiontest/fixture/PerformanceFixture.lead(I)I kinds=[LEAD] static=false
[15:29:30] [Server thread/INFO]: [DEBUG] [Incision][DEBUG] weave inject top/maplex/incisiontest/fixture/PerformanceFixture.leadTrail(I)I kinds=[LEAD, TRAIL] static=false
[15:29:30] [Server thread/INFO]: [DEBUG] [Incision][DEBUG] weave inject ink/ptms/adyeshach/impl/DefaultAdyeshachAPI.getMinecraftAPI()Link/ptms/adyeshach/core/AdyeshachMinecraftAPI; kinds=[TRAIL] static=false
[15:29:30] [Server thread/INFO]: [DEBUG] [Incision][DEBUG] weave inject top/maplex/incisiontest/fixture/PerformanceFixture.probe(I)I kinds=[LEAD] static=false
[15:29:30] [Server thread/INFO]: [DEBUG] [Incision][DEBUG] weave inject top/maplex/incisiontest/fixture/PerformanceFixture.lead(I)I kinds=[LEAD] static=false
[15:29:30] [Server thread/INFO]: [DEBUG] [Incision][DEBUG] weave inject top/maplex/incisiontest/fixture/PerformanceFixture.leadTrail(I)I kinds=[LEAD] static=false
[15:29:30] [Server thread/INFO]: [DEBUG] [Incision][DEBUG] weave inject top/maplex/incisiontest/fixture/ComplexOpcodeFixture.typeCheck(Ljava/lang/Object;)I kinds=[LEAD] static=false
[15:29:30] [Server thread/INFO]: [DEBUG] [Incision][DEBUG] weave inject top/maplex/incisiontest/fixture/ComplexOpcodeFixture.branch(Z)I kinds=[LEAD] static=false
[15:29:30] [Server thread/INFO]: [DEBUG] [Incision][DEBUG] weave inject top/maplex/incisiontest/fixture/ComplexOpcodeFixture.arrays()I kinds=[LEAD] static=false
[15:29:30] [Server thread/INFO]: [DEBUG] [Incision][DEBUG] weave inject top/maplex/incisiontest/fixture/ComplexOpcodeFixture.loadStrings()Ljava/lang/String; kinds=[LEAD] static=false
[15:29:30] [Server thread/INFO]: [DEBUG] [Incision][DEBUG] weave inject top/maplex/incisiontest/fixture/ComplexOpcodeFixture.touchFields()I kinds=[LEAD] static=false
[15:29:30] [Server thread/INFO]: [DEBUG] [Incision][DEBUG] weave inject top/maplex/incisiontest/fixture/ComplexOpcodeFixture.buildBuffer()Ljava/lang/String; kinds=[LEAD] static=false
[15:29:30] [Server thread/INFO]: [DEBUG] [Incision][DEBUG] weave inject top/maplex/incisiontest/fixture/ComplexOpcodeFixture.densePattern()I kinds=[LEAD] static=false
[15:29:30] [Server thread/INFO]: [DEBUG] [Incision][DEBUG] weave inject top/maplex/incisiontest/fixture/ComplexOpcodeFixture.staticCalls()I kinds=[LEAD] static=false
[15:29:30] [Server thread/INFO]: [DEBUG] [Incision][DEBUG] weave inject top/maplex/incisiontest/fixture/ComplexOpcodeFixture.chainInvoke()I kinds=[GRAFT] static=false
[15:29:30] [Server thread/INFO]: [DEBUG] [Incision][DEBUG] weave inject top/maplex/incisiontest/fixture/ComplexOpcodeFixture.multiFieldPut()I kinds=[LEAD] static=false
[15:29:30] [Server thread/INFO]: [DEBUG] [Incision][DEBUG] weave inject top/maplex/incisiontest/fixture/ComplexOpcodeFixture.interfaceCall(Ljava/util/List;)I kinds=[LEAD] static=false
[15:29:30] [Server thread/INFO]: [DEBUG] [Incision][DEBUG] weave inject top/maplex/incisiontest/fixture/ComplexOpcodeFixture.emptyBody()V kinds=[LEAD] static=false
[15:29:30] [Server thread/INFO]: [DEBUG] [Incision][DEBUG] weave inject top/maplex/incisiontest/fixture/ComplexOpcodeFixture.throwIt()Ljava/lang/String; kinds=[LEAD] static=false
[15:29:30] [Server thread/INFO]: [DEBUG] [Incision][DEBUG] weave inject top/maplex/incisiontest/fixture/ComplexOpcodeFixture.arithmetic(I)I kinds=[LEAD] static=false
[15:29:30] [Server thread/INFO]: [DEBUG] [Incision][DEBUG] weave inject top/maplex/incisiontest/fixture/ComplexOpcodeFixture.typeCheck(Ljava/lang/Object;)I kinds=[LEAD] static=false
[15:29:30] [Server thread/INFO]: [DEBUG] [Incision][DEBUG] weave inject top/maplex/incisiontest/fixture/ComplexOpcodeFixture.branch(Z)I kinds=[LEAD] static=false
[15:29:30] [Server thread/INFO]: [DEBUG] [Incision][DEBUG] weave inject top/maplex/incisiontest/fixture/ComplexOpcodeFixture.arrays()I kinds=[LEAD] static=false
[15:29:30] [Server thread/INFO]: [DEBUG] [Incision][DEBUG] weave inject top/maplex/incisiontest/fixture/ComplexOpcodeFixture.loadStrings()Ljava/lang/String; kinds=[LEAD] static=false
[15:29:30] [Server thread/INFO]: [DEBUG] [Incision][DEBUG] weave inject top/maplex/incisiontest/fixture/ComplexOpcodeFixture.touchFields()I kinds=[LEAD] static=false
[15:29:30] [Server thread/INFO]: [DEBUG] [Incision][DEBUG] weave inject top/maplex/incisiontest/fixture/ComplexOpcodeFixture.buildBuffer()Ljava/lang/String; kinds=[LEAD] static=false
[15:29:30] [Server thread/INFO]: [DEBUG] [Incision][DEBUG] weave inject top/maplex/incisiontest/fixture/ComplexOpcodeFixture.densePattern()I kinds=[LEAD] static=false
[15:29:30] [Server thread/INFO]: [DEBUG] [Incision][DEBUG] weave inject top/maplex/incisiontest/fixture/ComplexOpcodeFixture.staticCalls()I kinds=[LEAD] static=false
[15:29:30] [Server thread/INFO]: [DEBUG] [Incision][DEBUG] weave inject top/maplex/incisiontest/fixture/ComplexOpcodeFixture.chainInvoke()I kinds=[GRAFT] static=false
[15:29:30] [Server thread/INFO]: [DEBUG] [Incision][DEBUG] weave inject top/maplex/incisiontest/fixture/ComplexOpcodeFixture.multiFieldPut()I kinds=[LEAD] static=false
[15:29:30] [Server thread/INFO]: [DEBUG] [Incision][DEBUG] weave inject top/maplex/incisiontest/fixture/ComplexOpcodeFixture.interfaceCall(Ljava/util/List;)I kinds=[LEAD] static=false
[15:29:30] [Server thread/INFO]: [DEBUG] [Incision][DEBUG] weave inject top/maplex/incisiontest/fixture/ComplexOpcodeFixture.emptyBody()V kinds=[LEAD] static=false
[15:29:30] [Server thread/INFO]: [DEBUG] [Incision][DEBUG] weave inject top/maplex/incisiontest/fixture/ComplexOpcodeFixture.arithmetic(I)I kinds=[LEAD] static=false
[15:29:30] [Server thread/INFO]: [DEBUG] [Incision][DEBUG] weave inject top/maplex/incisiontest/fixture/ComplexOpcodeFixture.typeCheck(Ljava/lang/Object;)I kinds=[LEAD] static=false
[15:29:30] [Server thread/INFO]: [DEBUG] [Incision][DEBUG] weave inject top/maplex/incisiontest/fixture/ComplexOpcodeFixture.branch(Z)I kinds=[LEAD] static=false
[15:29:30] [Server thread/INFO]: [DEBUG] [Incision][DEBUG] weave inject top/maplex/incisiontest/fixture/ComplexOpcodeFixture.arrays()I kinds=[LEAD] static=false
[15:29:30] [Server thread/INFO]: [DEBUG] [Incision][DEBUG] weave inject top/maplex/incisiontest/fixture/ComplexOpcodeFixture.loadStrings()Ljava/lang/String; kinds=[LEAD] static=false
[15:29:30] [Server thread/INFO]: [DEBUG] [Incision][DEBUG] weave inject top/maplex/incisiontest/fixture/ComplexOpcodeFixture.touchFields()I kinds=[LEAD] static=false
[15:29:30] [Server thread/INFO]: [DEBUG] [Incision][DEBUG] weave inject top/maplex/incisiontest/fixture/ComplexOpcodeFixture.buildBuffer()Ljava/lang/String; kinds=[LEAD] static=false
[15:29:30] [Server thread/INFO]: [DEBUG] [Incision][DEBUG] weave inject top/maplex/incisiontest/fixture/ComplexOpcodeFixture.densePattern()I kinds=[LEAD] static=false
[15:29:30] [Server thread/INFO]: [DEBUG] [Incision][DEBUG] weave inject top/maplex/incisiontest/fixture/ComplexOpcodeFixture.staticCalls()I kinds=[LEAD] static=false
[15:29:30] [Server thread/INFO]: [DEBUG] [Incision][DEBUG] weave inject top/maplex/incisiontest/fixture/ComplexOpcodeFixture.chainInvoke()I kinds=[GRAFT] static=false
[15:29:30] [Server thread/INFO]: [DEBUG] [Incision][DEBUG] weave inject top/maplex/incisiontest/fixture/ComplexOpcodeFixture.multiFieldPut()I kinds=[LEAD] static=false
[15:29:30] [Server thread/INFO]: [DEBUG] [Incision][DEBUG] weave inject top/maplex/incisiontest/fixture/ComplexOpcodeFixture.emptyBody()V kinds=[LEAD] static=false
[15:29:30] [Server thread/INFO]: [DEBUG] [Incision][DEBUG] weave inject top/maplex/incisiontest/fixture/ComplexOpcodeFixture.arithmetic(I)I kinds=[LEAD] static=false
[15:29:30] [Server thread/INFO]: [DEBUG] [Incision][DEBUG] weave inject top/maplex/incisiontest/fixture/ComplexOpcodeFixture.typeCheck(Ljava/lang/Object;)I kinds=[LEAD] static=false
[15:29:30] [Server thread/INFO]: [DEBUG] [Incision][DEBUG] weave inject top/maplex/incisiontest/fixture/ComplexOpcodeFixture.branch(Z)I kinds=[LEAD] static=false
[15:29:30] [Server thread/INFO]: [DEBUG] [Incision][DEBUG] weave inject top/maplex/incisiontest/fixture/ComplexOpcodeFixture.arrays()I kinds=[LEAD] static=false
[15:29:30] [Server thread/INFO]: [DEBUG] [Incision][DEBUG] weave inject top/maplex/incisiontest/fixture/ComplexOpcodeFixture.loadStrings()Ljava/lang/String; kinds=[LEAD] static=false
[15:29:30] [Server thread/INFO]: [DEBUG] [Incision][DEBUG] weave inject top/maplex/incisiontest/fixture/ComplexOpcodeFixture.touchFields()I kinds=[LEAD] static=false
[15:29:30] [Server thread/INFO]: [DEBUG] [Incision][DEBUG] weave inject top/maplex/incisiontest/fixture/ComplexOpcodeFixture.buildBuffer()Ljava/lang/String; kinds=[LEAD] static=false
[15:29:30] [Server thread/INFO]: [DEBUG] [Incision][DEBUG] weave inject top/maplex/incisiontest/fixture/ComplexOpcodeFixture.densePattern()I kinds=[LEAD] static=false
[15:29:30] [Server thread/INFO]: [DEBUG] [Incision][DEBUG] weave inject top/maplex/incisiontest/fixture/ComplexOpcodeFixture.staticCalls()I kinds=[LEAD] static=false
[15:29:30] [Server thread/INFO]: [DEBUG] [Incision][DEBUG] weave inject top/maplex/incisiontest/fixture/ComplexOpcodeFixture.chainInvoke()I kinds=[GRAFT] static=false
[15:29:30] [Server thread/INFO]: [DEBUG] [Incision][DEBUG] weave inject top/maplex/incisiontest/fixture/ComplexOpcodeFixture.multiFieldPut()I kinds=[LEAD] static=false
[15:29:30] [Server thread/INFO]: [DEBUG] [Incision][DEBUG] weave inject top/maplex/incisiontest/fixture/ComplexOpcodeFixture.arithmetic(I)I kinds=[LEAD] static=false
[15:29:30] [Server thread/INFO]: [DEBUG] [Incision][DEBUG] weave inject top/maplex/incisiontest/fixture/PerformanceFixture.lead(I)I kinds=[LEAD] static=false
[15:29:30] [Server thread/INFO]: [DEBUG] [Incision][DEBUG] weave inject top/maplex/incisiontest/fixture/PerformanceFixture.leadTrail(I)I kinds=[LEAD] static=false
[15:29:30] [Server thread/INFO]: [DEBUG] [Incision][DEBUG] weave inject net/minecraft/server/MinecraftServer.getPlayerCount()I kinds=[LEAD] static=false
[15:29:30] [Server thread/INFO]: [DEBUG] [Incision][DEBUG] weave inject top/maplex/incisiontest/fixture/ComplexOpcodeFixture.typeCheck(Ljava/lang/Object;)I kinds=[LEAD] static=false
[15:29:30] [Server thread/INFO]: [DEBUG] [Incision][DEBUG] weave inject top/maplex/incisiontest/fixture/ComplexOpcodeFixture.branch(Z)I kinds=[LEAD] static=false
[15:29:30] [Server thread/INFO]: [DEBUG] [Incision][DEBUG] weave inject top/maplex/incisiontest/fixture/ComplexOpcodeFixture.arrays()I kinds=[LEAD] static=false
[15:29:30] [Server thread/INFO]: [DEBUG] [Incision][DEBUG] weave inject top/maplex/incisiontest/fixture/ComplexOpcodeFixture.loadStrings()Ljava/lang/String; kinds=[LEAD] static=false
[15:29:30] [Server thread/INFO]: [DEBUG] [Incision][DEBUG] weave inject top/maplex/incisiontest/fixture/ComplexOpcodeFixture.touchFields()I kinds=[LEAD] static=false
[15:29:30] [Server thread/INFO]: [DEBUG] [Incision][DEBUG] weave inject top/maplex/incisiontest/fixture/ComplexOpcodeFixture.buildBuffer()Ljava/lang/String; kinds=[LEAD] static=false
[15:29:30] [Server thread/INFO]: [DEBUG] [Incision][DEBUG] weave inject top/maplex/incisiontest/fixture/ComplexOpcodeFixture.staticCalls()I kinds=[LEAD] static=false
[15:29:30] [Server thread/INFO]: [DEBUG] [Incision][DEBUG] weave inject top/maplex/incisiontest/fixture/ComplexOpcodeFixture.chainInvoke()I kinds=[GRAFT] static=false
[15:29:30] [Server thread/INFO]: [DEBUG] [Incision][DEBUG] weave inject top/maplex/incisiontest/fixture/ComplexOpcodeFixture.multiFieldPut()I kinds=[LEAD] static=false
[15:29:30] [Server thread/INFO]: [DEBUG] [Incision][DEBUG] weave inject top/maplex/incisiontest/fixture/ComplexOpcodeFixture.arithmetic(I)I kinds=[LEAD] static=false
[15:29:30] [Server thread/INFO]: [DEBUG] [Incision][DEBUG] weave inject top/maplex/incisiontest/fixture/ComplexOpcodeFixture.typeCheck(Ljava/lang/Object;)I kinds=[LEAD] static=false
[15:29:30] [Server thread/INFO]: [DEBUG] [Incision][DEBUG] weave inject top/maplex/incisiontest/fixture/ComplexOpcodeFixture.branch(Z)I kinds=[LEAD] static=false
[15:29:30] [Server thread/INFO]: [DEBUG] [Incision][DEBUG] weave inject top/maplex/incisiontest/fixture/ComplexOpcodeFixture.arrays()I kinds=[LEAD] static=false
[15:29:30] [Server thread/INFO]: [DEBUG] [Incision][DEBUG] weave inject top/maplex/incisiontest/fixture/ComplexOpcodeFixture.loadStrings()Ljava/lang/String; kinds=[LEAD] static=false
[15:29:30] [Server thread/INFO]: [DEBUG] [Incision][DEBUG] weave inject top/maplex/incisiontest/fixture/ComplexOpcodeFixture.touchFields()I kinds=[LEAD] static=false
[15:29:30] [Server thread/INFO]: [DEBUG] [Incision][DEBUG] weave inject top/maplex/incisiontest/fixture/ComplexOpcodeFixture.buildBuffer()Ljava/lang/String; kinds=[LEAD] static=false
[15:29:30] [Server thread/INFO]: [DEBUG] [Incision][DEBUG] weave inject top/maplex/incisiontest/fixture/ComplexOpcodeFixture.staticCalls()I kinds=[LEAD] static=false
[15:29:30] [Server thread/INFO]: [DEBUG] [Incision][DEBUG] weave inject top/maplex/incisiontest/fixture/ComplexOpcodeFixture.chainInvoke()I kinds=[GRAFT] static=false
[15:29:30] [Server thread/INFO]: [DEBUG] [Incision][DEBUG] weave inject top/maplex/incisiontest/fixture/ComplexOpcodeFixture.multiFieldPut()I kinds=[LEAD] static=false
[15:29:30] [Server thread/INFO]: [DEBUG] [Incision][DEBUG] weave inject top/maplex/incisiontest/fixture/ComplexOpcodeFixture.arithmetic(I)I kinds=[LEAD] static=false
[15:29:30] [Server thread/INFO]: [DEBUG] [Incision][DEBUG] weave inject top/maplex/incisiontest/fixture/PerformanceFixture.leadTrail(I)I kinds=[LEAD] static=false
[15:29:30] [Server thread/INFO]: [Incision] AutoHeal: classLoader=org.bukkit.plugin.java.PluginClassLoader@7841969e removed=292 advice
[15:29:30] [Server thread/INFO]: [DEBUG] [Incision][DEBUG] weave inject top/maplex/incisiontest/fixture/ComplexOpcodeFixture.typeCheck(Ljava/lang/Object;)I kinds=[LEAD] static=false
[15:29:30] [Server thread/INFO]: [DEBUG] [Incision][DEBUG] weave inject top/maplex/incisiontest/fixture/ComplexOpcodeFixture.branch(Z)I kinds=[LEAD] static=false
[15:29:30] [Server thread/INFO]: [DEBUG] [Incision][DEBUG] weave inject top/maplex/incisiontest/fixture/ComplexOpcodeFixture.arrays()I kinds=[LEAD] static=false
[15:29:30] [Server thread/INFO]: [DEBUG] [Incision][DEBUG] weave inject top/maplex/incisiontest/fixture/ComplexOpcodeFixture.loadStrings()Ljava/lang/String; kinds=[LEAD] static=false
[15:29:30] [Server thread/INFO]: [DEBUG] [Incision][DEBUG] weave inject top/maplex/incisiontest/fixture/ComplexOpcodeFixture.touchFields()I kinds=[LEAD] static=false
[15:29:30] [Server thread/INFO]: [DEBUG] [Incision][DEBUG] weave inject top/maplex/incisiontest/fixture/ComplexOpcodeFixture.buildBuffer()Ljava/lang/String; kinds=[LEAD] static=false
[15:29:30] [Server thread/INFO]: [DEBUG] [Incision][DEBUG] weave inject top/maplex/incisiontest/fixture/ComplexOpcodeFixture.staticCalls()I kinds=[LEAD] static=false
[15:29:30] [Server thread/INFO]: [DEBUG] [Incision][DEBUG] weave inject top/maplex/incisiontest/fixture/ComplexOpcodeFixture.chainInvoke()I kinds=[GRAFT] static=false
[15:29:30] [Server thread/INFO]: [DEBUG] [Incision][DEBUG] weave inject top/maplex/incisiontest/fixture/ComplexOpcodeFixture.multiFieldPut()I kinds=[LEAD] static=false
[15:29:30] [Server thread/INFO]: [DEBUG] [Incision][DEBUG] weave inject top/maplex/incisiontest/fixture/ComplexOpcodeFixture.arithmetic(I)I kinds=[LEAD] static=false
[15:29:30] [Server thread/INFO]: [DEBUG] [Incision][DEBUG] weave inject top/maplex/incisiontest/fixture/ComplexOpcodeFixture.typeCheck(Ljava/lang/Object;)I kinds=[LEAD] static=false
[15:29:30] [Server thread/INFO]: [DEBUG] [Incision][DEBUG] weave inject top/maplex/incisiontest/fixture/ComplexOpcodeFixture.branch(Z)I kinds=[LEAD] static=false
[15:29:30] [Server thread/INFO]: [DEBUG] [Incision][DEBUG] weave inject top/maplex/incisiontest/fixture/ComplexOpcodeFixture.arrays()I kinds=[LEAD] static=false
[15:29:30] [Server thread/INFO]: [DEBUG] [Incision][DEBUG] weave inject top/maplex/incisiontest/fixture/ComplexOpcodeFixture.loadStrings()Ljava/lang/String; kinds=[LEAD] static=false
[15:29:30] [Server thread/INFO]: [DEBUG] [Incision][DEBUG] weave inject top/maplex/incisiontest/fixture/ComplexOpcodeFixture.touchFields()I kinds=[LEAD] static=false
[15:29:30] [Server thread/INFO]: [DEBUG] [Incision][DEBUG] weave inject top/maplex/incisiontest/fixture/ComplexOpcodeFixture.buildBuffer()Ljava/lang/String; kinds=[LEAD] static=false
[15:29:30] [Server thread/INFO]: [DEBUG] [Incision][DEBUG] weave inject top/maplex/incisiontest/fixture/ComplexOpcodeFixture.staticCalls()I kinds=[LEAD] static=false
[15:29:30] [Server thread/INFO]: [DEBUG] [Incision][DEBUG] weave inject top/maplex/incisiontest/fixture/ComplexOpcodeFixture.chainInvoke()I kinds=[GRAFT] static=false
[15:29:30] [Server thread/INFO]: [DEBUG] [Incision][DEBUG] weave inject top/maplex/incisiontest/fixture/ComplexOpcodeFixture.multiFieldPut()I kinds=[LEAD] static=false
[15:29:30] [Server thread/INFO]: [DEBUG] [Incision][DEBUG] weave inject top/maplex/incisiontest/fixture/ComplexOpcodeFixture.arithmetic(I)I kinds=[LEAD] static=false
[15:29:30] [Server thread/INFO]: [DEBUG] [Incision][DEBUG] weave inject top/maplex/incisiontest/fixture/ComplexOpcodeFixture.typeCheck(Ljava/lang/Object;)I kinds=[LEAD] static=false
[15:29:30] [Server thread/INFO]: [DEBUG] [Incision][DEBUG] weave inject top/maplex/incisiontest/fixture/ComplexOpcodeFixture.branch(Z)I kinds=[LEAD] static=false
[15:29:30] [Server thread/INFO]: [DEBUG] [Incision][DEBUG] weave inject top/maplex/incisiontest/fixture/ComplexOpcodeFixture.arrays()I kinds=[LEAD] static=false
[15:29:30] [Server thread/INFO]: [DEBUG] [Incision][DEBUG] weave inject top/maplex/incisiontest/fixture/ComplexOpcodeFixture.loadStrings()Ljava/lang/String; kinds=[LEAD] static=false
[15:29:30] [Server thread/INFO]: [DEBUG] [Incision][DEBUG] weave inject top/maplex/incisiontest/fixture/ComplexOpcodeFixture.touchFields()I kinds=[LEAD] static=false
[15:29:30] [Server thread/INFO]: [DEBUG] [Incision][DEBUG] weave inject top/maplex/incisiontest/fixture/ComplexOpcodeFixture.buildBuffer()Ljava/lang/String; kinds=[LEAD] static=false
[15:29:30] [Server thread/INFO]: [DEBUG] [Incision][DEBUG] weave inject top/maplex/incisiontest/fixture/ComplexOpcodeFixture.staticCalls()I kinds=[LEAD] static=false
[15:29:30] [Server thread/INFO]: [DEBUG] [Incision][DEBUG] weave inject top/maplex/incisiontest/fixture/ComplexOpcodeFixture.chainInvoke()I kinds=[GRAFT] static=false
[15:29:30] [Server thread/INFO]: [DEBUG] [Incision][DEBUG] weave inject top/maplex/incisiontest/fixture/ComplexOpcodeFixture.multiFieldPut()I kinds=[LEAD] static=false
[15:29:30] [Server thread/INFO]: [DEBUG] [Incision][DEBUG] weave inject top/maplex/incisiontest/fixture/ComplexOpcodeFixture.arithmetic(I)I kinds=[LEAD] static=false
[15:29:31] [Server thread/INFO]: [DEBUG] [Incision][DEBUG] weave inject top/maplex/incisiontest/fixture/ComplexOpcodeFixture.typeCheck(Ljava/lang/Object;)I kinds=[LEAD] static=false
[15:29:31] [Server thread/INFO]: [DEBUG] [Incision][DEBUG] weave inject top/maplex/incisiontest/fixture/ComplexOpcodeFixture.branch(Z)I kinds=[LEAD] static=false
[15:29:31] [Server thread/INFO]: [DEBUG] [Incision][DEBUG] weave inject top/maplex/incisiontest/fixture/ComplexOpcodeFixture.arrays()I kinds=[LEAD] static=false
[15:29:31] [Server thread/INFO]: [DEBUG] [Incision][DEBUG] weave inject top/maplex/incisiontest/fixture/ComplexOpcodeFixture.loadStrings()Ljava/lang/String; kinds=[LEAD] static=false
[15:29:31] [Server thread/INFO]: [DEBUG] [Incision][DEBUG] weave inject top/maplex/incisiontest/fixture/ComplexOpcodeFixture.touchFields()I kinds=[LEAD] static=false
[15:29:31] [Server thread/INFO]: [DEBUG] [Incision][DEBUG] weave inject top/maplex/incisiontest/fixture/ComplexOpcodeFixture.buildBuffer()Ljava/lang/String; kinds=[LEAD] static=false
[15:29:31] [Server thread/INFO]: [DEBUG] [Incision][DEBUG] weave inject top/maplex/incisiontest/fixture/ComplexOpcodeFixture.staticCalls()I kinds=[LEAD] static=false
[15:29:31] [Server thread/INFO]: [DEBUG] [Incision][DEBUG] weave inject top/maplex/incisiontest/fixture/ComplexOpcodeFixture.chainInvoke()I kinds=[GRAFT] static=false
[15:29:31] [Server thread/INFO]: [DEBUG] [Incision][DEBUG] weave inject top/maplex/incisiontest/fixture/ComplexOpcodeFixture.multiFieldPut()I kinds=[LEAD] static=false
[15:29:31] [Server thread/INFO]: [DEBUG] [Incision][DEBUG] weave inject top/maplex/incisiontest/fixture/ComplexOpcodeFixture.arithmetic(I)I kinds=[LEAD] static=false
[15:29:31] [Server thread/INFO]: [DEBUG] [Incision][DEBUG] weave inject top/maplex/incisiontest/fixture/ComplexOpcodeFixture.typeCheck(Ljava/lang/Object;)I kinds=[LEAD] static=false
[15:29:31] [Server thread/INFO]: [DEBUG] [Incision][DEBUG] weave inject top/maplex/incisiontest/fixture/ComplexOpcodeFixture.branch(Z)I kinds=[LEAD] static=false
[15:29:31] [Server thread/INFO]: [DEBUG] [Incision][DEBUG] weave inject top/maplex/incisiontest/fixture/ComplexOpcodeFixture.arrays()I kinds=[LEAD] static=false
[15:29:31] [Server thread/INFO]: [DEBUG] [Incision][DEBUG] weave inject top/maplex/incisiontest/fixture/ComplexOpcodeFixture.loadStrings()Ljava/lang/String; kinds=[LEAD] static=false
[15:29:31] [Server thread/INFO]: [DEBUG] [Incision][DEBUG] weave inject top/maplex/incisiontest/fixture/ComplexOpcodeFixture.touchFields()I kinds=[LEAD] static=false
[15:29:31] [Server thread/INFO]: [DEBUG] [Incision][DEBUG] weave inject top/maplex/incisiontest/fixture/ComplexOpcodeFixture.buildBuffer()Ljava/lang/String; kinds=[LEAD] static=false
[15:29:31] [Server thread/INFO]: [DEBUG] [Incision][DEBUG] weave inject top/maplex/incisiontest/fixture/ComplexOpcodeFixture.staticCalls()I kinds=[LEAD] static=false
[15:29:31] [Server thread/INFO]: [DEBUG] [Incision][DEBUG] weave inject top/maplex/incisiontest/fixture/ComplexOpcodeFixture.chainInvoke()I kinds=[GRAFT] static=false
[15:29:31] [Server thread/INFO]: [DEBUG] [Incision][DEBUG] weave inject top/maplex/incisiontest/fixture/ComplexOpcodeFixture.multiFieldPut()I kinds=[LEAD] static=false
[15:29:31] [Server thread/INFO]: [DEBUG] [Incision][DEBUG] weave inject top/maplex/incisiontest/fixture/ComplexOpcodeFixture.arithmetic(I)I kinds=[LEAD] static=false
[15:29:31] [Server thread/INFO]: [DEBUG] [Incision][DEBUG] weave inject top/maplex/incisiontest/fixture/ComplexOpcodeFixture.typeCheck(Ljava/lang/Object;)I kinds=[LEAD] static=false
[15:29:31] [Server thread/INFO]: [DEBUG] [Incision][DEBUG] weave inject top/maplex/incisiontest/fixture/ComplexOpcodeFixture.branch(Z)I kinds=[LEAD] static=false
[15:29:31] [Server thread/INFO]: [DEBUG] [Incision][DEBUG] weave inject top/maplex/incisiontest/fixture/ComplexOpcodeFixture.arrays()I kinds=[LEAD] static=false
[15:29:31] [Server thread/INFO]: [DEBUG] [Incision][DEBUG] weave inject top/maplex/incisiontest/fixture/ComplexOpcodeFixture.loadStrings()Ljava/lang/String; kinds=[LEAD] static=false
[15:29:31] [Server thread/INFO]: [DEBUG] [Incision][DEBUG] weave inject top/maplex/incisiontest/fixture/ComplexOpcodeFixture.touchFields()I kinds=[LEAD] static=false
[15:29:31] [Server thread/INFO]: [DEBUG] [Incision][DEBUG] weave inject top/maplex/incisiontest/fixture/ComplexOpcodeFixture.buildBuffer()Ljava/lang/String; kinds=[LEAD] static=false
[15:29:31] [Server thread/INFO]: [DEBUG] [Incision][DEBUG] weave inject top/maplex/incisiontest/fixture/ComplexOpcodeFixture.staticCalls()I kinds=[LEAD] static=false
[15:29:31] [Server thread/INFO]: [DEBUG] [Incision][DEBUG] weave inject top/maplex/incisiontest/fixture/ComplexOpcodeFixture.chainInvoke()I kinds=[GRAFT] static=false
[15:29:31] [Server thread/INFO]: [DEBUG] [Incision][DEBUG] weave inject top/maplex/incisiontest/fixture/ComplexOpcodeFixture.multiFieldPut()I kinds=[LEAD] static=false
[15:29:31] [Server thread/INFO]: [DEBUG] [Incision][DEBUG] weave inject top/maplex/incisiontest/fixture/ComplexOpcodeFixture.arithmetic(I)I kinds=[LEAD] static=false
[15:29:31] [Server thread/INFO]: [DEBUG] [Incision][DEBUG] weave inject ink/ptms/adyeshach/impl/nms/DefaultMinecraftHelper.literalChatBaseComponent(Ljava/lang/String;)Ljava/lang/Object; kinds=[SPLICE, LEAD] static=false
[15:29:31] [Server thread/INFO]: [DEBUG] [Incision][DEBUG] weave inject top/maplex/incisiontest/fixture/ComplexOpcodeFixture.branch(Z)I kinds=[LEAD] static=false
[15:29:31] [Server thread/INFO]: [DEBUG] [Incision][DEBUG] weave inject top/maplex/incisiontest/fixture/ComplexOpcodeFixture.arrays()I kinds=[LEAD] static=false
[15:29:31] [Server thread/INFO]: [DEBUG] [Incision][DEBUG] weave inject top/maplex/incisiontest/fixture/ComplexOpcodeFixture.loadStrings()Ljava/lang/String; kinds=[LEAD] static=false
[15:29:31] [Server thread/INFO]: [DEBUG] [Incision][DEBUG] weave inject top/maplex/incisiontest/fixture/ComplexOpcodeFixture.touchFields()I kinds=[LEAD] static=false
[15:29:31] [Server thread/INFO]: [DEBUG] [Incision][DEBUG] weave inject top/maplex/incisiontest/fixture/ComplexOpcodeFixture.buildBuffer()Ljava/lang/String; kinds=[LEAD] static=false
[15:29:31] [Server thread/INFO]: [DEBUG] [Incision][DEBUG] weave inject top/maplex/incisiontest/fixture/ComplexOpcodeFixture.staticCalls()I kinds=[LEAD] static=false
[15:29:31] [Server thread/INFO]: [DEBUG] [Incision][DEBUG] weave inject top/maplex/incisiontest/fixture/ComplexOpcodeFixture.chainInvoke()I kinds=[GRAFT] static=false
[15:29:31] [Server thread/INFO]: [DEBUG] [Incision][DEBUG] weave inject top/maplex/incisiontest/fixture/ComplexOpcodeFixture.multiFieldPut()I kinds=[LEAD] static=false
[15:29:31] [Server thread/INFO]: [DEBUG] [Incision][DEBUG] weave inject top/maplex/incisiontest/fixture/ComplexOpcodeFixture.arithmetic(I)I kinds=[LEAD] static=false
[15:29:31] [Server thread/INFO]: [DEBUG] [Incision][DEBUG] weave inject top/maplex/incisiontest/fixture/ComplexOpcodeFixture.branch(Z)I kinds=[LEAD] static=false
[15:29:31] [Server thread/INFO]: [DEBUG] [Incision][DEBUG] weave inject top/maplex/incisiontest/fixture/ComplexOpcodeFixture.arrays()I kinds=[LEAD] static=false
[15:29:31] [Server thread/INFO]: [DEBUG] [Incision][DEBUG] weave inject top/maplex/incisiontest/fixture/ComplexOpcodeFixture.loadStrings()Ljava/lang/String; kinds=[LEAD] static=false
[15:29:31] [Server thread/INFO]: [DEBUG] [Incision][DEBUG] weave inject top/maplex/incisiontest/fixture/ComplexOpcodeFixture.touchFields()I kinds=[LEAD] static=false
[15:29:31] [Server thread/INFO]: [DEBUG] [Incision][DEBUG] weave inject top/maplex/incisiontest/fixture/ComplexOpcodeFixture.buildBuffer()Ljava/lang/String; kinds=[LEAD] static=false
[15:29:31] [Server thread/INFO]: [DEBUG] [Incision][DEBUG] weave inject top/maplex/incisiontest/fixture/ComplexOpcodeFixture.staticCalls()I kinds=[LEAD] static=false
[15:29:31] [Server thread/INFO]: [DEBUG] [Incision][DEBUG] weave inject top/maplex/incisiontest/fixture/ComplexOpcodeFixture.chainInvoke()I kinds=[GRAFT] static=false
[15:29:31] [Server thread/INFO]: [DEBUG] [Incision][DEBUG] weave inject top/maplex/incisiontest/fixture/ComplexOpcodeFixture.multiFieldPut()I kinds=[LEAD] static=false
[15:29:31] [Server thread/INFO]: [DEBUG] [Incision][DEBUG] weave inject top/maplex/incisiontest/fixture/ComplexOpcodeFixture.arithmetic(I)I kinds=[LEAD] static=false
[15:29:31] [Server thread/INFO]: [DEBUG] [Incision][DEBUG] weave inject top/maplex/incisiontest/fixture/ComplexOpcodeFixture.branch(Z)I kinds=[LEAD] static=false
[15:29:31] [Server thread/INFO]: [DEBUG] [Incision][DEBUG] weave inject top/maplex/incisiontest/fixture/ComplexOpcodeFixture.arrays()I kinds=[LEAD] static=false
[15:29:31] [Server thread/INFO]: [DEBUG] [Incision][DEBUG] weave inject top/maplex/incisiontest/fixture/ComplexOpcodeFixture.loadStrings()Ljava/lang/String; kinds=[LEAD] static=false
[15:29:31] [Server thread/INFO]: [DEBUG] [Incision][DEBUG] weave inject top/maplex/incisiontest/fixture/ComplexOpcodeFixture.touchFields()I kinds=[LEAD] static=false
[15:29:31] [Server thread/INFO]: [DEBUG] [Incision][DEBUG] weave inject top/maplex/incisiontest/fixture/ComplexOpcodeFixture.buildBuffer()Ljava/lang/String; kinds=[LEAD] static=false
[15:29:31] [Server thread/INFO]: [DEBUG] [Incision][DEBUG] weave inject top/maplex/incisiontest/fixture/ComplexOpcodeFixture.staticCalls()I kinds=[LEAD] static=false
[15:29:31] [Server thread/INFO]: [DEBUG] [Incision][DEBUG] weave inject top/maplex/incisiontest/fixture/ComplexOpcodeFixture.chainInvoke()I kinds=[GRAFT] static=false
[15:29:31] [Server thread/INFO]: [DEBUG] [Incision][DEBUG] weave inject top/maplex/incisiontest/fixture/ComplexOpcodeFixture.multiFieldPut()I kinds=[LEAD] static=false
[15:29:31] [Server thread/INFO]: [DEBUG] [Incision][DEBUG] weave inject top/maplex/incisiontest/fixture/ComplexOpcodeFixture.arithmetic(I)I kinds=[LEAD] static=false
[15:29:31] [Server thread/INFO]: [DEBUG] [Incision][DEBUG] weave inject top/maplex/incisiontest/fixture/ComplexOpcodeFixture.branch(Z)I kinds=[LEAD] static=false
[15:29:31] [Server thread/INFO]: [DEBUG] [Incision][DEBUG] weave inject top/maplex/incisiontest/fixture/ComplexOpcodeFixture.arrays()I kinds=[LEAD] static=false
[15:29:31] [Server thread/INFO]: [DEBUG] [Incision][DEBUG] weave inject top/maplex/incisiontest/fixture/ComplexOpcodeFixture.loadStrings()Ljava/lang/String; kinds=[LEAD] static=false
[15:29:31] [Server thread/INFO]: [DEBUG] [Incision][DEBUG] weave inject top/maplex/incisiontest/fixture/ComplexOpcodeFixture.touchFields()I kinds=[LEAD] static=false
[15:29:31] [Server thread/INFO]: [DEBUG] [Incision][DEBUG] weave inject top/maplex/incisiontest/fixture/ComplexOpcodeFixture.buildBuffer()Ljava/lang/String; kinds=[LEAD] static=false
[15:29:31] [Server thread/INFO]: [DEBUG] [Incision][DEBUG] weave inject top/maplex/incisiontest/fixture/ComplexOpcodeFixture.chainInvoke()I kinds=[GRAFT] static=false
[15:29:31] [Server thread/INFO]: [DEBUG] [Incision][DEBUG] weave inject top/maplex/incisiontest/fixture/ComplexOpcodeFixture.multiFieldPut()I kinds=[LEAD] static=false
[15:29:31] [Server thread/INFO]: [DEBUG] [Incision][DEBUG] weave inject top/maplex/incisiontest/fixture/ComplexOpcodeFixture.arithmetic(I)I kinds=[LEAD] static=false
[15:29:31] [Server thread/INFO]: [DEBUG] [Incision][DEBUG] weave inject top/maplex/incisiontest/fixture/ComplexOpcodeFixture.branch(Z)I kinds=[LEAD] static=false
[15:29:31] [Server thread/INFO]: [DEBUG] [Incision][DEBUG] weave inject top/maplex/incisiontest/fixture/ComplexOpcodeFixture.arrays()I kinds=[LEAD] static=false
[15:29:31] [Server thread/INFO]: [DEBUG] [Incision][DEBUG] weave inject top/maplex/incisiontest/fixture/ComplexOpcodeFixture.loadStrings()Ljava/lang/String; kinds=[LEAD] static=false
[15:29:31] [Server thread/INFO]: [DEBUG] [Incision][DEBUG] weave inject top/maplex/incisiontest/fixture/ComplexOpcodeFixture.touchFields()I kinds=[LEAD] static=false
[15:29:31] [Server thread/INFO]: [DEBUG] [Incision][DEBUG] weave inject top/maplex/incisiontest/fixture/ComplexOpcodeFixture.buildBuffer()Ljava/lang/String; kinds=[LEAD] static=false
[15:29:31] [Server thread/INFO]: [DEBUG] [Incision][DEBUG] weave inject top/maplex/incisiontest/fixture/ComplexOpcodeFixture.chainInvoke()I kinds=[GRAFT] static=false
[15:29:31] [Server thread/INFO]: [DEBUG] [Incision][DEBUG] weave inject top/maplex/incisiontest/fixture/ComplexOpcodeFixture.multiFieldPut()I kinds=[LEAD] static=false
[15:29:31] [Server thread/INFO]: [DEBUG] [Incision][DEBUG] weave inject top/maplex/incisiontest/fixture/ComplexOpcodeFixture.arrays()I kinds=[LEAD] static=false
[15:29:31] [Server thread/INFO]: [DEBUG] [Incision][DEBUG] weave inject top/maplex/incisiontest/fixture/ComplexOpcodeFixture.loadStrings()Ljava/lang/String; kinds=[LEAD] static=false
[15:29:31] [Server thread/INFO]: [DEBUG] [Incision][DEBUG] weave inject top/maplex/incisiontest/fixture/ComplexOpcodeFixture.touchFields()I kinds=[LEAD] static=false
[15:29:31] [Server thread/INFO]: [DEBUG] [Incision][DEBUG] weave inject top/maplex/incisiontest/fixture/ComplexOpcodeFixture.buildBuffer()Ljava/lang/String; kinds=[LEAD] static=false
[15:29:31] [Server thread/INFO]: [DEBUG] [Incision][DEBUG] weave inject top/maplex/incisiontest/fixture/ComplexOpcodeFixture.chainInvoke()I kinds=[GRAFT] static=false
[15:29:31] [Server thread/INFO]: [DEBUG] [Incision][DEBUG] weave inject top/maplex/incisiontest/fixture/ComplexOpcodeFixture.multiFieldPut()I kinds=[LEAD] static=false
[15:29:31] [Server thread/INFO]: [DEBUG] [Incision][DEBUG] weave inject top/maplex/incisiontest/fixture/ComplexOpcodeFixture.arrays()I kinds=[LEAD] static=false
[15:29:31] [Server thread/INFO]: [DEBUG] [Incision][DEBUG] weave inject top/maplex/incisiontest/fixture/ComplexOpcodeFixture.touchFields()I kinds=[LEAD] static=false
[15:29:31] [Server thread/INFO]: [DEBUG] [Incision][DEBUG] weave inject top/maplex/incisiontest/fixture/ComplexOpcodeFixture.buildBuffer()Ljava/lang/String; kinds=[LEAD] static=false
[15:29:31] [Server thread/INFO]: [DEBUG] [Incision][DEBUG] weave inject top/maplex/incisiontest/fixture/ComplexOpcodeFixture.chainInvoke()I kinds=[GRAFT] static=false
[15:29:31] [Server thread/INFO]: [DEBUG] [Incision][DEBUG] weave inject top/maplex/incisiontest/fixture/ComplexOpcodeFixture.multiFieldPut()I kinds=[LEAD] static=false
[15:29:31] [Server thread/INFO]: [DEBUG] [Incision][DEBUG] weave inject top/maplex/incisiontest/fixture/ComplexOpcodeFixture.arrays()I kinds=[LEAD] static=false
[15:29:31] [Server thread/INFO]: [DEBUG] [Incision][DEBUG] weave inject top/maplex/incisiontest/fixture/ComplexOpcodeFixture.touchFields()I kinds=[LEAD] static=false
[15:29:31] [Server thread/INFO]: [DEBUG] [Incision][DEBUG] weave inject top/maplex/incisiontest/fixture/ComplexOpcodeFixture.buildBuffer()Ljava/lang/String; kinds=[LEAD] static=false
[15:29:31] [Server thread/INFO]: [DEBUG] [Incision][DEBUG] weave inject top/maplex/incisiontest/fixture/ComplexOpcodeFixture.chainInvoke()I kinds=[GRAFT] static=false
[15:29:31] [Server thread/INFO]: [DEBUG] [Incision][DEBUG] weave inject top/maplex/incisiontest/fixture/ComplexOpcodeFixture.multiFieldPut()I kinds=[LEAD] static=false
[15:29:31] [Server thread/INFO]: [DEBUG] [Incision][DEBUG] weave inject top/maplex/incisiontest/fixture/ComplexOpcodeFixture.arrays()I kinds=[LEAD] static=false
[15:29:31] [Server thread/INFO]: [DEBUG] [Incision][DEBUG] weave inject top/maplex/incisiontest/fixture/ComplexOpcodeFixture.touchFields()I kinds=[LEAD] static=false
[15:29:31] [Server thread/INFO]: [DEBUG] [Incision][DEBUG] weave inject top/maplex/incisiontest/fixture/ComplexOpcodeFixture.buildBuffer()Ljava/lang/String; kinds=[LEAD] static=false
[15:29:31] [Server thread/INFO]: [DEBUG] [Incision][DEBUG] weave inject top/maplex/incisiontest/fixture/ComplexOpcodeFixture.chainInvoke()I kinds=[GRAFT] static=false
[15:29:31] [Server thread/INFO]: [DEBUG] [Incision][DEBUG] weave inject top/maplex/incisiontest/fixture/ComplexOpcodeFixture.multiFieldPut()I kinds=[LEAD] static=false
[15:29:31] [Server thread/INFO]: [DEBUG] [Incision][DEBUG] weave inject ink/ptms/adyeshach/impl/nms/DefaultMinecraftHelper.literalChatBaseComponent(Ljava/lang/String;)Ljava/lang/Object; kinds=[LEAD] static=false
[15:29:31] [Server thread/INFO]: [DEBUG] [Incision][DEBUG] weave inject top/maplex/incisiontest/fixture/ComplexOpcodeFixture.arrays()I kinds=[LEAD] static=false
[15:29:31] [Server thread/INFO]: [DEBUG] [Incision][DEBUG] weave inject top/maplex/incisiontest/fixture/ComplexOpcodeFixture.touchFields()I kinds=[LEAD] static=false
[15:29:31] [Server thread/INFO]: [DEBUG] [Incision][DEBUG] weave inject top/maplex/incisiontest/fixture/ComplexOpcodeFixture.buildBuffer()Ljava/lang/String; kinds=[LEAD] static=false
[15:29:31] [Server thread/INFO]: [DEBUG] [Incision][DEBUG] weave inject top/maplex/incisiontest/fixture/ComplexOpcodeFixture.chainInvoke()I kinds=[GRAFT] static=false
[15:29:31] [Server thread/INFO]: [DEBUG] [Incision][DEBUG] weave inject top/maplex/incisiontest/fixture/ComplexOpcodeFixture.multiFieldPut()I kinds=[LEAD] static=false
[15:29:31] [Server thread/INFO]: [DEBUG] [Incision][DEBUG] weave inject top/maplex/incisiontest/fixture/ComplexOpcodeFixture.arrays()I kinds=[LEAD] static=false
[15:29:31] [Server thread/INFO]: [DEBUG] [Incision][DEBUG] weave inject top/maplex/incisiontest/fixture/ComplexOpcodeFixture.touchFields()I kinds=[LEAD] static=false
[15:29:31] [Server thread/INFO]: [DEBUG] [Incision][DEBUG] weave inject top/maplex/incisiontest/fixture/ComplexOpcodeFixture.buildBuffer()Ljava/lang/String; kinds=[LEAD] static=false
[15:29:31] [Server thread/INFO]: [DEBUG] [Incision][DEBUG] weave inject top/maplex/incisiontest/fixture/ComplexOpcodeFixture.chainInvoke()I kinds=[GRAFT] static=false
[15:29:31] [Server thread/INFO]: [DEBUG] [Incision][DEBUG] weave inject top/maplex/incisiontest/fixture/ComplexOpcodeFixture.multiFieldPut()I kinds=[LEAD] static=false
[15:29:31] [Server thread/INFO]: [DEBUG] [Incision][DEBUG] weave inject top/maplex/incisiontest/fixture/ComplexOpcodeFixture.arrays()I kinds=[LEAD] static=false
[15:29:31] [Server thread/INFO]: [DEBUG] [Incision][DEBUG] weave inject top/maplex/incisiontest/fixture/ComplexOpcodeFixture.touchFields()I kinds=[LEAD] static=false
[15:29:31] [Server thread/INFO]: [DEBUG] [Incision][DEBUG] weave inject top/maplex/incisiontest/fixture/ComplexOpcodeFixture.buildBuffer()Ljava/lang/String; kinds=[LEAD] static=false
[15:29:31] [Server thread/INFO]: [DEBUG] [Incision][DEBUG] weave inject top/maplex/incisiontest/fixture/ComplexOpcodeFixture.chainInvoke()I kinds=[GRAFT] static=false
[15:29:31] [Server thread/INFO]: [DEBUG] [Incision][DEBUG] weave inject top/maplex/incisiontest/fixture/ComplexOpcodeFixture.arrays()I kinds=[LEAD] static=false
[15:29:31] [Server thread/INFO]: [DEBUG] [Incision][DEBUG] weave inject top/maplex/incisiontest/fixture/ComplexOpcodeFixture.touchFields()I kinds=[LEAD] static=false
[15:29:31] [Server thread/INFO]: [DEBUG] [Incision][DEBUG] weave inject top/maplex/incisiontest/fixture/ComplexOpcodeFixture.buildBuffer()Ljava/lang/String; kinds=[LEAD] static=false
[15:29:31] [Server thread/INFO]: [DEBUG] [Incision][DEBUG] weave inject top/maplex/incisiontest/fixture/ComplexOpcodeFixture.arrays()I kinds=[LEAD] static=false
[15:29:31] [Server thread/INFO]: [DEBUG] [Incision][DEBUG] weave inject top/maplex/incisiontest/fixture/ComplexOpcodeFixture.touchFields()I kinds=[LEAD] static=false
[15:29:31] [Server thread/INFO]: [DEBUG] [Incision][DEBUG] weave inject top/maplex/incisiontest/fixture/ComplexOpcodeFixture.arrays()I kinds=[LEAD] static=false
[15:29:31] [Server thread/INFO]: [DEBUG] injectAll(DISABLE): 201 个类, 用时 2,066 毫秒
[15:29:31] [Server thread/INFO]: [DEBUG]   - ClassVisitorAwake: 2,066 毫秒
[15:29:31] [Server thread/INFO]: [DEBUG] 生命周期 "DISABLE" 用时 2,068 毫秒。
[15:29:31] [Server thread/INFO]: [Adyeshach] Disabling Adyeshach v2.1.30
[15:29:31] [Server thread/INFO]: Saving players
[15:29:31] [Server thread/INFO]: Saving worlds
[15:29:31] [Server thread/INFO]: Saving chunks for level 'ServerLevel[world]'/minecraft:overworld
[15:29:31] [Server thread/INFO]: Saving chunks for level 'ServerLevel[world_nether]'/minecraft:the_nether
[15:29:32] [Server thread/INFO]: Saving chunks for level 'ServerLevel[world_the_end]'/minecraft:the_end
[15:29:32] [Server thread/INFO]: ThreadedAnvilChunkStorage (world): All chunks are saved
[15:29:32] [Server thread/INFO]: ThreadedAnvilChunkStorage (DIM-1): All chunks are saved
[15:29:32] [Server thread/INFO]: ThreadedAnvilChunkStorage (DIM1): All chunks are saved
[15:29:32] [Server thread/INFO]: ThreadedAnvilChunkStorage: All dimensions are saved
